id,name,frequency_action_text,trigger_text,target_text,effect_text,source_id,source_page,needs_review
abominable,Abominable,Static,,,"The user's Base HP is increased by +5. Additionally, the user ignores the Recoil Keyword when attacking.",feb2016,3,False
absorb-force,Absorb Force,Scene - Free Action,,,The user takes damage as if the attack was resisted one step further.,edit,56,False
accelerate,Accelerate,Scene x2 - Free Action,,,"The user may use a damaging Move to which they add STAB as a Priority Move. If the Move hits, the user adds half their Speed Stat to the Damage Roll. If the Move already had Priority, the attack gains a +4 Bonus to Accuracy. Replaces: Maelstrom Pulse, Leaf Rush, & Gale Wings",sumo,6,False
adaptability,Adaptability,Static,,,The user gains a +1d10 Bonus to Damage Rolls with Moves with which they apply STAB.,feb2016,3,False
aerilate,Aerilate,At-Will - Free Action,The user uses a Normal-Type damaging Move,,The Move is changed to be Flying-Type.,core,311,False
aftermath,Aftermath,Scene - Free Action,The user becomes Fainted,,The user creates a Burst 1. Everything in the Burst loses three Ticks of Hit Points.,feb2016,3,False
air-lock,Air Lock,Scene - Free Action,,,The weather is set to normal as long as the Pokémon with Air Lock wants it to remain that way. The user may continue to sustain this effect as a Swift Action each round.,core,311,False
ambush,Ambush,Scene - Free Action,,,"The user may activate this Ability to use a Move with a Damage Base of 6 (before applying STAB or other modifiers) or lower as if it had the Priority keyword. If it hits, the target is Flinched and has a -2 penalty to Accuracy Rolls for 1 full round.",feb2016,3,False
analytic,Analytic,Static,,,"Whenever the user targets uses a damaging Move on a Pokémon or Trainer that has acted before it during Initiative this Round, that Move deals an additional +5 Damage.",core,311,False
anchored,Anchored,Static,,,"Dhelmise has an Anchor token on the field, which occupies one square as if it is Medium sized but is otherwise ignored for cover and targeting. Dhelmise cannot move or be moved more than 3 meters away from its Anchor, willingly or otherwise. The Anchor token itself cannot be pushed, pulled, or moved against Dhelmise's will in any way. Dhelmise may shift their Anchor Token as a Swift Action, moving it to any open space within 3 meters of itself.",sumo,1,False
anger-point,Anger Point,At-Will - Free Action,,,"When the Pokémon receives a Critical Hit, they become Enraged and gain +6 Attack Combat Stages.",core,311,False
anticipation,Anticipation,At-Will - Swift Action,,Pokémon or Trainers,"The target reveals if they have any Moves that are Super-Effective against the Pokémon with Anticipation. You may not target a Pokémon or Trainer more than once per encounter with Anticipation. Anticipation only reveals whether the opponent does or does not have those moves, not the specific moves themselves.",core,311,False
aqua-boost,Aqua Boost,At-Will - Free Action,An adjacent Ally uses a damaging Water-Type Move,,The allied target gains a +5 Bonus to its damage roll with the triggering Move. A target may not benefit from more than one instance of Aqua Boost at a time.,core,311,False
aqua-bullet,Aqua Bullet,Static,,,"Connection - Aqua Jet. The user may use Water- Type Moves as a Full Action to gain Sky 10 and shift in a straight line before attempting to use their Move. When shifting this way, the user does not provoke attacks of opportunity.",feb2016,12,False
arena-trap,Arena Trap,Scene - Free Action,,Pokémon or Trainers,"Once Arena Trap is activated, all foes within 5 meters of the user are considered Slowed and Trapped. This does not affect targets of the Flying Type, or with a Levitate, Sky, or Burrow Speed of 4 or higher. The user may end the effect as a Free Action, and the effect ends if the user is Fainted or returned to a Poké Ball.",feb2016,3,False
aroma-veil,Aroma Veil,Static,,,"The user and all adjacent Pokémon and Trainers cannot become Confused, Enraged, or Suppressed. Defensive.",feb2016,3,False
aura-break,Aura Break,Scene - Swift Action,,A foe within 6 meters,The foe reveals its abilities. Pick one ability; any Damage Bonuses (either Damage Base increases or Damage Roll bonuses) granted by the ability instead become Damage Penalties of the same value.,feb2016,3,False
aura-storm,Aura Storm,Static,,,"For each injury the user has, they gain a +3 Bonus to Damage Rolls.",feb2016,3,False
bad-dreams,Bad Dreams,At-Will - Swift Action,,,"All Sleeping targets within 5 meters lose a Tick of Hit Points. If at least one target lost Hit Points this way, the user gains a tick of Temporary Hit Points.",feb2016,3,False
ball-fetch,Ball Fetch,"Scene - Free Action, Reaction",A Pokémon is Released onto the battlefield,,The user may move up to their speed as a Free Action. They must end this movement closer to the triggering Pokémon.,new,1,False
battery,Battery,Scene x2 - Swift Action,,An Adjacent Ally,"The target's next Special Attack deals +2d6+4 damage. If that attack is Electric-Typed, it deals +3d6+6 more damage instead.",sumo,1,False
battle-armor,Battle Armor,Static,,,The user is immune to Critical Hits; they are instead normal hits. Defensive.,core,312,False
beam-cannon,Beam Cannon,Static,,,"The Effect Range and Critical Hit Range of the user's Ranged, 1-Target Moves are increased by 3.",core,312,False
beast-boost,Beast Boost,At-Will - Free Action,The user's Damaging Attack causes an opponent to Faint,,The user receives +1 Combat Stage in their highest non-HP stat.,sumo,1,False
beautiful,Beautiful,Scene - Standard Action,,,"The user may activate Beautiful to either gain +2 Beauty Dice in a Contest, or to gain +1 Special Attack Combat Stage and cure all allies within 5 meters of the Enraged Condition.",feb2016,3,False
berry-storage,Berry Storage,Daily - Extended Action,The user eats a Berry,,The user gains 3 instances of the Berry's Digestion Buff instead of 1. It may only trade in one of these Digestion Buffs each Scene. Neither storing nor trading in these Digestion Buffs counts against the user's normal limits. All Digestion Buffs gained from Berry Storage are lost after an Extended Rest.,core,312,False
berserk,Berserk,At-Will - Free Action,"The user's drops to half HP or below for the first time in an encounter, or becomes Enraged",,The user receives +1 Special Attack Combat Stage.,sumo,1,False
big-pecks,Big Pecks,Static,,,The user cannot have its Defense Stat lowered. The user cannot have its Defense Combat Stages lowered. Defensive.,core,312,False
big-swallow,Big Swallow,Static,,,"Connection - Stockpile. Whenever the user uses Swallow or Spit Up, it may treat the Stockpile Count as if it was one higher. This Ability has no effect if the Stockpile Counter is already 3.",core,312,False
blaze,Blaze,Static,,,The user gains Last Chance with Fire.,core,312,False
blessed-touch,Blessed Touch,Daily x2 - Standard Action,,,An adjacent Pokémon or Trainer gains Hit Points equal to 1/4th of its maximum Hit Points.,core,312,False
blow-away,Blow Away,Static,,,"Connection - Whirlwind. When the user uses Whirlwind, all targets hit are pushed an additional 2 meters and lose a Tick of Hit Points.",feb2016,3,False
blur,Blur,Static,,,"Attacks and Moves targeting you that don't require an Accuracy Check now require one, as though they had an Accuracy Check of 2. You may only apply half of your Evasion to these Attacks and Moves. Defensive.",core,312,False
bodyguard,Bodyguard,Scene x2 - Free Action,An adjacent Ally is hit by an attack,,"The user and the triggering Ally switch places, and the user becomes the target of the triggering attack instead, taking damage from the attack as if resisted one step further. If switching places would not move the triggering Ally out of the area-of-effect of a Burst, Blast, Cone, or Line, this Ability does not prevent the ally from being hit. Defensive.",feb2016,3,False
bone-lord,Bone Lord,At-Will - Free Action,"You hit with Bone Club, Bonemerang, or Bone Rush",,"Connection - Bonemerang. Once per Scene per Move, the following Moves may be used as if they had the following bonuses: - Bone Club: Bone Club's target loses 1 Defense and Special Attack CS. - Bonemerang: Has a Range of Line 6 but loses the Double Strike keyword - Bone Rush: Bone Rush automatically ‘hits' four times (as per the Five Strike keyword).",feb2016,3,False
bone-wielder,Bone Wielder,Static,,,"The user's Bone Club, Bonemerang, and Bone Rush Moves ignore immunity against Ground-Type Moves.",feb2016,4,False
brimstone,Brimstone,Static,,,"Whenever the user inflicts Burn or Poison with a damaging Fire-Type or Poison-Type Attack, the target becomes both Burned and Poisoned.",feb2016,4,False
bulletproof,Bulletproof,Static,,,"The user resists all X target ranged attacks one step further. This refers to attacks and Moves that simply hit one target or specify hitting multiple targets, such as Razor Wind hitting three targets. It has no effect on Moves that are capable of hitting multiple targets through areas of effect, such as Bursts or Cones. Defensive.",core,313,False
bully,Bully,Scene - Free Action,The user hits a target for Super-Effective Damage with a Melee Move,,"The target of the attack is pushed 2 Meters, becomes Tripped, and gains an Injury.",core,313,False
cave-crasher,Cave Crasher,Static,,,The user resists Ground-Type and Rock-Type attacks one step further. Defensive.,core,313,False
celebrate,Celebrate,At-Will - Swift Action,The user hits a foe with a damaging attack,,The user may immediately Disengage as a Free Action.,feb2016,4,False
chemical-romance,Chemical Romance,Static,,,"Connection - Sweet Scent. Whenever the user hits a male target with Poison Gas, Smog, Sweet Scent, Toxic, or Venom Drench, that target becomes Infatuated with the user.",sumo,2,False
cherry-power,Cherry Power,Daily - Swift Action,,,"The user gains 15 Temporary Hit Points, and is cured of all Persistent Status Afflictions.",core,313,False
chlorophyll,Chlorophyll,Static,,,"While in Sunny Weather or under 50% Max Hit Points, the user's Initiative is doubled.",feb2016,4,False
clay-cannons,Clay Cannons,At-Will - Swift Action,,,"Until the end of the round, the user may originate any Ranged Move they use from any square within 2 meters of itself.",feb2016,4,False
clear-body,Clear Body,Static,,,"The user's Combat Stages may not be lowered by the effect of foes' Feautres, Abilities, or Moves. Status Affictions may still alter their Combat Stages. Defensive.",core,313,False
cloud-nine,Cloud Nine,Scene - Free Action,,,The weather of the field is set to normal.,core,313,False
cluster-mind,Cluster Mind,Static,,,The user's Move Pool limit is increased by +2.,core,313,False
color-change,Color Change,At-Will - Free Action,The user is hit by a Move,,The user's Type changes to match the Type of the triggering Move.,core,313,False
color-theory,Color Theory,Static,,,"Upon gaining this ability at Birth, the user rolls 1d12 to determine the color of their tail secretions. 1 = Red; 2 = Red-Orange; 3 = Orange; 4 = Yellow- Orange; 5 = Yellow; 6 = Yellow-Green; 7 = Green; 8 = Blue-Green; 9 = Blue; 10 = Blue-Violet; 11 = Violet; 12 = Red-Violet. Red is tied to Attack, Orange is tied to Defense, Yellow is tied to Special Attack, Green is tied to Special Defense, Blue is tied to Speed, Violet is tied to HP. Users with a ""Pure"" Color (Red, Orange, Yellow, etc) gain a +6 Bonus to the Base Stat tied to their color. Users with a ""Mixed"" Color (Red-Orange, Yellow-Orange, etc) gain a +3 Bonus to each Stat tied to the color.",core,313,False
comatose,Comatose,At-Will - Move Action,,,"The user falls Asleep, and regains a Tick of Hit Points.",sumo,2,False
combo-striker,Combo Striker,At-Will - Free Action,"The user rolls a natural 1, 10, or 11 on an attack roll with a damaging move",,"After the triggering attack is resolved, the user may use a Struggle Attack as a Free Action. Note: Yes, Struggle Attacks made due to Combo Striker may trigger Combo Striker.",feb2016,12,False
competitive,Competitive,Static,,,"Whenever the user has its Combat Stages lowered, by something other than its own Moves or Abilities, the user's Special Attack is raised 2 Combat Stages.",core,314,False
compound-eyes,Compound Eyes,Static,,,The user gains a +3 Bonus to all Accuracy Rolls.,core,314,False
confidence,Confidence,Scene - Standard Action,,,Choose a Combat Stat. All allies within 5 meters of the user gain +1 CS in the Chosen Stat.,core,314,False
conqueror,Conqueror,Scene - Free Action,The user causes a foe to Faint by using a damaging Physical or Special Attack,,"The user's Attack, Special Attack, and Speed gain +1 Combat Stage.",core,314,False
contrary,Contrary,Static,,,"If something would raise the user's Combat Stages, it instead lowers the user's Combat Stages by the same amount. If something would lower the user's Combat Stages, it instead raises the user's Combat Stages by the same amount.",core,314,False
copy-master,Copy Master,Static,,,"Connection - Copycat. Whenever the user uses Copycat or Mimic, it gains +1 Combat Stage in a Stat of its choice after the Move is resolved.",core,314,False
corrosion,Corrosion,Static,,,"The user's Poison-Type attacks are resisted one step less, and deal damage to Immune targets as if they were doubly resisted. The user may Poison and Badly Poison Steel and Poison-Type Pokémon.",sumo,2,False
corrosive-toxins,Corrosive Toxins,Scene - Free Action,,,"Connection - Toxic. The user may activate this Ability when using Toxic to allow the Move to ignore Immunity to the Status Affliction, Blessings, and the effects of Abilities that may prevent Hit Point loss from being Badly Poisoned (such as Magic Guard or Poison Heal).",core,314,False
cotton-down,Cotton Down,"Scene - Free Action, Reaction",The user is hit by an attack,,"All Pokémon in a Burst 1 around the user have their speed lowered by 1 CS, and are Slowed for one full round.",new,1,False
courage,Courage,Static,,,"While at or under 1/3rd of its Max Hit Point value, the user gains a +5 Damage Bonus to all Damage Rolls, and 5 Damage Reduction. Defensive.",core,314,False
covert,Covert,Static,,,"If this Pokémon is standing on a terrain related to its natural habitat, its Evasion is increased by +2. For Ice types, this is generally snowy or icy terrain; Ground and Ground types are apt to feel at home in sandy terrain or craggy rocks; Grass types, Bug Types, and others likely feel at home in long grass. Some Pokémon may be at home in several types of terrain.",core,314,False
cruelty,Cruelty,Scene - Swift Action,The user hits a foe with a damaging attack,,"After Damage is Resolved, the foe gains an Injury. The user is then informed of the total number of Injuries currently on the target, and may use that number to ""purchase"" the effects listed below. »» 1 Injury: The target loses 2 Hit Points. May be ""pur- chased"" multiple times. »» 1 Injury: The target is Slowed. »» 2 Injuries: Until the end of the encounter, the target may not gain Hit Points or Temporary Hit Points from any source. This effect ends if the target is switched out or Takes a Breather.",core,314,False
crush-trap,Crush Trap,Static,,,"Connection - Wrap. As long as the user has Dominance in a Grapple, they do not become Vulnerable because of that Grapple. If the user begins their turn as part of a Grapple and has Dominance, they may use the actions listed in the Grapple Maneuver as a Swift Action instead of a Full Action. New/Altered Edges Basic Runes Prerequisites: Novice Occult Education",edit,,True
cursed-body,Cursed Body,Scene - Free Action,The user is hit by a Damaging Move.,,The Move becomes Disabled.,core,314,False
cute-charm,Cute Charm,Scene - Free Action,A foe of the opposite gender attacks the user with a Melee Attack,,The foe becomes Infatuated.,core,314,False
cute-tears,Cute Tears,Scene - Free Action,The user is hit by a Damaging Attack,,The attacking foe loses 2 Combat Stages in the Attack Stat used by the triggering Move.,core,314,False
damp,Damp,Static,,,"Whenever anyone within 10 meters would use the Moves Self-Destruct or Explosion or activate the Aftermath Ability, those effects fail and instead do nothing.",feb2016,4,False
dancer,Dancer,Scene x2 - Free Action,Someone within 10 meters uses a Status- Class Dance Move,,The user may immediately use the triggering Move as a Free Action.,sumo,2,False
danger-syrup,Danger Syrup,Scene - Free Action,The user is hit by an attack,,"Connection - Sweet Scent. When this Ability is activated the user may use Sweet Scent as a Free Action, ignoring Frequency. Whenever the user hits a foe with Sweet Scent, that foe is Blinded for 1 full round.",feb2016,4,False
dark-art,Dark Art,Static,,,The user gains Last Chance with Dark.,core,315,False
dark-aura,Dark Aura,Static,,,The user and all allies have the Damage Base of their damaging Dark Type Attacks increased by +1.,core,315,False
dauntless-shield,Dauntless Shield,Static,,,The user's default Defense Combat Stages are increased by +1.,new,1,False
daze,Daze,Scene - Standard Action,,,"Make an AC4 Status Attack against a target within 6 meters. If you hit, the target falls asleep.",core,315,False
dazzling,Dazzling,Scene x2 - Swift Action,,An Adjacent Foe,"For the rest of the Scene, the target's Initiative is lowered by 10 and cannot use Priority Moves.",sumo,2,False
deadly-poison,Deadly Poison,Daily - Free Action,The user Poisons a target,,The target is Badly Poisoned instead.,core,315,False
decoy,Decoy,Scene - Full Action,,,"The user uses the Move ""Follow Me"" as if it was on their Move List, and their Evasion is raised by +2 until the end of their next turn.",core,315,False
deep-sleep,Deep Sleep,Static,,,"When asleep, this Pokémon restores a Tick of Hit Points at the end of each turn.",core,315,False
defeatist,Defeatist,Static,,,"The user gain a +2d6 Bonus to Damage Rolls while over 50% of its Maximum Hit Points. While at 50% Max Hit Points or lower, the user gains a -5 penalty to Damage Rolls and +10 Initiative.",feb2016,4,False
defiant,Defiant,Static,,,"Whenever the user has its Combat Stages lowered, by something other than its own Moves or Abilities, the user's Attack is raised 2 Combat Stages.",core,315,False
defy-death,Defy Death,At-Will - Swift Action,,,"The user instantly removes up to three injuries, and gains a Tick of Hit Points for each injury removed this way. Defy Death may be used to cure up to three Injuries per day. Injuries removed this way do not count towards the total number of injuries that can be healed per day.",feb2016,4,False
delayed-reaction,Delayed Reaction,Scene - Free Action,The user is hit by a direct damaging attack,,"Halve the damage taken by the user. At the end of the user's next turn, the user loses Hit Points equal to the other half of the damage. For example, if the user is hit for 11 damage and triggers this Ability, the user would take 5 damage upon being hit and 6 damage at the end of its next turn. Defensive.",core,315,False
delivery-bird,Delivery Bird,Static,,,"The user may hold two Held Items at once. Whenever an Ability or Move affects the user's Held Items, you may choose which one is affected.",core,315,False
desert-weather,Desert Weather,Static,,,"The user is immune to Sandstorm Damage, resists Fire-Type Moves in Sunny Weather, and gains a Tick of Temporary Hit Points at the end of each of its turns while in Rainy Weather.",feb2016,4,False
designer,Designer,At-Will - Extended Action,,,"The user is adept at crafting clothes for itself out of common leaves. When activating this ability to create a leaf suit, the user may choose two Types; the user resists the chosen types one step further while wearing that suit. The user may only have one leaf suit at a time, and creating a new suit destroys the old one.",feb2016,12,False
diamond-defense,Diamond Defense,Static,,,"Connection - Stealth Rock. Stealth Rock's Frequency is Scene x2, and the user's Stealth Rocks can be treated as dealing Rock-Type or Fairy-Type Damage, whichever is more effective.",core,315,False
dig-away,Dig Away,Daily - Free Action,,,"Connection - Dig. When hit by a Move, this Pokémon may activate this Feature to use Dig, frequency allowing, as an interrupt to avoid the attack and shift underground immediately. This consumes a command as normal. The terrain must allow for Dig to be used.",core,316,False
dire-spore,Dire Spore,Static,,,"Connection - Spore. Whenever the user hits a target with Spore, that target is also Poisoned.",core,316,False
discipline,Discipline,Scene - Free Action,,,"If the user gains initiative and is Confused, Enraged, Infatuated, or Flinched, they may activate Discipline to cure themselves of any of these conditions.",core,316,False
disguise,Disguise,Daily - Free Action,The user is hit by a Damaging Move.,,The triggering attack instead misses and has no effect. The user then gains +1 CS in a Stat of their choice. Defensive.,sumo,2,False
dodge,Dodge,Daily - Free Action,The user is hit by a Damaging Move,,The triggering Move instead misses. Defensive.,core,316,False
download,Download,Scene - Swift Action,,Trainer or Pokémon,"The target must reveal whether its Defense or Special Defense Stats are lower. If the Defense Stat is lower, the user gains a +1 Attack CS. If the Special Defense Stat is lower, the user instead gains +1 Special Attack CS. If both are tied, the user gains +1 CS to any Stat of their choice.",feb2016,4,False
dream-smoke,Dream Smoke,Scene - Free Action,The user is hit by a Melee Attack,,The attacking foe falls Asleep.,feb2016,12,False
dreamspinner,Dreamspinner,Scene x3 - Swift Action,,,"All Sleeping Foes within 3 meters lose a Tick of Hit Points, and the user gains a Tick of Temporary Hit Points.",feb2016,4,False
drizzle,Drizzle,Scene x3 - Swift Action,,,The Weather changes to be Rainy for 1 full round.,feb2016,4,False
drought,Drought,Scene x3 - Swift Action,,,The Weather changes to be Sunny for 1 full round.,feb2016,4,False
drown-out,Drown Out,Scene x2 - Free Action,A foe uses a Move with the Sonic keyword,,The triggering Move fails and has no effect.,feb2016,4,False
dry-skin,Dry Skin,Static,,,"Whenever the user is hit by a damaging Fire- Type Move or ends their turn in Sunny Weather, they lose a Tick of Hit Points. The user is immune to the damage and effects of Water-Type Moves, and whenever the user is hit by a damaging Water-Type Move or ends their turn in Rainy Weather, they gain a Tick of Hit Points.",core,316,False
dust-cloud,Dust Cloud,Static,,,"Connection - Poison Powder. The user may use Moves with the Powder Keyword as if they had a Range of ""Burst 1"".",feb2016,4,False
early-bird,Early Bird,Static,,,"The user gains a bonus to Initiative equal to half its Speed, and a +3 Bonus on Save Checks against Sleep.",feb2016,4,False
effect-spore,Effect Spore,Scene - Free Action,The user is hit by a Melee Attack,,"Roll 1d6. On a result of 1 or 2, the attacker is Poisoned. On a result of 3 or 4, the attacker is Paralyzed. On a result of 5 or 6, the attacker falls Asleep.",core,316,False
eggscellence,Eggscellence,Static,,,"Connection - Barrage. The user receives STAB when using Barrage and Egg Bomb. If Normal Typed, these Moves deal Damage as if one step more effective on 16+.",feb2016,12,False
electric-surge,Electric Surge,Scene x3 - Swift Action,,,"The Field becomes Electrified, as if affected by the Move Electric Terrain, for one full round.",sumo,2,False
electrodash,Electrodash,Scene x2 - Swift Action,,,The user may make a Sprint Action as a Free Action.,feb2016,5,False
emergency-exit,Emergency Exit,Scene - Free Action,,,"When the user's Hit Points drop below half their maximum, their trainer may immediately recall the user and send out another Pokémon as a Free Action. If the user hasn't taken their turn yet, their replacement may act this round. Defensive.",sumo,2,False
empower,Empower,Scene - Swift Action,,,The user may use a self-targeting Status-Class Move as a Free Action.,feb2016,12,False
enduring-rage,Enduring Rage,Static,,,"The user may not make rolls to cure themselves from the Enraged condition. However, while Enraged, the user gains 5 Damage Reduction.",core,316,False
enfeebling-lips,Enfeebling Lips,Static,,,"Connection - Lovely Kiss. Whenever the user uses the Move Lovely Kiss, they may choose a Stat. If the Move successfully hits, the Pokémon or Trainer being targeted loses 2 Combat Stages in that Stat.",core,316,False
exploit,Exploit,Static,,,"Whenever you deal Super-Effective Damage to a target, that target treats your Damage Roll as it were increased by +5. Ability List: F-K",core,317,False
fabulous-trim,Fabulous Trim,Static,,,Furfrou's Ability depends on its current hairstyle. A Furfrou's hairstyle can be changed as an Extended Action at an appropriate hair parlor. Star Trim: Celebrate Diamond Trim: Defiant Heart Trim: Cute Tears Pharaoh Trim: Sand Veil Kabuki Trim: Inner Focus La Reine Trim: Intimidate Matron Trim: Friend Guard Dandy Trim: Moxie Debutante Trim: Confidence,core,317,False
fade-away,Fade Away,"Scene - Standard Action, Interrupt",,,"The user becomes Invisible until the beginning of their next turn, and may immediately Shift. This Ability may be activated as an Interrupt when hit by a Physical attack; the user may declare the use of Fade Away to avoid all damage and/or effects of the move. Defensive.",core,317,False
fairy-aura,Fairy Aura,Static,,,The user and all allies have the Damage Base of their damaging Fairy Type Attacks increased by +1.,core,317,False
fashion-designer,Fashion Designer,Daily - Extended Action,,,The user knows how to make useful accessories from mere common leaves. The user may craft one of the consumable Held Items below by activating this ability. Lucky Leaf - Grass Type Booster for one encounter. Tasty Reeds - Bug Type Booster for one encounter. Dew Cup - Same Effect as an Occa Berry. Thorn Mantle - Same Effect as a Coba Berry. Chewy Cluster - Same Effect as Leftovers. Decorative Twine - Roll +2d6 on any Move during a Contest.,core,317,False
fiery-crash,Fiery Crash,Static,,,"Whenever the user uses a Move with the Dash keyword, they may either increase that Move's Damage Base by +2, or change the Move to be Fire-Type if it was not already. All Moves with the Dash keyword performed as Fire-Typed burn their target on 19+, or increase the effect range by +2 if they could already inflict Burn.",core,317,False
filter,Filter,Static,,,The user gains +5 Damage Reduction against Super- Effective damage. Defensive.,feb2016,5,False
flame-body,Flame Body,Scene - Free Action,The user is hit by a Melee Attack,,The attacking foe becomes Burned.,core,317,False
flame-tongue,Flame Tongue,Scene - Free Action,The user hits a foe with Lick.,,Connection - Lick. The foe hit with Lick gains an Injury and becomes Burned.,core,317,False
flare-boost,Flare Boost,Scene - Swift Action,,,The user gains +3Attack and Special Attack Combat Stages. Flare Boost may only be used while Burned.,feb2016,5,False
flash-fire,Flash Fire,Static,,,"The user is immune to the damage and effects of Fire-Type attacks. If the user is hit by a Fire-Type attack, they gain +1 CS in their choice of Attack or Special Attack. Defensive.",feb2016,5,False
flavorful-aroma,Flavorful Aroma,At-Will - Free Action,The user uses Aromatic Mist,,Connection - Aromatic Mist. All allies affected by Aromatic Mist gain +1 to Accuracy Rolls and +5 to Damage Rolls for one full round.,new,1,False
flower-gift,Flower Gift,Scene - Swift Action,,,"Flower Gift may only be used if the Weather is Sunny or if the user is under 50% Hit Points. When activated, the user may pick two Stats, gaining +2 Combat Stages in each Stat. All targets within 2 meters also gain +1 Combat Stage in each of the chosen Stats.",feb2016,5,False
flower-power,Flower Power,Static,,,The user may perform damaging Grass Type Moves as if they were their choice of either Physical or Special.,feb2016,12,False
flower-veil,Flower Veil,Static,,,Grass-Type Pokemon within 5 meters cannot have their Combat Stages lowered.,feb2016,5,False
fluffy,Fluffy,Static,,,"The user resists damaging Melee attacks one step further, but resists Fire-Type attacks one step less. Defensive.",sumo,2,False
fluffy-charge,Fluffy Charge,Static,,,"Connection - Charge. Whenever the user uses Charge, they gain +1 CS to Defense.",core,317,False
flutter,Flutter,At-Will - Shift Action,,,"The user gains +3 Evasion until the end of their next turn, and cannot be Flanked.",core,318,False
flying-fly-trap,Flying Fly Trap,Static,,,The Pokémon takes no damage from Ground Type Moves and Bug Type Moves. Defensive.,core,318,False
focus,Focus,Static,,,The user gains Last Chance with Fighting.,core,318,False
forecast,Forecast,Static,,,"The user's Type changes depending on the weather. It changes to Fire Type if it is Sunny, Ice Type if it is Hailing, Water Type if it is Rainy, and Rock Type if there is a Sandstorm. It returns to Normal Type if it is in normal weather or foggy weather. If there are multiple Weather Effects on the field, choose one type for the user to be that corresponds with an existing Weather Effect.",core,318,False
forest-lord,Forest Lord,Scene x2 - Shift Action,,,"This turn, the user may originate a Grass or Ghost-Typed Move from any fully grown tree within 10 meters. Moves performed this way gain a +2 Bonus on their Accuracy Roll.",core,318,False
forewarn,Forewarn,Scene - Free Action,,A Pokémon or Trainer,"The Move with the highest Damage Dice Roll known by the targeted foe is revealed. If there is a tie, all tied Moves are revealed. The Moves revealed gain a -2 Penalty during Accuracy Checks when used by the target for the rest of the encounter.",core,318,False
fox-fire,Fox Fire,Scene - Standard Action,,,"Connection - Ember. The user creates 3 Fire Wisps. Whenever the user is targeted by a foe within 6 meters, they may spend a Fire Wisp as to use the Move Ember against that foe as a Free Action after the triggering Move is resolved.",feb2016,5,False
freezing-point,Freezing Point,Static,,,The user gains Last Chance with Ice.,core,318,False
friend-guard,Friend Guard,Scene - Free Action,An adjacent Ally takes Damage,,The damage is resisted one step further. Defensive.,core,318,False
frighten,Frighten,Scene - Swift Action,,A Pokémon or Trainer within 5 meters,Lower the target's Speed 2 Combat Stages.,core,318,False
frisk,Frisk,Static,,,The user gains a +2 Bonus to all Accuracy Rolls against adjacent targets.,sumo,6,False
frostbite,Frostbite,Static,,,"The user's damaging Ice-Type attacks cause the target to become Slowed on 18+, and the Effect Range for Freeze on these Moves is increased by +1. If the Move does not cause Freezing, it now causes Freezing on a roll of 20.",core,319,False
full-guard,Full Guard,Scene - Swift Action,You take Damage while having Temporary Hit Points,,You resist the triggering Damage one step further.,feb2016,12,False
full-metal-body,Full Metal Body,Static,,,"The user's Combat Stages may not be lowered by the effect of foes' Features, Abilities, or Moves. Status Afflictions may still alter their Combat Stages. Defensive.",sumo,2,False
fur-coat,Fur Coat,Static,,,The user resists all Physical Attacks one step further. Defensive.,core,319,False
gale-wings,Gale Wings,Static,,,Connection - Quick Attack. The user may use Quick Attack as a Flying-Type Move.,sumo,6,False
galvanize,Galvanize,At-Will - Free Action,The user uses a Normal-Type damaging Move,,The Move is changed to be Electric-Type.,sumo,2,False
gardener,Gardener,Daily x3 - Extended Action,,A yielding plant,"Increase the soil quality of the plant by +1, as if Mulch had been applied. This may target a specific Plant only once per day.",core,319,False
gentle-vibe,Gentle Vibe,Scene - Standard Action,,,"All targets in the burst, including the user, have their Combat Stages reset, and are cured of any Volatile Status ailments.",core,319,False
giver,Giver,Scene x2 - Swift Action,,,"Connection - Present. After rolling to determine Present's Damage Base, you may choose to ignore the roll and act as if you had rolled a 1 or a 5.",feb2016,12,False
glisten,Glisten,Static,,,The user is immune to Fairy-Type attacks. Defensive.,sumo,2,False
gluttony,Gluttony,Static,,,"The user may have up to three Food Buffs at once, use up to three Food Buffs per Scene, and may eat two refreshments per half hour.",feb2016,5,False
gooey,Gooey,At-Will - Free Action,The user is hit by a Melee Attack,,The triggering attacker has their Speed lowered by 1 Combat Stage.,core,319,False
gore,Gore,Scene x2 - Swift Action,The user uses Horn Attack,,"Connection - Horn Attack. Horn Attack gains the Double Strike keyword, and pushes its target 2 meters.",feb2016,5,False
gorilla-tactics,Gorilla Tactics,Scene - Swift Action,The user uses a Move,,"The user gains a +10 bonus to damage rolls until the end of the Scene, including on the triggering Move. However, until the end of the Scene, they may only use Moves that they have already used in this Scene before triggering this Ability (the triggering Move is included in those usable).",new,1,False
grass-pelt,Grass Pelt,Scene - Swift Action,,,The user gains two ticks worth of Temporary Hit Points.,feb2016,5,False
grassy-surge,Grassy Surge,Scene x3 - Swift Action,,,"The Field becomes Grassy, as if affected by the Move Grassy Terrain, for one full round.",sumo,2,False
gulp,Gulp,Daily - Extended Action,,,"If the user is allowed to spend time fully submerged in water for at least 10 minutes, they may heal up to 25% of their Max Hit Points, and remove one Injury.",core,319,False
gulp-missile,Gulp Missile,Scene x2 - Free Action,"The user uses Stockpile, Surf, or Dive",,"Connection - Stockpile. The next time the user is damaged, it rolls an AC 4 Physical Attack against the attacker, even if the user Faints. On a hit, the target loses 2 ticks of HP. In addition, if the hit roll was successful, on an even roll the target is Paralyzed; on an odd roll, the target instead loses 1 Defense CS.",new,1,False
guts,Guts,Static,,,"While suffering from Burn, Poison, Paralysis, Freezing, or while Asleep, the user's Attack is raised 2 Combat Stages. If suffering from none of these conditions, the user loses any Combat Stages gained this way.",core,319,False
handyman,Handyman,Static,,,"The user may hold two Held Items at once. Whenever an Ability or Move affects the user's Held Items, you may choose which one is affected.",sumo,3,False
harvest,Harvest,At-Will - Free Action,,,"Whenever the user trades in a Digestion Buff from a Berry, flip a coin. On heads, the user gains all the benefits of the Digestion Buff, but the Buff is not used up. On tails, the Buff is consumed normally. While in Sunny Weather, the Buff is never consumed. The user may trade in a Digestion Buff up to once per turn during an encounter, but only until they flip ""Tails"".",core,319,False
haunt,Haunt,Static,,,The user gains Last Chance with Ghost.,core,319,False
hay-fever,Hay Fever,At-Will - Swift Action,The user uses a Status Move; or the user ends their turn while Asleep.,,"The user creates a Burst 2 or Close Blast 3 of allergenic pollen. All Trainers and Pokémon in the burst that are not Bug, Grass, or Poison Typed lose a Tick of Hit Points. This Ability cannot be activated in Rainy Weather, Sandstorms, or if it is Hailing.",core,319,False
healer,Healer,Scene - Free Action,,An Adjacent Pokémon or Trainer,The target is cured of all Status conditions.,core,319,False
heat-mirage,Heat Mirage,At-Will - Free Action,The user uses a Fire-Type Move,,The user's Evasion is increased by +3 until the beginning of their next turn.,core,320,False
heatproof,Heatproof,Static,,,"The user resists Fire Type movesf one step further, and does not lose Hit Points from the Burn Condition.",feb2016,5,False
heavy-metal,Heavy Metal,Static,,,"The user's Weight Class is increased by +2. Their Defense Base Stat is increased by +2, but their Speed Base Stat is decreased by 2.",feb2016,5,False
heliovolt,Heliovolt,At-Will - Swift Action,The user uses an Electric-Type Move,,"For 1 full round, the user gains +1 Evasion and is considered to be in Sunny Weather.",feb2016,12,False
helper,Helper,Static,,,"Connection - Helping Hand. Whenever the user uses a Move that targets a single ally, that ally gains a +1 Bonus to Accuracy, Evasion, and Skill Checks until the end of the user's next turn.",edit,,True
honey-paws,Honey Paws,Static,,,The user may consume Honey to gain a Food Buff as if they had consumed Leftovers. This Food Buff does not count against their normal limit.,feb2016,5,False
honey-thief,Honey Thief,Static,,,"Connection - Bug Bite. If the user uses Bug Bite to steal the effects of a Digestion Buff, they gain a Tick of Temporary Hit Points.",core,320,False
horde-break,Horde Break,At-Will - Free Action,The user changes from School Form to Solo Form,,The user is cured of all Status Conditions.,sumo,3,False
huge-power,Huge Power,Static,,,"The Pokémon's Base Attack stat is doubled. This may double any bonuses from Nature or Vitamins, but not bonuses from Trainer Features.",core,320,False
huge-power-pure-power,Huge Power / Pure Power,Static,,,"The user's Base Attack Stat is increased by +5, and by +1 more for every 10 Levels the user has. This Ability cannot be disabled in any way.",feb2016,5,False
hunger-switch,Hunger Switch,Static,,,"At the beginning of each of the user's turns, the user must choose whether it's in Full Belly Mode or Hangry Mode until the beginning of its next turn. In Full Belly Mode, it gains a +2 bonus to Accuracy. In Hangry Mode, it gains a +5 Bonus to Damage Rolls.",new,1,False
hustle,Hustle,Static,,,The user receives a -2 penalty to all Accuracy Rolls and gains a +10 Bonus to All Damage Rolls.,feb2016,5,False
hydration,Hydration,Scene - Swift Action,,,The user is cured of one Status Affliction. Hydration's Frequency is ignored if used during Rainy Weather.,feb2016,6,False
hyper-cutter,Hyper Cutter,Static,,,"The user's Attack Stat may not be lowered, and its Attack Combat Stages may not be lowered. Defensive.",core,320,False
hypnotic,Hypnotic,Static,,,"Connection - Hypnosis. When used by the user, Hypnosis cannot miss.",core,320,False
ice-body,Ice Body,Daily x5 - Swift Action,,,The user gains a Tick of Hit Points. Ice Body may only be used while the user is under 50% Hit Points or in Hailing Weather.,feb2016,6,False
ice-face,Ice Face,Static,,,"The user begins the battle with two ticks of temporary hit points. As a Standard Action in Hail, they may gain two ticks of temporary hit points. The user is immune to damage from Hail. While the user has Temporary Hit Points from this Feature, it is in Ice Face form, otherwise it is in Noice Face form.",new,1,False
ice-scales,Ice Scales,Static,,,The user resists Special Moves one step further. Defensive.,new,1,False
ice-shield,Ice Shield,"Scene - Standard Action, Interrupt",,,"The user places up to 3 segments of Ice Wall; each segment must be continuous with another segment, and at least one must be adjacent to the user. These Ice Walls count as Blocking Terrain and last until the end of the encounter or until they are destroyed. Each Ice Wall segment is 2 meters tall, 1 meter wide, and 2 centimeters thick. Each segment has 10 Hit Points, 5 Damage Reduction, and takes damage as if it was Ice- Type.",core,320,False
ignition-boost,Ignition Boost,At-Will - Free Action,An adjacent Ally uses a damaging Fire-Type Move,,The allied target gains a +5 Bonus to its damage roll with the triggering Move. A target may not benefit from more than one instance of Ignition Boost at a time.,core,320,False
illuminate,Illuminate,Static,,,Attacks that target the user have a -2 Accuracy Penalty against the user. Does not affect attackers with the Blindsense Capability. Defensive.,core,320,False
illusion,Illusion,Special,,,"As a Standard Action, the user may mark an object, Pokémon, or Trainer. The user may have a number of targets marked equal to their Focus Rank; to mark a new target, an old mark must be forfeited. Once per round as a Free Action, the user may use illusory powers to make itself look exactly like a marked target. This may be done as the user is being released from a Poké Ball. This change is aesthetic and does not affect typing or Moves. The illusion allows the user to vaguely mimic sounds made by its marked target, but it is not capable of intelligible speech. Whenever the user is hit by a damaging Move, the Illusion is destroyed. The user may also dismiss the Illusion as a Free Action.",core,321,False
immunity,Immunity,Static,,,The user cannot be Poisoned or Badly Poisoned. Defensive.,core,321,False
imposter,Imposter,Static,,,"If the user is not Transformed, they may use Transform as a Free-Action Interrupt.",feb2016,6,False
infiltrator,Infiltrator,Static,,,"The user gains a +2 Bonus to Stealth Checks, does not trigger Hazards, Blessings cannot be activated in response to its actions, and the user may bypass the effects of the move Substitute.",core,321,False
innards-out,Innards Out,Scene x2 - Free Action,The user is hit by a Damaging Attack,,"The user resists the triggering attack one step further. After the attack is resolved, a foe within 2 meters loses Hit Points equal to twice the amount of Hit Points lost by the user from the triggering attack, even if the triggering attack caused the user to Faint.",sumo,3,False
inner-focus,Inner Focus,Static,,,"The user cannot be Flinched, and their Initiative cannot be unwillingly lowered by any effects.",feb2016,6,False
insomnia,Insomnia,Static,,,"The user is immune to the Sleep condition, and cannot use the move Rest. Defensive.",core,321,False
instinct,Instinct,Static,,,The user's default Evasion is increased by +2. Defensive.,core,321,False
interference,Interference,Scene - Swift Action,,,The accuracy of all foes within 3 meters is reduced by -2 for 1 full round.,feb2016,6,False
intimidate,Intimidate,At-Will - Swift Action,,Pokémon or Trainer within 5 meters,Lower the target's Attack 1 Combat Stage. You may target a specific foe only once per Scene with Intimidate.,feb2016,6,False
intrepid-sword,Intrepid Sword,Static,,,The user's default Attack Combat Stages are increased by +1.,new,2,False
iron-barbs,Iron Barbs,"At-Will - Free Action, Reaction",The user is hit by a damaging Melee Attack,,The attacker loses Hit Points equal to Tick of Hit Points.,core,321,False
iron-fist,Iron Fist,Static,,,"The user increases the Damage Base of the following Moves by +2; Bullet Punch, Comet Punch, Dizzy Punch, Drain Punch, Dynamic Punch, Fire Punch, Meteor Mash, Shadow Punch, Ice Punch, Mach Punch, Mega Punch, Sky Uppercut, Thunder Punch, Focus Punch, Hammer Arm, and Power-Up Punch.",core,321,False
juicy-energy,Juicy Energy,Daily - Free Action,The user trades in a Berry Juice Food Buff,,"Instead of gaining 30 Hit Points, the user gains Hit Points equal to their Level",feb2016,12,False
justified,Justified,At-Will - Free Action,The user is hit by a damaging Dark Type Move or Attack of Opportunity,,The user may raise its Attack by +1 Combat Stage.,feb2016,6,False
kampfgeist,Kampfgeist,Scene - Free Action,"The user takes Bug, Dark, or Rock-Type Damage",,The triggering damage is resisted one step further.,feb2016,6,False
keen-eye,Keen Eye,Static,,,"The user's Accuracy cannot be lowered, their attacks cannot have Accuracy Penalties (such as from Illuminate), the user is immune to the Blind condition (but not Total Blindness), and the user ignores any Evasion not directly derived from Stats (such as from the Instinct Ability, or from moves like Minimize).",core,321,False
klutz,Klutz,Scene - Free Action,The user hits with a Melee Attack,,Choose one of the target's Held Items or Accessory Slot Items. It is knocked to the ground.,new,4,False
lancer,Lancer,Static,,,"During their turn, if the user Shifts at least 3 meters, they gain a +3 Bonus to Critical Hit Range until the beginning of their next turn. If they do not Shift or Disengage at all, they gain +5 Damage Reduction until the beginning of their next turn.",feb2016,12,False
landslide,Landslide,Static,,,The user gains Last Chance with Ground.,core,322,False
last-chance,Last Chance,Static,,,The user gains Last Chance with Normal.,core,322,False
last-chance-type,Last Chance (Type),Static,,Your Pokémon with at least 1 Tutor Point.,"Last Chance Abilities are always associated with an Elemental Type. The user gains a +5 bonus to Damage Rolls when using attacks of that Type. This bonus increases to +10 when the user is under 1/3rd of their Maximum Hit Points. Electric: Focus or Technology Education Fighting: Combat or Intuition Fairy: Charm or Guile Grass: Survival or General Education Ground: Perception or Intuition Ice: Athletics or Survival Rock: Combat or Survival Steel: Athletics or Intimidate Water: Athletics or Intuition Move Sync [Branch] Prerequisites: 3 Type Ace Features At-Will - Extended Action The target loses 1 Tutor Point. Pick a Move in the target's Move List. The picked move is now permanently of your Chosen Type, and may have different effects. See the Types Changes section (page 468) for more information and suggestions. A Pokémon may have only one Move-Sync'd Move in their Move List at a time; to Sync a new Move, the old Move must be forgotten.",core,119,False
leaf-gift,Leaf Gift,Daily - Extended Action,,,"The user is adept at crafting clothes for itself out of common leaves. As an extended action, the user may craft a Leaf Suit listed below by activating this Ability; each suit has different effects on the user. The user may only wear one Leaf Suit at a time; building a new suit destroys previous suits. Nourishing Suit - Effect: Grants the Sun Blanket and Leaf Guard Abilities. Heavy Suit - Effect: Grants the Sturdy and Overcoat Abilities. Vibrant Suit - Effect: Grants the Chlorophyll and Photosynthesis Abilities.",core,322,False
leaf-guard,Leaf Guard,Scene - Swift Action,,,The user is cured of one Status Affliction. Leaf Guard's Frequency is ignored if used during Sunny Weather.,feb2016,6,False
leaf-rush,Leaf Rush,"Scene x2 - Free Action, Priority",,,"The user may activate Leaf Rush to use a Grass-Type Move with Priority. If the Move is a Damaging Move, the user adds half their Speed Stat to the Damage Roll.",feb2016,12,False
leafy-cloak,Leafy Cloak,Static,,,"Whenever the user activates Designer, theychoose two of Chlorophyll, Leaf Guard, or Overcoat. Until the user activates Designer again, they gain the chosen Abilities.",feb2016,12,False
leek-mastery,Leek Mastery,Static,,,"Connection - Acrobatics. If the user is holding a Rare Leek, they may still use Acrobatics as if they were not holding an item. The user cannot be disarmed of their Stick, nor can be it be forcefully removed by Trick, Switcheroo, Thief, or any other Moves or effects unless the user wishes it.",core,322,False
levitate,Levitate,Static,,,"The Pokémon is immune to the damage and effects of Ground Type Moves, and gains a Levitate Speed of 4, or has existing Levitate Speeds increased by +2. Defensive.",core,322,False
life-force,Life Force,Daily x3 - Swift Action,,,The user gains two Ticks of Hit Points.,edit,56,False
light-metal,Light Metal,Static,,,"The user's Weight Class is decreased by 2. Their Speed Base Stat is increased by +2, but their Defense Base Stat is decreased by 2.",feb2016,6,False
lightning-kicks,Lightning Kicks,Scene - Free Action,,,"The user may activate this Ability to use any Move with ""Kick"" in the name as a Priority Move, and gain a +4 Bonus to the attack's Accuracy Roll.",feb2016,6,False
lightning-rod,Lightning Rod,Scene - Free Action,A ranged Electric Type Move is used within 10 Meters of the user.,,"The Move is turned into a 1-Target Move and is re-directed at the user without fail, and cannot miss. This negates Lock-On or Mind Reader. The user's Special Attack is then raised by +1 Combat Stage.",feb2016,6,False
limber,Limber,Static,,,The user is immune to Paralysis. Defensive.,core,322,False
line-charge,Line Charge,Static,,,"The user can only shift in cardinal directions on the grid. However, they do not provoke attacks of opportunity from Shifting.",feb2016,12,False
liquid-ooze,Liquid Ooze,Static,,,"This user resists Poison-Type Damage one step further. Additionally, when this user is damaged by Absorb, Drain Punch, Giga Drain, Horn Leech, Leech Life, or Mega Drain, that Move gains Recoil ½ and the Move's user does not gain any HP. If the user is hit by Leech Seed, the user does not lose Hit Points from Leech Seed; instead Leech Seed's user loses Hit Points equal to this user's Tick Value.",feb2016,6,False
liquid-voice,Liquid Voice,At-Will - Free Action,The user uses a Move with the Sonic keyword,,"The triggering move loses the Sonic keyword, but gains the Friendly keyword and becomes Water Typed. If the Move was a Status Class Move, you may treat it as a Special Move with DB1.",sumo,3,False
long-reach,Long Reach,Static,,,"The user may use damaging attacks as if they had a range of ""8, 1 Target"" instead of their usual range.",sumo,3,False
lullaby,Lullaby,Scene - Free Action,,,"Connection - Sing. Whenever the user uses the Move ""Sing"", they may activate this Feature. The user then picks a Pokémon or Trainer being targeted by Sing; Sing automatically hits that target.",core,323,False
lunchbox,Lunchbox,Scene - Free Action,The user trades in a Food Buff,,The user gains a Tick of Temporary Hit Points. These Temporary Hit Points stack with any Temporary Hit Points granted by the triggering Food Buff.,feb2016,6,False
mach-speed,Mach Speed,Static,,,The user gains Last Chance with Flying.,core,323,False
maelstrom-pulse,Maelstrom Pulse,"Scene x2 - Free Action, Priority",,,"The user may activate Maelstrom Pulse to use a Water-Type Move with Priority. If the Move is a Damaging Move, the user adds half their Speed Stat to the Damage Roll.",feb2016,13,False
magic-bounce,Magic Bounce,Scene - Free Action,The user is hit by a Status Move,,The user may reflect the Move back to the attacker. This Ability may be used to change the placement and affiliation of any Hazards being set within 10 meters of the user as well. Defensive.,core,323,False
magic-guard,Magic Guard,Static,,,"The user is immune to damage and Hit Point loss from Hazards, Weather, Status Afflictions, Vortexes, Recoil, Hay Fever, Iron Barbs, Rough Skin, and Leech Seed. Defensive.",core,323,False
magician,Magician,Scene - Free Action,The user hits a foe with a damaging Single- Target attack,,The user takes the target's Held Item. This Ability may not be triggered if the user is already holding a Held Item.,core,323,False
magma-armor,Magma Armor,Static,,,"Whenever a foe hits you with a Melee Attack or ends their turn grappling you, they lose a tick of Hit Points. Foes immune to Burn do not suffer this effect.",feb2016,6,False
magnet-pull,Magnet Pull,Scene x3 - Swift Action,,A Steel-Type Pokémon within 6 meters,"Pick Two Effects; - The target is pushed or pulled X meters directly away or towards the user. X is up to 6 meters minus the target's Weight Class. - Until the end of the user's next turn, the target may not move more then 6 meters away from the user . - Until the end of the user's next turn, the target may not move closer than 3 meters ot the user.",feb2016,7,False
marvel-scale,Marvel Scale,Static,,,"When Asleep, Paralyzed, Burned, Frozen or Poisoned, Marvel Scale raises the user's Defense by +2 Combat Stages. The Combat Stages return to normal if the user is cured of their status affliction.",core,323,False
mega-launcher,Mega Launcher,Static,,,"The user increases the Damage Base of Aura Sphere, Dark Pulse, Dragon Pulse, and Water Pulse by +3.",feb2016,7,False
memory-wipe,Memory Wipe,Scene - Special,,A foe within 10 meters,"If used as a Swift Action, the last Move used by the target becomes Disabled. If used as a Standard Action, the target is Flinched and Paralyzed. If used as an Extended Action that takes about 1 minute, it can erase up to 10 minutes that have occurred within the last 30 minutes from the target's memory.",feb2016,7,False
merciless,Merciless,Static,,,"If the user hits a poisoned target with a damaging attack, it automatically becomes a Critical Hit.",sumo,3,False
migraine,Migraine,Scene x2 - Free Action,The user hits with Confusion while at 50% Hit Points or less,,Connection - Confusion. Confusion automatically gives its target the Confusion Affliction and is a Critical Hit.,feb2016,7,False
mimicry,Mimicry,Scene - Free Action,,,"The user changes their Type to match the field. Pick one type from the following table. If two or more rows are relevant (such as because of Weather), pick one. Field/Weather Type Beach Ground or Water Cave Rock or Dark Desert Ground or Rock Forest Grass Fresh Water / Ocean Water Grassland Normal or Grass Marsh Water or Poison Mountain Rock or Ground Rainforest Grass or Poison Taiga Ice or Grass Tundra Ice Urban Normal or Steel Sunny Fire Rainy Water Hailing Ice Sandstorming Rock Your GM may provide additional options should they choose (for instance, an Ethereal Forest may provide Psychic and Fairy options.) Note: This table may be used for Camouflage, too.",new,2,False
mimitree,Mimitree,Static,,,"Connection - Mimic. Whenever the user uses a Move copied by Mimic, they may choose to replace that Move with Mimic once more. When used this way, the user ignores Mimic's Frequency.",core,323,False
mind-mold,Mind Mold,Static,,,The user gains Last Chance with Psychic.,core,323,False
mini-noses,Mini-Noses,Daily - Standard Action,,,"The user detaches up to three Mini-Noses from themselves and places them adjacent to them on the battlefield. These Mini-Noses have HP equal to the user's level but otherwise uses their user's stats. Each Mini- Nose has a Levitate Speed of 4. The user may Shift them each round on their turn, and they may originate any Ranged Move from one of the Mini-Noses instead of themselves if they choose. If a Mini-Nose is reduced to 0 HP, it is destroyed and takes a full 24 hours to regrow, one at a time. If the user has less than three grown Mini- Noses, then this ability can only place as many on the field as are available. All Mini-Noses deactivate, but are not destroyed, if the user is Fainted. Mini-Noses cannot be made to Shift more than 5 meters away from the user; if they are forced farther away, they will automatically Shift toward the user on the user's turn.",core,324,False
minus,Minus,"Scene x2 - Free Action, Reaction",A foe within 10m has Combat Stages lowered,,The target loses an additional Combat Stage in one stat lowered by the triggering effect.,new,4,False
miracle-mile,Miracle Mile,Static,,,The user gains Last Chance with Fairy.,core,324,False
mirror-armor,Mirror Armor,"At-Will - Free Action, Reaction","A foe's Move or Ability directly lowers the user's CS (including Effect Ranges, but not including things like Status)",,"The user's CS are instead not lowered, and the triggering foe's CS in the affected stats are instead lowered the same amount the user's would have been.",new,2,False
missile-launch,Missile Launch,Scene x2 - Standard Action,,,"Connection - Dragon Darts. The user places two Dreepy Tokens within 6m. The user may move all Dreepy Tokens it controls 4m as a Swift Action. A Dreepy Token can freely enter other creatures' squares as part of this movement, which destroys the token, and causes the creature to suffer an AC2 DB 5 Physical Dragon-Type attack as if from the user of Missile Launch. Dreepy Tokens may be targeted. They have the same evasions as the user, and any damage destroys them (including from Smite damage).",new,2,False
misty-surge,Misty Surge,Scene x3 - Swift Action,,,"The Field becomes Misty, as if affected by the Move Misty Terrain, for one full round.",sumo,3,False
mojo,Mojo,Static,,,Normal Types are not immune to the user's Ghost-Type Moves.,core,324,False
mold-breaker,Mold Breaker,Static,,,The user ignores the effect of enemies' Defensive Abilities.,core,324,False
moody,Moody,Static,,,"At the end of the user's turn, roll 1d6 to determine a Stat to be raised by +2 Combat Stages, then roll 1d6 to determine a Stat to be lowered by 1 Combat Stage. 1 is Attack, 2 is Defense, 3 is Special Attack, 4 is Special Defense, 5 is Speed, and 6 is Accuracy.",feb2016,7,False
motor-drive,Motor Drive,Static,,,"The user is immune to the damage and effects of Electric Type attacks. Whenever an Electric Type attack hits the Pokémon, raise their Speed by +1 Combat Stage. Defensive.",core,324,False
mountain-peak,Mountain Peak,Static,,,The user gains Last Chance with Rock.,core,324,False
moxie,Moxie,Static,,,"Whenever the user's Move causes a target to faint, it may raise its Attack Combat Stage by +1. You may only trigger Moxie once per Move, even if the Move causes multiple targets to faint.",core,324,False
mud-dweller,Mud Dweller,Static,,,The user resists Ground-Type and Water-Type attacks one step further.,core,324,False
mud-shield,Mud Shield,Scene - Swift Action,,,The user gains two ticks worth of Temporary Hit Points.,sumo,3,False
multiscale,Multiscale,Static,,,"While at full Hit Points, all damage taken is resisted one step further. Defensive.",feb2016,7,False
multitype,Multitype,At Will - Free Action,,,The user changes its Elemental Type to any of the Elemental Types. Multitype cannot be copied or disabled.,core,324,False
mummy,Mummy,At-Will - Free Action,The user is hit by a Melee Attack,,Disable one of the user's Abilities for the rest of the Scene or until they are switched out.,feb2016,7,False
natural-cure,Natural Cure,Scene - Free Action,,,"Whenever the user is returned to its Poké Ball or Takes A Breather, it may activate Natural Cure to cure itself of all Persistent Status Afflictions.",core,324,False
needles,Needles,Static,,,"Connection - Needle Arm. Whenever the user hits a target with a Physical Melee attack, that target loses a Tick of Hit Points.",feb2016,13,False
neuroforce,Neuroforce,Static,,,"Whenever you deal Super-Effective Damage to a target, that target treats your Damage Roll as it were increased by +10.",sumo,3,False
neutralizing-gas,Neutralizing Gas,Static,,,"Abilities may not be Triggered in a burst 1 around the user, and Defensive abilities do not function in that area (the user is unaffected by this). If the user uses Poison Gas, Smog, Clear Smog, or Strange Steam, targets hit by those Moves may not trigger Abilities or benefit from Defensive abilities for one full round.",new,2,False
nimble-strikes,Nimble Strikes,Static,,,The user adds half their Speed Stat to the Damage Rolls of their physical Normal-Type Moves.,feb2016,13,False
no-guard,No Guard,Static,,,The user gains a +3 bonus to all Attack Rolls; however all foes gain a +3 Bonus on Attack Rolls against the user.,feb2016,7,False
normalize,Normalize,Static,,,The user's attacks cannot deal Super-Effective or Resisted Damage; they instead resolve as if dealing Neutral Damage. The user also takes neutral damage from all attacks to which they are not immune. This does not affect Immunities.,feb2016,7,False
oblivious,Oblivious,Static,,,The user is immune to the Enraged and Infatuated conditions. Defensive.,core,325,False
odious-spray,Odious Spray,Static,,,"Connection - Poison Gas. The user may use Poison Gas as if it had a Range ""8, 1 Target"", an AC of 2, and Flinched its target when it hit.",feb2016,7,False
omen,Omen,Scene - Swift Action,,,Choose a Pokémon or Trainer within 5 meters. The target's Accuracy is lowered by 2.,core,325,False
overcharge,Overcharge,Static,,,The user gains Last Chance with Electric.,core,325,False
overcoat,Overcoat,Static,,,"The user is immune to Moves with the Powder Keyword, and does not take damage from any Weather that would normally cause it to take damage. Defensive.",core,325,False
overgrow,Overgrow,Static,,,The user gains Last Chance with Grass.,core,325,False
own-tempo,Own Tempo,Static,,,The user is immune to Confusion. Defensive.,core,325,False
pack-hunt,Pack Hunt,At-Will - Free Action,An adjacent foe is damaged by an ally's Melee Attack,,"The user may make a Physical Attack with an AC of 5 against the triggering foe. If the attack hits, the foe loses a Tick of Hit Points.",core,325,False
parental-bond,Parental Bond,Static,,,"Only Kangaskhan with the Baby Template can be Mega Evolved and gain this Ability. While they have this Ability, the Baby gains 10 Damage Reduction, and will leave its mother's pouch and may be commanded to take action in battle. Both the Baby Kangaskhan with this Ability and its Mother may take their turn when the Mother takes its turn; the Baby will not willingly walk farther than 10 meters from its mother however. If the Baby Kangaskhan with this Ability is Fainted, its mother will become Enraged, and gain 5 Damage Reduction and +5 to Damage Rolls for the remainder of the Scene.",core,325,False
parry,Parry,Scene - Free Action,The user is hit by a Melee Attack,,The attack instead misses. Defensive.,core,325,False
pastel-veil,Pastel Veil,Static,,,The user and allies within 3 meters are immune to Poison. Defensive.,new,2,False
perception,Perception,Static,,,"The user gains +1 Evasion. Whenever an Ally uses a damaging area-of-effect attack that would hit you, you may Disengage as a Free Action before the attack resolves.",feb2016,7,False
perish-body,Perish Body,"Daily - Standard Action, Reaction",The user is hit with a Melee attack,,"The triggering creature and the user each receive a Perish Count of 3. At the beginning of each of the target's turns, their Perish count is lowered by 1. Once a Perish Count reaches 0, set the Pokémon's Hit Points to 0. A Perish Count disappears if a target returns to their Poké Ball, Takes a Breather, or is knocked out. Perish Body never causes Massive Damage. Defensive.",new,2,False
permafrost,Permafrost,Static,,,"The user is immune to damage and Hit Point loss from Hazards, Weather, Status Afflictions, Vortexes, Recoil, Hay Fever, Iron Barbs, Rough Skin, and Leech Seed. Defensive.",feb2016,7,False
phase-shift,Phase Shift,At-Will - Shift Action,,,"The user changes its Ghost-Typing to Dark-Type or vice versa. Has the Phasing Capability while Ghost-Type, and Mindlock while Dark-Type.",got,35,False
photosynthesis,Photosynthesis,Daily - Extended Action,,,"If the user is allowed to bask in normal sunlight for at least 10 minutes, they may heal up to 25% of their Max Hit Points, and remove one Injury.",core,325,False
pickpocket,Pickpocket,Scene - Free Action,The user is hit by an opponent with a Melee Move,,"If the opponent has a Held Item and the user does not, the user takes the Held Item the opponent is holding.",core,326,False
pickup,Pickup,Daily - Extended Action,,,"You may use Pickup as an Extended Action that requires at least 5 minutes. Roll 1d20, consult the Pickup keyword to figure out what you find!",core,326,False
pixilate,Pixilate,At-Will - Free Action,The user uses a Normal-Type damaging Move,,The Move is changed to be Fairy-Type.,core,326,False
plus,Plus,"Scene x2 - Free Action, Reaction",An ally within 10m has Combat Stages raised,,The target gains an additional Combat Stage in one stat raised by the triggering effect. Koffing Line Ability Updates: Koffing: Basic Ability 1: Levitate Adv Ability 1: Sticky Smoke Adv Ability 2: Aftermath Adv Ability 3: Stench High Ability: Neutralizing Gas Weezing: Basic Ability 1: Levitate Adv Ability 1: Sticky Smoke Adv Ability 2: Aftermath Adv Ability 3: Stench High Ability: Neutralizing Gas,new,4,False
poison-heal,Poison Heal,Daily - Free Action,The user becomes Poisoned,,"For the rest of the encounter, while Poisoned or Badly Poisoned, the user gains a Tick of Hit Points at the beginning of each turn instead of losing any Hit Points from Poison. At the end of the encounter, the user is cured of the Poison Status. Additionally, the user does not have any Combat Stages lowered from being Poisoned.",core,326,False
poison-point,Poison Point,Scene - Free Action,The user is hit by a Melee Move,,The attacking foe is Poisoned.,core,326,False
poison-touch,Poison Touch,Static,,,"The Pokémon's Moves which deal damage Poison Legal Targets on 19+. If a move already has a chance of Poisoning foes, Poison Touch increases the effect range by +2.",core,326,False
poltergeist,Poltergeist,Static,,,"Rotom gains an Ability depending on what Form it has taken. If Rotom is level 40 or higher, it also may use a Move based on its Forme as if it that Move was on their Move List. Ability Move Standard Rotom: Levitate None Heat Rotom: Flash Fire Overheat Wash Rotom: Water Absorb Hydro Pump Frost Rotom: Winter's Kiss Blizzard Fan Rotom: Windveiled Hurricane Mow Rotom: Sap Sipper Leaf Storm",feb2016,7,False
polycephaly,Polycephaly,Static,,,The user may make Struggle Attacks as a Swift Action. Struggle Attacks made this way are resisted one step further than they normally would be.,core,326,False
power-construct,Power Construct,Daily - Swift Action,,,"The user changes to Complete Forme until the end of the Scene, and gains Temporary Hit Points equal to half of the maximum hit points that Complete Forme would have. The user cannot gain Temporary Hit Points from other sources while in Complete Forme.",sumo,3,False
power-of-alchemy,Power of Alchemy,Scene - Free Action,,A Trainer or Pokémon within 10 meters,"The Pokémon gains an Ability known by the Target for the remainder of the encounter, or until it is Fainted.",sumo,3,False
power-spot,Power Spot,Static,,,Allies within 2m of the user gain a +5 bonus to damage rolls.,new,3,False
prankster,Prankster,Static,,,The user may use Status Moves as Priority (Advanced).,core,326,False
pressure,Pressure,Scene - Swift Action,,,All foes within 3 meters become Suppressed.,edit,56,False
pride,Pride,Static,,,"While suffering from Burn, Poison, Paralysis, Freezing, or while Asleep, the user's Special Attack is raised 2 Combat Stages. If suffering from none of these conditions, the user loses any Combat Stages gained this way.",core,326,False
prime-fury,Prime Fury,Scene - Swift Action,,,"The user becomes Enraged, and gains +1 Combat Stage in each of Attack and Special Attack.",feb2016,8,False
prism-armor,Prism Armor,Static,,,The user gains +5 Damage Reduction against Super Effective-Damage. Defensive.,sumo,3,False
probability-control,Probability Control,Scene - Free Action,,Any roll made by yourself or an ally.,"The user may reroll any roll, or have any ally reroll any roll that has been made. This leaves discoverable Psychic residue.",core,326,False
propeller-tail,Propeller Tail,Scene - Swift Action,,,The user may make a Sprint Maneuver as a Free Action.,new,3,False
protean,Protean,At-Will - Swift Action,The user uses a Move,,"The user's Type changes to match the Type of the triggering Move. This Ability resolves before the Move is resolved (And thus you may apply STAB, and trigger other Features and Abilities appropriately).",core,327,False
psychic-surge,Psychic Surge,Scene x3 - Swift Action,,,"The Field becomes Weird, as if affected by the Move Psychic Terrain, for one full round.",sumo,4,False
pumpkingrab,Pumpkingrab,Scene - Standard Action,,,The user automatically Grapples an adjacent foe and gains dominance.,feb2016,8,False
punk-rock,Punk Rock,Static,,,The user gains +2 DB to moves that have the Sonic keyword.,new,3,False
pure-blooded,Pure Blooded,Static,,,The user gains Last Chance with Dragon.,core,327,False
pure-power,Pure Power,Static,,,"The Pokémon's base attack stat is doubled. This may double any bonuses from Nature or Vitamins, but not bonuses from Features. Ability List: Q-U",core,327,False
queenly-majesty,Queenly Majesty,Scene x2 - Free Action,An adjacent foe uses a Priority Move or an Interrupt action,An Adjacent Foe,The user may attack the triggering foe with Stomp as a Free Action Interrupt.,sumo,4,False
quick-cloak,Quick Cloak,At-Will - Standard Action,,,"Burmy quickly builds a cloak out of nearby materials; using leaves and twigs will give it a Grass Plant Cloak, using sand and rocks will give it a Ground Sandy Cloak, and using trash or scrap will give it a Steel Trash Cloak. While in a Cloak, Burmy gains the Type associated with the Cloak as a secondary Typing, which will become permanent upon evolution into Wormadam. Cloaks are destroyed if Burmy is hit for Super-Effective Damage, or if Burmy makes a new Cloak.",core,327,False
quick-curl,Quick Curl,Scene - Free Action,,,Connection - Defense Curl. The user may activate this Ability to use Defense Curl as an Standard Action Interrupt and gain +10 Damage Reduction for 1 full round.,feb2016,8,False
quick-feet,Quick Feet,Static,,,"When Poisoned, Burned, Paralyzed, Frozen or put to Sleep, the user's Speed is raised 2 Combat Stages. The user's Initiative is not halved by Paralysis. If the user is healed all Status Conditions, their Speed is lowered appropriately.",feb2016,8,False
radiant-beam,Radiant Beam,Static,,,"The user may use damaging Grass-Type attacks as if they had a range of ""Line 4"" instead of their usual range.",sumo,4,False
ragelope,Ragelope,Static,,,The user's Physical Attacks gain the following Effect,feb2016,13,False
rain-dish,Rain Dish,Daily x5 - Swift Action,,,The user gains a Tick of Hit Points. Rain Dish may only be used while the user is under 50% Hit Points or in Rainy Weather.,feb2016,8,False
rally,Rally,Scene - Swift Action,,,"The user and all allies within 10 meters may immediately Disengage 1 Meter as a free Action. Rally does not work on sleeping, paralyzed, stuck, fainted, or otherwise incapacitated allies.",feb2016,8,False
rattled,Rattled,At-Will - Free Action,"The user is hit by a Bug, Dark, or Ghost Type Move",,"The user's Speed is raised by +1 Combat Stage, and may immediately Disengage as a Free Action.",feb2016,8,False
razor-edge,Razor Edge,Static,,,"Connection - Poison Tail. The user's Critical Hit Range on all Moves is increased by +2; any Moves with ""Tail"" in their name have their Critical Hit Range increased by +3 instead.",core,327,False
receiver,Receiver,Special - Free Action,,,"Each effect below may be used once per scene when triggered:  When an ally faints, the user selects one of their Abilities. The user gains that Ability until the end of the encounter.  When the user faints, they may grant use of one of their Basic Abilities to an ally on the field for the rest of the encounter.",sumo,4,False
reckless,Reckless,Static,,,"Increases the Damage Base of Moves with the Exhaust, Recoil, or Reckless Keywords by +3. Reckless Moves: Jump Kick, Hi Jump Kick, Close Combat, Draco Meteor, Hammer Arm, Leaf Storm, Outrage, Overheat, Petal Dance, Psycho Boost, Superpower, Thrash, and V-Create.",feb2016,8,False
refreshing-veil,Refreshing Veil,Scene - Free Action,,,"Connection - Aqua Ring. Whenever the user activates Aqua Ring, they may activate this Feature to cure themselves of all Persistent Status Effects.",core,327,False
refrigerate,Refrigerate,At-Will - Free Action,The user uses a Normal-Type damaging Move,,The Move is changed to be Ice-Type.,core,327,False
regal-challenge,Regal Challenge,Scene - Swift Action,,Pokémon or Trainer within 5 Meters,"Ask the target if they will show deference or defiance. If they choose Deference, the target loses their next Shift action and loses 3 CS in the Stat of the user's choice. If they choose Defiance, the user gains a +10 Bonus to all Damage Rolls for the rest of the Scene.",feb2016,8,False
regenerator,Regenerator,Daily x2 - Free Action,"The user is recalled into a Poké Ball, or Takes a Breather",,The user gains Hit Points equal to 1/3rd of its maximum Hit Points. Regenerator may be activated only once per Scene.,core,328,False
revelation,Revelation,Scene x2 - Free Action,Someone within 10 meters uses a Damaging Dance Move,,The user may immediately use the triggering Move as a Standard Action interrupt.,sumo,4,False
ripen,Ripen,Static,,,"Any numeric benefits of Berry Food Buffs the user trades in are doubled. (Oran Berries restore 10 HP, Liechi increases Attack by +2 CS, Jaboca causes ¼ Hit Point loss, Occa Weakens a Move 2 stages, etc.). This does not increase the number of statuses cured, Scene Moves restored, stats lowered by suppressants, or allow triggering at double the usual HP one must be at.",new,3,False
rivalry,Rivalry,Static,,,"Whenever the user deals direct damage to a target of the same gender, increase the Damage dealt by +5.",core,328,False
rks-system,RKS System,Scene - Free Action,,A Trainer or Pokémon within 10 meters,"If the user is hit by a damaging attack, they may calculate damage as if they were Normal-Type instead. If they were already Normal-Type, they instead resist the damage one step further.",sumo,4,False
rock-head,Rock Head,Static,,,"The user ignores the Recoil keyword when attacking. If the user moves at least 4 meters in a straight line towards a foe before attacking that foe with a physical attack, they may add a +2d6 Bonus to the Damage Roll against that foe.",feb2016,8,False
rocket,Rocket,Scene - Free Action,A Round Begins,,"The user may take their turn at the top of the round. Priority, Interrupt, or Reaction Moves or Abilities cannot be declared in response to the user's turn.",feb2016,8,False
root-down,Root Down,At-Will - Shift Action,,,"Connection - Ingrain. While the user has the Ingrain Coat, they may activate this Ability to gain 5 Damage Reduction.",feb2016,8,False
rough-skin,Rough Skin,"At-Will - Free Action, Reaction",The user is hit by a damaging Melee Attack,,The attacker loses a tick of Hit Points.,core,328,False
run-away,Run Away,Static,,,The user does not provoke Attacks of Opportunity by Shifting. The user cannot be Trapped.,feb2016,8,False
run-up,Run Up,Static,,,"If the user moves in a straight line to a target and uses a damaging Melee Attack, it may add the number of meters traveled in a direct line as Bonus Damage to a Damage Roll.",core,328,False
sacred-bell,Sacred Bell,Static,,,The user resists Dark and Ghost-Type Damage one step further.,feb2016,13,False
sand-force,Sand Force,Static,,,"While on sandy terrain or in Sandstorms, the user's Ground, Rock, and Steel-Typed damaging moves deal +5 Damage.",feb2016,8,False
sand-rush,Sand Rush,Static,,,"While in Sandstorming Weather or under 50% Max Hit Points, the user's Initiative is doubled.",feb2016,9,False
sand-spit,Sand Spit,"Scene - Free Action, Reaction",The user is damaged by an attack from a foe within 2m,,Connection - Sand Attack. The user attacks the triggering foe with Sand Attack.,new,3,False
sand-stream,Sand Stream,Scene x3 - Swift Action,,,The Weather changes to a Sandstorm for 1 full round.,feb2016,9,False
sand-veil,Sand Veil,Static,,,"The user gains +1 Evasion. This is increased to +2 Evasion while in a Sandstorm or sandy terrain. While in a Sandstorm, the user and adjacent allies do not lose Hit Points due to the Sandstorm.",feb2016,9,False
sap-sipper,Sap Sipper,Scene,,,"The user is immune to the damage and effects of Grass-Type attacks. If the user is hit by a Grass-Type attack, they gain +1 CS in their choice of Attack or Special Attack. Defensive.",feb2016,8,False
schooling,Schooling,Daily - Free Action,,A Trainer or Pokémon within 10 meters,"The user changes to Schooling Forme, and gains Temporary Hit Points equal to half of its own maximum Hit Points. The user cannot gain Temporary Hit Points from other sources while in Schooling Forme. When the user is below half Maximum HP and has no Temporary Hit Points left, they change back into Solo Forme.",sumo,4,False
scrappy,Scrappy,Static,,,Ghost Types are not immune to the user's Normal and Fighting-Type Moves.,core,328,False
screen-cleaner,Screen Cleaner,Daily - Standard Action,,,"All Blessings on the field, both ally and enemy, are removed.",new,3,False
seasonal,Seasonal,Static,,,The user gains an Ability based on the season. - Spring: Run Away - Summer: Grass Pelt - Autumn: Rivalry - Winter: Thick Fat,feb2016,13,False
sequence,Sequence,At-Will - Free Action,The user uses an Electric Attack,,"For every Electric-Type Pokémon adjacent to the user, the triggering Attack deals an additional +3 Damage.",feb2016,9,False
serene-grace,Serene Grace,Static,,,The user's Effect Range is increased by +2.,core,328,False
serpents-mark,Serpent's Mark,Static,,,"Arbok's Advanced and High Abilities depend on the Arbok's hood pattern. To determine its pattern, roll 1d6 upon evolution or upon generation. If an Arbok is bred, it will have the same pattern as its parent. If both parents are Arboks with different patterns, flip a coin to decide which pattern is inherited. Pattern Name - Adv Ability / High Ability 1) Attack Pattern - Strong Jaw / Guts 2) Crush Pattern - Crush Trap / Frisk 3) Fear Pattern - Unnerve / Regal Challenge 4) Life Pattern - Regenerator / Defy Death 5) Speed Pattern - Run Away / Speed Boost 6) Stealth Pattern - Infiltrator / Ambush",feb2016,9,False
shackle,Shackle,Scene - Swift Action,,,Shackle creates a Burst 3. All foes in the burst have their movement capabilities halved until the end of their next turn.,feb2016,9,False
shadow-shield,Shadow Shield,Static,,,"While at full Hit Points, the user resists all damage one step further. Defensive.",sumo,4,False
shadow-tag,Shadow Tag,Scene - Free Action,,An adjacent Trainer or Pokémon,"The target's shadow becomes pinned to the target's current spot for 5 turns. During this time, the target is Slowed and Trapped, and cannot move more than 5 meters from the spot their shadow is pinned to; even being Pushed and other forced movement effects cannot force the target to Move more than 5 meters from that spot.",core,329,False
shed-skin,Shed Skin,Scene - Swift Action,,,"The user is cured of one of Paralysis, Freezing, Burns, Poison, or Sleep.",core,329,False
sheer-force,Sheer Force,Static,,,"Moves with an Effect Range gain a +10 Bonus to Damage, but Effect Ranges can never be triggered.",feb2016,9,False
shell-armor,Shell Armor,Static,,,The user is immune to Critical Hits; they are instead normal hits. Defensive.,core,329,False
shell-cannon,Shell Cannon,Scene - Free Action,,,"When Blastoise uses Aqua Jet, Dive, Flash Cannon, Hydro Cannon, Hydro Pump, Tackle, Waterfall, Water Gun, and Water Spout they may activate this Ability to gain +2 to their Accuracy Roll and deals +4 Bonus Damage with Damage Rolls. When using Aqua Jet, Dive, Tackle, or Waterfall, Blastoise must shift in a straight line to their target to activate this Ability, but their Overland and Swim Speeds are increased by +2 when doing so.",core,329,False
shell-shield,Shell Shield,Scene - Free Action,,,Connection - Withdraw. The user may activate this Ability to use Withdraw as an Standard Action Interrupt and gain +10 Damage Reduction for 1 full round.,feb2016,9,False
shield-dust,Shield Dust,Static,,,"The user ignores the secondary effects that trigger during Accuracy Roll of damaging Moves that target the user. For example, Flamethrower can never inflict the Burn Condition. Defensive.",core,329,False
shields-down,Shields Down,Static,,,"The user has two sets of base stats; Meteor and Core. The HP of both forms must be the same. When the user is in Meteor Forme and are reduced to half Maximum HP or lower, they change to Core Forme. The user returns to Meteor Forme while outside of combat if above half Maximum HP.",sumo,4,False
silk-threads,Silk Threads,Static,,,"Connection - String Shot. Whenever the user uses String Shot, all targets hit become Slowed and Vulnerable for 1 full round.",feb2016,9,False
simple,Simple,Static,,,"When the Pokémon's Combat Stages are altered, double the amount of Combat Stages they are raised or lowered.",core,329,False
skill-link,Skill Link,Scene - Free Action,The user hits with a Move with the Five Strike keyword.,,The Triggering Move automatically hits 5 Times.,core,329,False
slow-start,Slow Start,Static,,,"For 3 rounds after joining an encounter, the user's Speed and Attack Stats are halved and they have 10 Damage Reduction.",core,330,False
slush-rush,Slush Rush,Static,,,"While in Hailing Weather or under half maximum Hit Points, the user's Initiative is doubled.",sumo,4,False
sniper,Sniper,Static,,,"When the user gets a Critical Hit, the attack deals +3d10 additional damage.",feb2016,9,False
snow-cloak,Snow Cloak,Static,,,"The user gains +1 Evasion. This is increased to +2 Evasion while in Hail or snowy terrain. While in Hail, the user and adjacent allies do not lose Hit Points due to the Hail.",feb2016,9,False
snow-warning,Snow Warning,Scene - Free Action,,,The Weather changes to Hail for 5 rounds. As a static effect the user is not damaged by Hail.,core,330,False
snuggle,Snuggle,Scene - Standard Action,,An adjacent target,The user and the target each gain two ticks of Temporary Hit Points.,feb2016,13,False
sol-veil,Sol Veil,Static,,,"The user gains +1 Evasion. This is increased to +2 Evasion while in Sunny Weather or on grassy terrain. While in Sunny Weather, the user gains +5 Damage Reduction.",feb2016,13,False
solar-power,Solar Power,Scene x2- Swift Action,The user rolls Damage,,"The user loses a Tick of Hit Points, and gains a bonus to the triggering damage roll equal to 5 + their Tick Value. Solar Power may be activated ignoring Frequency while in Sunny Weather.",feb2016,9,False
solid-rock,Solid Rock,Static,,,The user gains +5 Damage Reduction against Super- Effective damage. Defensive.,feb2016,9,False
sonic-courtship,Sonic Courtship,Scene - Free Action,The user uses Attract,,"Connection - Attract. The user may use Attract as if it had a range of ""Burst 3, Sonic, Friendly"".",feb2016,9,False
soothing-tone,Soothing Tone,Static,,,"Connection - Heal Bell. Whenever the user uses a Move that targets allies, those allies gain temporary Hit Points equal to the user's Special Attack. This may affect a specific ally only once per Scene.",feb2016,9,False
sorcery,Sorcery,Static,,,"The user's Base Special Attack Stat is increased by +5, and by +1 more for every 10 Levels the user has. This Ability cannot be disabled in any way.",feb2016,13,False
soul-heart,Soul Heart,Scene x2 - Free Action,A combatant in the encounter Faints,,The user receives +2 Special Attack Combat Stages and gains a tick of Temporary Hit Points.,sumo,5,False
soulstealer,Soulstealer,Scene - Free Action,The user's attack causes a foe to Faint,,"The user removes one Injury from themselves and gains Hit Points equal to 25% of their Max Hit Points. If the triggering attack killed its target, the user instead removes all Injuries and recovers Hit Points equal to 50% of the user's Max Hit Points.",feb2016,10,False
sound-lance,Sound Lance,Scene x2 - Swift Action,The user uses Supersonic,,Connection - Supersonic. The target of Supersonic loses Hit Points equal to the user's Special Attack. This occurs even if Supersonic misses.,feb2016,10,False
soundproof,Soundproof,Static,,,The Pokémon is immune to Moves with the Sonic Keyword. Defensive.,core,330,False
speed-boost,Speed Boost,Static,,,The Pokémon's Speed is raised 1 Combat Stage at the end of each of its turns. Speed Boost has no effect while out of combat.,core,330,False
spike-shot,Spike Shot,Static,,,"The user may use Moves with a Range of ""Melee, 1-Target"" as if they had a Range of ""8, 1-Target"" instead.",feb2016,13,False
spinning-dance,Spinning Dance,At-Will - Free Action,"The user is targeted by an attack, but is missed",,"If not Fainted, Paralyzed, or Asleep, the user gains +1 Evasion and may immediately Shift 1 meter.",core,330,False
spiteful-intervention,Spiteful Intervention,Static,,,"Connection - Spite. The user may use Spite in response to an attack hitting an ally, in addition to hitting themselves.",core,330,False
spray-down,Spray Down,Scene x2 - Free Action,The user hits an airborne target with a ranged 1-target attack,,"The triggering attack's target is knocked down to ground level, and loses all Sky or Levitate Speeds for 3 turns. During this time, they may be hit by Ground-Type Moves even if normally immune.",feb2016,10,False
sprint,Sprint,Scene - Swift Action,The user uses the Sprint Action during Combat,,The user gains +2 Speed Combat Stages.,feb2016,10,False
stakeout,Stakeout,Static,,,The user gains a +2d6+4 bonus on damage rolls against foes that were released from a Pokéball or entered the encounter since the user's last turn.,sumo,5,False
stall,Stall,Static,,,"In a round's queue, a Pokémon with Stall is always last. If a Pokémon goes to the end of the queue, the Pokémon with Stall is still the last to move. The user's actions taken on their Initiative Count (not Priority or Interrupt) cannot be Interrupted.",core,331,False
stalwart,Stalwart,"Scene - Free Action, Reaction",The user receives Massive Damage,,"The user's Attack, Special Attack, Defense, and Special Defense all increase by 1 CS.",new,3,False
stamina,Stamina,At-Will - Free Action,The user is hit by a Damaging Attack,,The user receives +1 Defense Combat Stage. Defensive.,sumo,5,False
stance-change,Stance Change,Static,,,"Aegislash has two Stances: Shield Stance and Sword Stance. Its default Stance is Shield Stance. Whenever Aegislash uses a damaging attack, it switches to Sword Stance and swaps its Attack Stat with its Defense and its Special Attack Stat with its Special Defense, without changing Combat Stages. Whenever Aegislash uses King's Shield, Protect, a Status Move that raises Defense Combat Stages, or a Blessing, it switches to Shield Stance and swaps its offensive and defensive Stats back to their original arrangement. Aegislash may also change its Stance as a Full Action.",core,331,False
starlight,Starlight,Daily - Swift Action,,,"The user may activate Starlight while exposed to moonlight or starlight to become Luminous. As a Swift Action, the user may expend the Luminous condition to gain +2 Special Defense CS and +2 Evasion for the rest of the Scene.",feb2016,10,False
starswirl,Starswirl,Scene - Swift Action,,,Connection - Rapid Spin. The user may activate this Ability to user Rapid Spin as a Swift Action.,feb2016,10,False
static,Static,Scene - Free Action,The user is hit by a Melee Attack,,The attacking foe becomes Paralyzed.,core,331,False
steadfast,Steadfast,At-Will - Free Action,The user would be Flinched,,The user's Speed is raised by +1 Combat Stage.,feb2016,10,False
steam-engine,Steam Engine,"Scene x2 - Swift Action, Reaction","The user is hit by a damaging Fire-Type or Water-Type Move, or begins their turn in Rainy Weather",,"Connection - Smokescreen. The user may use Smokescreen as a Free Action, ignoring frequency, centered on the user.",new,3,False
steelworker,Steelworker,Scene - Free Action,The user takes damage while adjacent to its Anchor,,The user calculates damage as if it was only Steel-Typed.,sumo,5,False
stench,Stench,Static,,,"The Pokémon's Moves Flinch Targets on a roll of 18+. If a move already has a chance of Flinching foes, the Effect Range is increased by +3 instead. Whenever the user Flinches a foe with an attack, that foe gains a -2 penalty to Accuracy Rolls for 1 full round.",feb2016,10,False
sticky-hold,Sticky Hold,Static,,,"The Pokémon's held items cannot be stolen, switched, destroyed or dropped.",core,331,False
sticky-smoke,Sticky Smoke,Scene - Free Action,,,Connection - Smokescreen. All targets that begin or end their turn in the target's Smokescreen have their Accuracy lowered by -1. This penalty may occur multiple times. This stacks with the usual penalties from Smokescreen.,core,331,False
storm-drain,Storm Drain,Scene - Free Action,A ranged Water Type Move is used within 10 Meters of the user.,,"The Move is turned into a 1-Target Move and is re-directed at the user without fail, and cannot miss. This negates Lock-On or Mind Reader. the user's Special Attack is then raised by +1 Combat Stage.",feb2016,10,False
strange-tempo,Strange Tempo,At-Will - Special,,,"While Confused, the user may choose either to 1) As a Free Action, not to roll for Confusion, instead acting normally or 2) As a Standard Action, cure themselves of Confusion and gain +2 Combat Stages to the Stat of their choice.",core,331,False
strong-jaw,Strong Jaw,Static,,,"The user has the Damage Base of the following Moves increased by +2; Bite, Bug Bite, Crunch, Fire Fang, Ice Fang, Thunder Fang, Poison Fang, and Hyper Fang.",core,331,False
sturdy,Sturdy,Static,,,"The user is immune to Moves with the Execute Keyword. If a single source of Damage or Hit Point Loss would cause the user to lose more than X Hit Points, the damage or Hit Point loss is instead reduced to X. X is equal to 50% of their Max Hit Points. Defensive.",feb2016,10,False
suction-cups,Suction Cups,At-Will - Shift Action,,,The user gains +5 Damage Reduction for 1 full round.,feb2016,10,False
sumo-stance,Sumo Stance,At-Will - Shift Action,The user hits a foe with a Melee Attack,,The triggering foe is Pushed 1 meter away from the user and the user is immune to Push Effects for 1 full round.,feb2016,10,False
sun-blanket,Sun Blanket,Daily x5 - Swift Action,The user gains Initiative.,,The user gains a Tick of Hit Points. Sun Blanket may only be triggered while the user is under 50% Hit Points or in Sunny Weather.,feb2016,10,False
sunglow,Sunglow,Daily - Swift Action,,,"The user may activate Sunglow while exposed to sunlight to become Radiant. As a Swift Action, the user may expend the Radiant condition to gain +2 Attack CS and +2 Accuracy for the rest of the Scene.",feb2016,10,False
super-luck,Super Luck,Static,,,"The Pokémon's Moves are Critical Hits on 18-20. If a Move already has an extended Critical Hit range, Super Luck extends that range by 2.",core,332,False
surge-surfer,Surge Surfer,Static,,,"On Electric Terrain or while under half maximum Hit Points, the user's Initiative is doubled.",sumo,5,False
swarm,Swarm,Static,,,The user gains Last Chance with Bug.,core,332,False
sway,Sway,"Scene - Standard Action, Interrupt",The user is hit by a damaging Melee attack,,The triggering attack misses the user and hits the foe that made the attack instead. That foe may then be pushed to any empty square adjacent to the user.,core,332,False
sweet-veil,Sweet Veil,Static,,,The user and allies within 3 meters are immune to Sleep. Defensive.,core,332,False
swift-swim,Swift Swim,Static,,,"While in Rainy Weather or under 50% Max Hit Points, the user's Initiative is doubled.",feb2016,11,False
symbiosis,Symbiosis,Scene - Swift Action,,An adjacent ally,"The user choses a Held Item they are holding. If the target is willing, they also gain the effects of the chosen item for the rest of the Scene. Items that are activated at a frequency may be activated independently by the user and the the target.",feb2016,11,False
synchronize,Synchronize,Scene - Free Action,"The user is Paralyzed, Frozen, Burned, Poisoned, or put to Sleep.",,The foe which caused the Status Condition is given the same Status they inflicted.,core,332,False
tangled-feet,Tangled Feet,Static,,,"While Confused or Slowed, the user gains +3 Evasion. The user is immune to the Vulnerable Condition.",feb2016,11,False
tangling-hair,Tangling Hair,At-Will - Free Action,The user is hit by a Melee Attack,,The attacker receives -1 Speed Combat Stage and is Slowed until the end of its next turn.,sumo,5,False
targeting-system,Targeting System,Scene - Free Action,,,Connection - Lock-On. The user may activate this Ability to use Lock-On as a Swift Action.,core,332,False
teamwork,Teamwork,Static,,,"While you are adjacent to an opponent, allies using Melee attacks against that opponent receive a +2 bonus to Accuracy Checks.",core,332,False
technician,Technician,Static,,,Moves with a Damage Base of 6 or lower have their Damage Base increased by +2. This bonus always applies to Moves with the Double Strike or Fivestrike Keywords.,core,332,False
telepathy,Telepathy,Static,,,"The user gains +1 Evasion. Whenever an Ally uses a damaging area-of-effect attack that would hit you, you may Disengage as a Free Action before the attack resolves.",feb2016,11,False
teravolt,Teravolt,Static,,,"The user's Electric-Type Attacks ignore the effect of enemies' Defensive Abilities, and if they would be resisted they deal neutral damage instead.",feb2016,11,False
thermosensitive,Thermosensitive,Static,,,"While Sunny, the user's Attack and Special Attack are raised by +2 combat stages each. While Hailing, the user's movement capabilities are reduced by half.",core,333,False
thick-fat,Thick Fat,Static,,,The user resists Fire-Type and Ice-Type attacks one step further. Defensive.,core,333,False
thrust,Thrust,Static,,,"All moves used by this Pokémon which consult the Attack stat now have the Push keyword. The default push for moves is 1 meter. If a move already has the Push Keyword, that move may push 1 additional meter.",core,333,False
thunder-boost,Thunder Boost,At-Will - Free Action,An adjacent Ally uses a damaging Electric- Type Move,,The allied target gains a +5 Bonus to its damage roll with the triggering Move. A target may not benefit from more than one instance of Thunder Boost at a time.,core,333,False
tingle,Tingle,At-Will - Free Action,The user hits an adjacent target foe with a 1-Target attack,,The target loses a Tick of Hit Points and takes a -5 penalty to Damage Rolls for 1 full round.,feb2016,13,False
tingly-tongue,Tingly Tongue,Scene x2 - Free Action,The user hits a target with Lick,,"Connection - Lick. Lick's Damage Roll gains a +10 Bonus and automatically paralyses its target. On a roll of 15+, the target automatically fails its Paralysis Save Check on its next turn.",core,333,False
tinted-lens,Tinted Lens,Static,,,The user's Resisted Moves are instead Neutral. The user's Doubly Resisted Moves are instead Resisted. The user's Triply Resisted Moves are instead Double Resisted.,core,333,False
tochukaso,Tochukaso,Static,,,The user resists Bug-Type and Poison-Type attacks one step further. Defensive.,core,333,False
tolerance,Tolerance,Static,,,Any Types resisted by the user are resisted one step further. Defensive.,core,333,False
tonguelash,Tonguelash,Scene x2 - Free Action,The user hits a target with Lick,,Connection - Lick. Lick automatically Paralyzes and Flinches its target.,feb2016,13,False
torrent,Torrent,Static,,,The user gains Last Chance with Water.,core,333,False
tough-claws,Tough Claws,Static,,,The user increases the Damage Base of all Melee Moves by +2.,core,333,False
toxic-boost,Toxic Boost,Scene - Swift Action,,,The user gains +3 Attack and Special Attack Combat Stages. Toxic Boost may only be used while Poisoned or Badly Poisoned.,feb2016,11,False
trace,Trace,Scene - Free Action,,A Trainer or Pokémon within 10 meters,"The Pokémon gains an Ability known by the Target for the remainder of the encounter, or until it is Fainted.",core,333,False
transporter,Transporter,Daily x3 – Free Action,You Teleport Choose One Effect: Connection – Teleport. You activate Teleporter as if your Teleporter value were three times its normal value; or you may take one willing adjacent Pokémon or Trainer along with you as you teleport so long as you are touching them when you activate Transporter. You may expend two uses of Transporter at once to choose both effects. 11 Feb 2016 Playtest New Abilities!,,,feb2016,,True
triage,Triage,Static,,,The user's moves with the Healing keyword may be used as Priority moves.,sumo,5,False
trinity,Trinity,Static,,,"Connection - Tri Attack. You may use Tri Attack as if it had a range of ""Melee, 3 Targets"". Make a different attack roll for each target. If Tri-Attack's effect range is activated, do not roll for the effect; the first target can only be Frozen, the second can only be Burned, and the third can only be Paralyzed. Additionally, you may use Tri-Attack as a Physical Attack if you wish.",feb2016,13,False
truant,Truant,Static,,,"At the beginning of each of its turns, the user must roll 1d20. On a roll of 7 or lower, the target refuses to act; they heal a Tick of Hit Points, and do not get a Standard Action that turn. Turns in which the user refuses to act count towards turns used up by Interrupts or the Exhausted Condition, and the user may make Rolls to cure themselves from Status Effects with a +3 Bonus that turn.",core,334,False
turboblaze,Turboblaze,Static,,,"The user's Fire-Type Attacks ignore the effect of enemies' Defensive Abilities, and if they would be resisted they deal neutral damage instead.",feb2016,11,False
twisted-power,Twisted Power,Static,,,The user adds half of their Attack Stat to the damage rolls of their Special Moves; and the user adds half of their Special Attack Stat to the damage of their Physical Moves. This does not change the Damage Class of any attack.,core,334,False
type-aura,Type Aura,Static,,,The user and all allies within 3 meters gain a +5 Bonus to Damage Rolls with Moves matching the user's Primary Type.,feb2016,13,False
type-strategist,Type Strategist,Static,,Your Pokémon,"Whenever the user uses a Move of the Type associated with Type Strategist, they gain +5 Damage Reduction for one full round. If they are under 1/3rd of their Maximum Hit Points, they instead gain +10 Damage Reduction. Dragon: Command or Intimidate Bug: Command or Survival Dark: Guile or Stealth Ghost: Intimidate or Occult Education Flying: Acrobatics or Perception Fire: Focus or Intimidate Poison: Intimidate or Stealth Psychic: Focus or Occult Education Normal: Charm or Intuition Type Refresh [Branch] [Orders] Prerequisites: Type Ace 2 AP - Standard Action The target regains one use of a Scene-Frequency Move of your Chosen Type, and refreshes the Frequency of all EOT-Frequency Moves of your chosen Type. A Target can be affected by Type Refresh only once per Scene.",core,119,False
ugly,Ugly,Static,,,"The Pokémon's Moves Flinch Targets on a roll of 19+. If a move already has a chance of Flinching foes, the Effect Range is increased by +2 instead. During the Introduction Stage of a Contest using this Pokémon, any 6s that are rolled instead count as 1s.",core,334,False
unaware,Unaware,Static,,,"Whenever the user attacks, they ignore all positive Combat Stages to the target's Defense, Special Defense, and Speed.",sumo,6,False
unbreakable,Unbreakable,Static,,,The user gains Last Chance with Steel.,core,334,False
unburden,Unburden,Static,,,"The default state of the user's Speed is +2 Combat Stages. While holding a Held Item, the user's Speed is lowered by 2 Combat Stages.",feb2016,11,False
unnerve,Unnerve,At-Will - Swift Action,,A foe within 6 meters,The target cannot gain positive Combat Stages or trade in Digestion Buffs for 1 full round.,feb2016,11,False
vanguard,Vanguard,Static,,,The user gains a +5 Bonus to all Damage Rolls against targets with an initiative lower than itself that have not yet acted that round (having Ante'd up your Action via an Interrupt or similar on a previous round does not count as having acted that round).,core,334,False
venom,Venom,Static,,,The user gains Last Chance with Poison.,core,334,False
vicious,Vicious,Scene - Special,The user uses Hone Claws,,"Connection - Hone Claws. When this Ability is activated, choose one effect; the user gains another Standard Action this round; or the user increase their Critical Hit Range on all attacks by +2 for the remainder of the encounter.",core,334,False
victory-star,Victory Star,Static,,,Any allied Pokémon in the encounter gain a +2 Bonus to Accuracy Rolls.,core,334,False
vigor,Vigor,Daily - Free Action,The user uses Endure,,"Connection - Endure. When this Ability is activated, after being set to 1 Hit Point, the user gains a Tick of Hit Points. Furthermore, if the Move that triggered Endure gave the user an Injury from Massive Damage, the user does not gain that Injury. Defensive.",core,334,False
vital-spirit,Vital Spirit,Static,,,"The user is immune to the Sleep condition, and cannot use the move Rest. Defensive.",core,335,False
volt-absorb,Volt Absorb,Static,,,"The user is immune to the damage and effects of Electric-Type attacks, and whenever they are hit with an Electric Type attack, they gain Hit Points equal to a Tick of Hit Points. Defensive.",core,335,False
voodoo-doll,Voodoo Doll,Daily - Free Action,The user uses the Move Curse as a Ghost Type,,Connection - Curse. Choose an additional target within 8 meters of the user to become Cursed.,core,335,False
wallmaster,Wallmaster,Static,,,"Connection - Barrier. Whenever the user uses Barrier, they may choose to either gain +2 Defense Combat Stages, or place 2 additional segments of Barrier.",core,335,False
wandering-spirit,Wandering Spirit,"Scene - Free Action, Reaction",The user is hit by a Melee attack,,"The user exchanges Wandering Spirit with a random Ability of the opposing Pokémon, as per the Move Skill Swap.",new,3,False
wash-away,Wash Away,Daily - Free Action,The user hits with a Water Type Move,,"Before the Move ""hits"", all Combat Stages on targets hit by the Move are reset to their default (usually 0), and all coats on the targets, except ones placed by Water Sport, are destroyed.",core,335,False
water-absorb,Water Absorb,Static,,,"The user is immune to the damage and effects of Water-Type attacks, and whenever they are hit with a Water Type attack, they gain a Tick of Hit Points. Defensive.",core,335,False
water-bubble,Water Bubble,Static,,,"The user resists Fire-Type attacks one step further, is immune to being Burned, and may always act as though in Rainy Weather. Defensive.",sumo,5,False
water-compaction,Water Compaction,At-Will - Free Action,The user is hit by a Water Type Move,,The user receives +2 Defense Combat Stages. Defensive.,sumo,5,False
water-veil,Water Veil,Static Keywords: Immune,,,The user is immune to Burns. Defensive.,core,335,False
wave-rider,Wave Rider,Static,,,"While in water, the user's Speed Stat gains +4 Combat Stages. Remove these Combat Stages if the user exits the water.",core,335,False
weak-armor,Weak Armor,At-Will - Free Action,The user takes Physical damage.,,"The user may lower its Defense by 1 Combat Stage, and gain +1 Speed Combat Stage. This is done after the triggering damage is resolved.",core,335,False
weaponize,Weaponize,Static,,,"While being wielded as a Living Weapon and being actively Commanded as a Pokémon, the user may Intercept for its Wielder as a Free Action.",core,335,False
weeble,Weeble,"At-Will - Standard Action, Reaction",The user is hit by a damaging attack,,"The user may make an AC4 Physical Attack against an adjacent target. If the attack hits, the target loses Hit Points equal to 1/3rd of the damage taken by the user from the attack that triggered Weeble.",core,335,False
weird-power,Weird power,Static,,,"If the user's Attack is higher than its Special Attack, the user may add its Attack Stat to its Special Damage Rolls. If their Special Attack is higher, they user may add its Special Attack Stat to its Physical Damage Rolls. This does not stack with Mixed Power.",feb2016,13,False
whirlwind-kicks,Whirlwind Kicks,Static,,,"Connection - Triple Kick. When the user uses the Moves ""Rapid Spin"" or ""Triple Kick"", they have a range of ""Burst 1"".",feb2016,11,False
white-flame,White Flame,Static,,,"The user may not make rolls to cure themselves from the Enraged condition. However, while Enraged, the user gains a +5 Bonus to all Damage Rolls.",core,335,False
white-smoke,White Smoke,Static,,,"The user's Combat Stages, Evasion, or Accuracy may not be lowered except by the user's own Moves and effects. Defensive.",core,335,False
wily,Wily,Static,,,The user's X-target Status Class Moves may target an additional target within range.,sumo,5,False
windveiled,Windveiled,Static,,,"The user is immune to the damage and effects of Flying-Type attacks. If the user is hit by a Flying-Type attack, the user gains +1 Speed CS. Defensive.",feb2016,11,False
winters-kiss,Winter's Kiss,Static,,,"The user does not take damage from Ice-Type Moves. Whenever the user uses or is hit by an Ice- Type Move, the user is healed by a Tick of Hit Points. Defensive.",core,336,False
wishmaster,Wishmaster,Static,,,"Connection - Wish. Whenever the user uses Wish, the user may pick one of the following effects: the target is healed instantly instead of the following round; or the target gains +2 CS to the Stat of their choice upon being healed; or the target is cured of any Status Affliction.",core,336,False
wistful-melody,Wistful Melody,Scene - Free Action,,,"Connection - Sing. Whenever the user uses Sing, they may activate to his Ability to cause targets that are targeted by Sing have their Attack and Special Attack lowered by -2 CS each, whether Sing successfully hits that target or not. This Ability does not affect targets with the Soundproof Ability.",core,336,False
wobble,Wobble,Scene - Free Action,The user is hit by a damaging attack,,"The user may use either Counter or Mirror Coat as a Reaction, ignoring Frequency.",core,336,False
wonder-guard,Wonder Guard,Static,,,Only damaging attacks that are Super-Effective affect the Pokémon with Wonder Guard; all other damaging attacks cannot hit the user or deal damage. Wonder Guard loses its effect if the user has no weaknesses. Defensive.,core,336,False
wonder-skin,Wonder Skin,Static,,,The user gains +6 Evasion against Status Moves. Defensive.,core,336,False
zen-mode,Zen Mode,Scene - Swift Action,,,"The user changes into Zen Mode forme for the rest of the Scene, and may use the Moves ""Flamethrower"" and ""Psychic"" as if they were on its Move List.",feb2016,11,False
zen-snowed,Zen Snowed,Scene - Swift Action,,,"The user changes into Zen Mode forme for the rest of the Scene, and may use the Moves ""Ice Punch"" and ""Fire Punch"" as if they were on its Move List.",new,3,False
