id,name,parent_class,section,tags,prerequisites_text,activation_text,effect_text,source_id,source_page,needs_review
branded,Branded,Branded,Legendary Advancement,"[""PATRON STAT""]",Prerequisites: GM Permission,Static,"You have made a contract with a deity or other supernatural being and have been Branded for it. This Brand may or may not be of your choosing. The other party will uphold their side of the deal and expects you to do the same. Other Legendaries may be wary to grant you Gifts in the future based on the contents of this contract. Your Patron Stats for this feature are those of the being you made your contract with. If this being was not a typical Legendary, its Patron Stats are its two highest base stats.",blessed,50,False
gift-of-command,Gift of Command,General Legendary Gifts,Legendary Advancement,"[""PATRON STATS""]",Prerequisites: One Major Gift from Your Patron,"Legendary Static | 2 AP - Standard Action, Interrupt Static Effect: You sense the presence of and can identify those with Gifts coming from your patron's subservient Pokémon. You know which Gifts someone has from your patron's subservient Pokémon by looking at them. 2 AP Effect: Target Trainer within 8 meters with a Gift from your patron's subservient Pokémon has the Gift of your choice from that subservient Pokémon disabled for the next ten minutes.",,blessed,53,True
giftsapper,Giftsapper,General Legendary Gifts,Legendary Advancement,"[""+Any Stat""]","Prerequisites: GM Permission, No Gifts",Static,"As long as Giftsapper's user is conscious, all Trainers within 10 meters must make a Focus Check with DC equal to three times the highest Skill Rank of Giftsapper's user between Focus, Intimidate, or Command in order to activate their Gifts. This Check is made each time a Trainer attempts to use an activated Gift, and a failure means neither any resources such as AP nor the frequency of the Gift is expended. For Gifts with Static or ongoing effects, the Check is made each turn, and a failure ends the effect for that turn. Giftsapper's user may never gain Gifts.",blessed,54,False
symbolsight,Symbolsight,General Legendary Gifts,Legendary Advancement,"[""PATRON STAT""]",Prerequisites: GM Permission,Static | 1 AP - Standard Action,,blessed,54,True
blessed-power,Blessed Power,Legendary Blessings,Legendary Advancement,[],Prerequisites: Blessed Strike,Messiah: Static Signer: Swift Action Messiah Effect: Choose a Damaging Move on your Patron's Level Up List that has a Damage Base of 8 or lower and matches one of their Types. You learn this Move. Signer Effect: You instead gain this chosen Move until of combat. You may choose a different Move each time you activate this Sign.,,blessed,55,True
blessed-resilience,Blessed Resilience,Legendary Blessings,Legendary Advancement,[],Prerequisites: Blessed Power,Messiah: Static Signer: Standard Action Messiah Effect: Choose two Types your Patron has Resistance or Immunity to. You gain Resistance to these types. Signer Effect: Choose a single Type your Patron has Resistance or Immunity to. You gain this Resistance to this Type until the end of the Scene. You may choose a different Type each time you use Blessed Resilience.,,blessed,56,True
insight-of-the-great-ones,Insight of the Great Ones,Legendary Blessings,Legendary Advancement,[],Prerequisites: Ancient Wisdom,"Messiah: Scene - Swift Action Signer: Swift Action Signer Target: A Pokémon or Trainer. Messiah Effect: You become aware of any Pacts, Patrons, or Allegiances the Target may have to a Legendary being or any organizations. If this Target has a particular weakness (Both Narrative and mechanical), you become aware of it. You also become aware of any goals or motives the Target might possess at the moment. Signer Effect: You learn one of the Target's weaknesses (Narrative or mechanical). If this target aligned to a Legendary or an organization, you become of aware of this fact, but not of who or what in particular. You also learn if this Targets motives or goals would harm your Patron or their followers.",,blessed,56,True
luck-of-the-gods,Luck of the Gods,Legendary Blessings,Legendary Advancement,[],Prerequisites: Paragon,Messiah: Daily - Free Action Signer: Free Action Messiah Trigger - You fail a Skill Check or Accuracy Roll. Signer Trigger - You roll a Skill Check or Accuracy Roll. Messiah Effect: You may reroll this Skill Check or Accuracy Roll. Signer Effect: You may add +4 to this Skill Check or +2 to this Accuracy Roll.,,blessed,55,True
soul-mending,Soul Mending,Legendary Blessings,Legendary Advancement,[],Prerequisites: Spirit Mending,"Messiah: One Time Use/10 - Extended Action Signer: Interrupt Messiah Trigger: A Trainer or Pokémon dies. Signer Trigger: A Trainer or Pokémon is reduced below 0 HP. Messiah Effect: Your divine powers allow you to intervene, saving the Target's life. They are set to 5 Injuries that will heal at half the normal rate, and 1 HP. Signer Effect: The Target receives no further injuries after being reduced below 0 HP. If being Knocked Out alone would set them to 10 injuries, they instead are set to 9 Injuries.",,blessed,55,True
articunos-major-gift-winters-kiss,Articuno's Major Gift - Winter's Kiss,Legendary Gifts,Legendary Advancement,[],Prerequisites: Minor Gift - Elemental Soul,Static,You gain the Winter's Kiss Ability.,blessed,58,False
azelfs-major-gift-drain-will,Azelf's Major Gift - Drain Will,Legendary Gifts,Legendary Advancement,[],Prerequisites: Minor Gift - Force of Will,3 AP - Standard Action,"You and the Target make a Contested Focus Check. If you win the Check, the Target is unable to take Shift or Standard Actions for their next 1d2 turns. Regardless of whether or not you won the Check, the Target suffers a -3 penalty to all rolls for the rest of the encounter, or for fifteen minutes outside of combat. The target becomes immune to further uses of Drain Will for 24 hours.",blessed,60,False
azelfs-minor-gift-force-of-will,Azelf's Minor Gift - Force of Will,Legendary Gifts,Legendary Advancement,[],Prerequisites: GM Permission,,Reroll all dice that result in a roll of 1 when making Focus and Command Checks.,blessed,59,False
cresselias-major-gift-dreamspinner,Cresselia's Major Gift - Dreamspinner,Legendary Gifts,Legendary Advancement,[],"Prerequisites: Major Gift - Oneiromancy, Major Gift -",Dream Augury Static,You gain the Dreamspinner Ability.,blessed,65,False
cresselias-pact-gift-lunar-dance,Cresselia's Pact Gift - Lunar Dance,Legendary Gifts,Legendary Advancement,[],Prerequisites: Major Gift - Dreamspinner,Static,You learn the Move Lunar Dance.,blessed,65,False
darkrais-major-gift-bad-dreams,Darkrai's Major Gift - Bad Dreams,Legendary Gifts,Legendary Advancement,[],"Prerequisites: Major Gift - Oneiromancy, Major Gift -",Dream Augury Static,You gain the Bad Dreams Ability.,blessed,65,False
darkrais-pact-gift-dark-void,Darkrai's Pact Gift - Dark Void,Legendary Gifts,Legendary Advancement,[],Prerequisites: Major Gift - Bad Dreams,Static,You learn the Move Dark Void.,blessed,65,False
dialgas-major-gift-probability-control,Dialga's Major Gift - Probability Control,Legendary Gifts,Legendary Advancement,[],Prerequisites: Perfect Timing,Static,You gain the Probability Control Ability.,blessed,64,False
dialgas-major-gift-time-stop,Dialga's Major Gift - Time Stop,Legendary Gifts,Legendary Advancement,[],Prerequisites: Major Gift - Realm Portal,"Daily - Swift Action, Interrupt",Take an additional Shift Action and Standard Action.,blessed,64,False
dialgas-minor-gift-perfect-timing,Dialga's Minor Gift - Perfect Timing,Legendary Gifts,Legendary Advancement,[],Prerequisites: GM Permission,Static,You always intuitively know what time it is and can accurately act as a human stopwatch.,blessed,64,False
dialgas-pact-gift-roar-of-time,Dialga's Pact Gift - Roar of Time,Legendary Gifts,Legendary Advancement,[],Prerequisites: All Dialga and Shared Creation Trio,Major Gifts Static,You learn the Move Roar of Time,blessed,64,False
enteis-major-gift-flash-fire,Entei's Major Gift - Flash Fire,Legendary Gifts,Legendary Advancement,[],Prerequisites: Minor Gift - Elemental Soul,Static,You gain the Flash Fire Ability.,blessed,58,False
giratinas-major-gift-banish,Giratina's Major Gift - Banish,Legendary Gifts,Legendary Advancement,[],Prerequisites: Major Gift - Realm Portal,Daily - Standard Action,"Remove a single Target within 8 meters from the encounter for 1d2+1 rounds. The Target experiences no loss of time. They reappear in the same spot that they disappeared from, or in the nearest unoccupied space.",blessed,64,False
giratinas-major-gift-pressure,Giratina's Major Gift - Pressure,Legendary Gifts,Legendary Advancement,[],Prerequisites: Minor Gift - Death Sense,Static,You gain the Pressure Ability.,blessed,64,False
giratinas-minor-gift-death-sense,Giratina's Minor Gift - Death Sense,Legendary Gifts,Legendary Advancement,[],Prerequisites: GM Permission,Static,"When encountering a corpse, you can always tell how many hours ago the Pokémon or Trainer has died, for up to a week after their death.",blessed,64,False
giratinas-pact-gift-shadow-force,Giratina's Pact Gift - Shadow Force,Legendary Gifts,Legendary Advancement,[],Prerequisites: All Giratina and Shared Creation Trio,Major Gifts Static,You learn the Move Shadow Force.,blessed,64,False
groudons-major-gift-drought,Groudon's Major Gift - Drought,Legendary Gifts,Legendary Advancement,[],Prerequisites: Minor Gift - Landmaster,Static,You gain the Drought Ability.,blessed,63,False
groudons-major-gift-earthshaker,Groudon's Major Gift - Earthshaker,Legendary Gifts,Legendary Advancement,[],Prerequisites: Minor Gift - Landmaster,Static,You gain the Groundshaper Capability.,blessed,63,False
groudons-major-gift-magma-spirit,Groudon's Major Gift - Magma Spirit,Legendary Gifts,Legendary Advancement,[],Prerequisites: Minor Gift - Landmaster,Daily - Standard Action,"For the next three rounds, foes within 6 meters of you do not gain the benefits of Sunny Day. Their Fire Type Moves do not deal extra damage, Solar Beam retains the default charge time, Abilities based on Sunny Weather do not activate, and Moves such as Synthesis do not gain added benefit. All detrimental effects of Sunny Day still apply.",blessed,63,False
groudons-minor-gift-landmaster,Groudon's Minor Gift - Landmaster,Legendary Gifts,Legendary Advancement,[],Prerequisites: GM Permission,Static,You treat Rough Terrain that is rocky or sandy or that is created by Groundshaper as Regular Terrain.,blessed,63,False
groudons-pact-gift-eruption,Groudon's Pact Gift - Eruption,Legendary Gifts,Legendary Advancement,[],Prerequisites: All Groudon Major Gifts,Static,You learn the Move Eruption.,blessed,63,False
ho-ohs-major-gift-ashes-of-the-phoenix,Ho-oh's Major Gift - Ashes of the Phoenix,Legendary Gifts,Legendary Advancement,[],Prerequisites: Minor Gift - Tower's Rejuvenation,Daily - Standard Action,Treat the target as if you had used a Revive on it. The target regains 25% of its maximum HP.,blessed,62,False
ho-ohs-pact-gift-sacred-fire,Ho-oh's Pact Gift - Sacred Fire,Legendary Gifts,Legendary Advancement,[],Prerequisites: All Ho-oh and Shared Tower Duo Major,Gifts Static,You learn the Move Sacred Fire.,blessed,62,False
kyogres-major-gift-aqua-spirit,Kyogre's Major Gift - Aqua Spirit,Legendary Gifts,Legendary Advancement,[],Prerequisites: Minor Gift - Seamaster,Daily - Standard Action,"For the next three rounds, foes within 6 meters of you do not gain the benefits of Rain Dance. Their Water Type Moves do not deal extra damage, Hurricane and Thunder retain their usual Accuracy Check, Abilities based on Rainy Weather do not activate, and Moves such as Weather Ball do not gain added benefit. All detrimental effects of Rain Dance still apply.",blessed,63,False
kyogres-major-gift-drizzle,Kyogre's Major Gift - Drizzle,Legendary Gifts,Legendary Advancement,[],Prerequisites: Minor Gift - Seamaster,Static,You gain the Drizzle Ability.,blessed,63,False
kyogres-major-gift-wavecrasher,Kyogre's Major Gift - Wavecrasher,Legendary Gifts,Legendary Advancement,[],Prerequisites: Minor Gift - Seamaster,Static,You gain the Fountain Capability.,blessed,63,False
kyogres-minor-gift-seamaster,Kyogre's Minor Gift - Seamaster,Legendary Gifts,Legendary Advancement,[],Prerequisites: GM Permission,Static,You treat deep water that you aren't fully submerged in as Regular Terrain.,blessed,63,False
kyogres-pact-gift-water-spout,Kyogre's Pact Gift - Water Spout,Legendary Gifts,Legendary Advancement,[],Prerequisites: All Kyogre Major Gifts,Static,You learn the Move Water Spout.,blessed,63,False
kyurems-major-gift-the-empty-tao,Kyurem's Major Gift - The Empty Tao,Legendary Gifts,Legendary Advancement,[],Prerequisites: Minor Gift - Hero of Balance,Daily - Standard Action,"For the next three rounds, all Pokémon and Trainers within 5 meters of you have all Combat Stages locked to zero.",blessed,67,False
kyurems-major-gift-winters-kiss,Kyurem's Major Gift - Winter's Kiss,Legendary Gifts,Legendary Advancement,[],Prerequisites: Major Gift - The Empty Tao,Static,You gain the Winter's Kiss Ability.,blessed,67,False
kyurems-minor-gift-hero-of-balance,Kyurem's Minor Gift - Hero of Balance,Legendary Gifts,Legendary Advancement,[],Prerequisites: GM Permission,Static,Others get a -3 penalty to Intuition Checks to detect your lies or discern your beliefs.,blessed,67,False
kyurems-pact-gift-freeze-shock,Kyurem's Pact Gift - Freeze Shock,Legendary Gifts,Legendary Advancement,[],Prerequisites: All Kyurem and Shared Tao Trio Major,"Gifts, Minor Gift - Hero of Ideals Static",You learn the Move Freeze Shock.,blessed,67,False
kyurems-pact-gift-glaciate,Kyurem's Pact Gift - Glaciate,Legendary Gifts,Legendary Advancement,[],Prerequisites: All Kyurem and Shared Tao Trio Major,Gifts Static,You learn the Move Glaciate,blessed,67,False
kyurems-pact-gift-ice-burn,Kyurem's Pact Gift - Ice Burn,Legendary Gifts,Legendary Advancement,[],Prerequisites: All Kyurem and Shared Tao Trio Major,"Gifts, Minor Gift - Hero of Truth Static",You learn the Move Ice Burn,blessed,67,False
latiass-major-gift-mist-ball,Latias's Major Gift - Mist Ball,Legendary Gifts,Legendary Advancement,[],Prerequisites: Major Gift - Sight Sharing,Static,You learn the Move Mist Ball.,blessed,59,False
latioss-major-gift-luster-purge,Latios's Major Gift - Luster Purge,Legendary Gifts,Legendary Advancement,[],Prerequisites: Major Gift - Sight Sharing,Static,You learn the Move Luster Purge.,blessed,59,False
lugias-major-gift-storm-of-the-century,Lugia's Major Gift - Storm of the Century,Legendary Gifts,Legendary Advancement,[],Prerequisites: Minor Gift - Tower's Rejuvenation,Daily - Standard Action,"At the beginning of your next three turns, push all foes within 5 meters of you 1 meter away, and they lose 1/10th of their maximum HP.",blessed,62,False
lugias-pact-gift-aeroblast,Lugia's Pact Gift - Aeroblast,Legendary Gifts,Legendary Advancement,[],Prerequisites: All Lugia and Shared Tower Duo Major,Gifts Static,You learn the Move Aeroblast.,blessed,62,False
major-gift-amorphous,Major Gift - Amorphous,Legendary Gifts,Legendary Advancement,[],Prerequisites: Minor Gift - Alien Countenance,Static,You gain the Amorphous Capability.,blessed,69,False
major-gift-animate,Major Gift - Animate,Legendary Gifts,Legendary Advancement,[],Prerequisites: Major Gift - Primal Craftsmanship,Daily - Extended Action,"Create a small golem out of the inanimate material of your choice. The material used will determine the Type of the golem. Scrap metal may create a steel type, lava a fire type, and granite a rock type for example. Distribute a number of Stat Points to the golem equal to your Trainer Level. The golem is small size, weight class 1, and has Overland 4, Jump 0/0, Power 2, and Sinker. It can make Struggle Attacks of its Type. The golem must be verbally commanded by you to act. It cannot regain HP and is destroyed upon Fainting. At the end of the day or if you Faint, the golem crumbles and is destroyed.",blessed,66,False
major-gift-aura-break,Major Gift - Aura Break,Legendary Gifts,Legendary Advancement,[],Prerequisites: Minor Gift - World Serpent's Embrace,Static,You gain the Aura Break Ability.,blessed,68,False
major-gift-barrier,Major Gift - Barrier,Legendary Gifts,Legendary Advancement,[],Prerequisites: Minor Gift - Motherly Compassion,Static,You learn the Move Barrier.,blessed,62,False
major-gift-blaze-armor,Major Gift - Blaze Armor,Legendary Gifts,Legendary Advancement,[],Prerequisites: Minor Gift - Chosen of Victory,"2 AP - Free Action, Interrupt","You take damage from the next Attack that hits you as if you were Fire Type. If the Attack was made in melee range, your attacker loses 1/8th of their maximum HP as a Fire Type effect. Apply weakness and resistance. Do not apply stats.",blessed,66,False
major-gift-clear-body,Major Gift - Clear Body,Legendary Gifts,Legendary Advancement,[],Prerequisites: Major Gift - Mark of Loyalty,Static,You gain the Clear Body Ability,blessed,59,False
major-gift-corrupt-existence,Major Gift - Corrupt Existence,Legendary Gifts,Legendary Advancement,[],Prerequisites: Minor Gift - Detect Heretic,X AP - Standard Action,"For each AP spent on Corrupt Existence up to a maximum of 3, roll 1d20. The Target becomes one step weaker against a Type for each roll as follows: Bug on a result of 1; Dark on 2; Dragon on 3; Electric on 4; Fighting on 5; Fire on 6; Flying on 7; Ghost on 8; Grass on 9; Ground on 10; Ice on 11; Normal on 12; Poison on 13; Psychic on 14; Rock on 15; Steel on 16; Water on 17; and on a result of 18-20, reroll the 1d20. This effect lasts until the end of the encounter, even if the target is recalled.",blessed,70,False
major-gift-courage,Major Gift - Courage,Legendary Gifts,Legendary Advancement,[],Prerequisites: Minor Gift - Spirit of Justice,Static,You gain the Courage Ability.,blessed,61,False
major-gift-dead-zone,Major Gift - Dead Zone,Legendary Gifts,Legendary Advancement,[],Prerequisites: Minor Gift - Intuitive Sabotage,Daily/15 - Standard Action,"For the next ten minutes, all wireless communication within ten meters of you fails to work. Radios stop receiving, WiFi shuts down, and cell signals fail to reach phones.",blessed,70,False
major-gift-diamond-storm,Major Gift - Diamond Storm,Legendary Gifts,Legendary Advancement,[],Prerequisites: Major Gift - Magic Bounce,Static,You learn the Move Diamond Storm.,blessed,61,False
major-gift-doom-desire,Major Gift - Doom Desire,Legendary Gifts,Legendary Advancement,[],Prerequisites: Major Gift - Eye of Truth,Static,You learn the Move Doom Desire.,blessed,59,False
major-gift-dream-augury,Major Gift - Dream Augury,Legendary Gifts,Legendary Advancement,[],Prerequisites: Minor Gift - Dream Mastery,2 AP - Extended Action,"You fall into a deep sleep and dream a dream that portends of things to come. If this Major Gift is gained through Cresselia, you learn hints of a favorable situation that will arise soon. If this Major Gift is gained through Darkrai, you learn hints of a dangerous or mournful situation that will arise soon.",blessed,65,False
major-gift-elemental-manipulation,Major Gift - Elemental Manipulation,Legendary Gifts,Legendary Advancement,[],Prerequisites: Minor Gift - Elemental Soul,,"You gain a Capability based on which Legendary Bird or Beast granted you this Feature. Articuno grants Freezer, Moltres and Entei grant Firestarter, Zapdos and Raikou grant Zapper, and Suicune grants Fountain.",blessed,58,False
major-gift-expanded-horizons,Major Gift - Expanded Horizons,Legendary Gifts,Legendary Advancement,[],Prerequisites: Minor Gift - Twin Souls,Static,"You gain either the Telepath or Telekinetic Capability. If you possess both of these from their respected Trainer Classes, you instead gain the Godslayer Feature.",blessed,69,False
major-gift-eye-of-truth,Major Gift - Eye of Truth,Legendary Gifts,Legendary Advancement,[],Prerequisites: Minor Gift - Watchful Sleep,1 AP - Standard Action,You can determine whether or not a professed,blessed,59,False
major-gift-gentle-vibe,Major Gift - Gentle Vibe,Legendary Gifts,Legendary Advancement,[],Prerequisites: Minor Gift - Motherly Compassion,Static,You gain the Gentle Vibe Ability.,blessed,62,False
major-gift-glitch-message,Major Gift - Glitch Message,Legendary Gifts,Legendary Advancement,[],Prerequisites: Minor Gift - Intuitive Sabotage,2 AP - Standard Action,"You must use Glitch Message targeting one instance of electronic communication you are currently aware of in your vicinity, such as an email being typed at the computer next to you or a text message someone is sending. You may view and edit the contents of the message before it gets electronically transmitted without the sender being aware of an issue. On extended communications such as a phone call or video conference, Glitch Message works on one minute's worth of communication per activation.",blessed,70,False
major-gift-god-crusher,Major Gift - God Crusher,Legendary Gifts,Legendary Advancement,[],Prerequisites: Minor Gift - World Serpent's Embrace,Static,"You gain the Godslayer Feature. If you already possess the Godslayer Feature, you may instead take another Feature for which you qualify for instead. When using Godslayer, the AC is now 8, and you do not suffer from feedback.",blessed,68,False
major-gift-he-who-cannot-be-shackled,Major Gift - He Who Cannot Be Shackled,Legendary Gifts,Legendary Advancement,[],Prerequisites: Minor Gift - World Serpent's Embrace,Daily x3 - Free Action,You evade the Status Effect or Combat Maneuver.,blessed,68,False
major-gift-hydration,Major Gift - Hydration,Legendary Gifts,Legendary Advancement,[],Prerequisites: Minor Gift - Sailors' Guardian,Static,You gain the Hydration Ability.,blessed,60,False
major-gift-invert-balance,Major Gift - Invert Balance,Legendary Gifts,Legendary Advancement,[],Prerequisites: One Tao Trio Major Gift,Daily - Standard Action,"The area becomes Inverted for the next 5 rounds. While Inverted, all Pokémon and Trainers have their weaknesses and resistances exchanged. Double resistance and steps of resistance or immunity beyond that become double weaknesses, normal resistances become normal weaknesses, normal weaknesses become normal resistances, and double weaknesses become double resistance.",blessed,66,False
major-gift-knight-of-the-fallen-god,Major Gift - Knight of the Fallen God,Legendary Gifts,Legendary Advancement,[],Prerequisites: Minor Gift - Detect Heretic,Static,"You gain the Giftsapper Feature regardless of prerequisites, and you are not bound by its requirements with respect to Gifts. Giftsapper when gained this way has no effect on Gifts granted by MissingNo.",blessed,70,False
major-gift-lava-blooded,Major Gift - Lava-blooded,Legendary Gifts,Legendary Advancement,[],Prerequisites: Minor Gift - Vulcan's Intuition,"Static | Scene - Free Action, Interrupt Static Effect: You are immune to the ambient heat of volcanic areas. Unless you come into direct contact with molten rock, you will not be harmed. You resist Fire Type Moves by one step. Scene Effect: You may trigger Lava-blooded as an interrupt when you are hit by a Fire Type Move. You take no damage or other effects from the Move, and you make a 1 meter burst. All targets caught in the burst lose 1/16th of their maximum HP.",,blessed,65,True
major-gift-levitate,Major Gift - Levitate,Legendary Gifts,Legendary Advancement,[],Prerequisites: Minor Gift - Cloud Reading,Static,You gain the Levitate Ability.,blessed,61,False
major-gift-life-force,Major Gift - Life Force,Legendary Gifts,Legendary Advancement,[],Prerequisites: Two Major Gifts from the Tower Duo,Static,You gain the Life Force Ability.,blessed,62,False
major-gift-magic-bounce,Major Gift - Magic Bounce,Legendary Gifts,Legendary Advancement,[],Prerequisites: Minor Gift - Royal Privilege,Static,You gain the Magic Bounce Ability.,blessed,61,False
major-gift-magma-armor,Major Gift - Magma Armor,Legendary Gifts,Legendary Advancement,[],Prerequisites: Minor Gift - Vulcan's Intuition,Static,You gain the Magma Armor Ability.,blessed,65,False
major-gift-march-of-the-colossus,Major Gift - March of the Colossus,Legendary Gifts,Legendary Advancement,[],Prerequisites: Minor Gift - Hands of the Creator,2 AP - Standard Action,"For the next three rounds, the target has their Attack and Speed halved. At the end of the third round, increase the target's Attack and Speed by two Combat Stages each.",blessed,66,False
major-gift-mark-of-loyalty,Major Gift - Mark of Loyalty,Legendary Gifts,Legendary Advancement,[],Prerequisites: Minor Gift - Stoic Stature,1 AP - Free Action,Treat the Target as if it were one Loyalty higher for the rest of this turn.,blessed,59,False
major-gift-mental-suggestion,Major Gift - Mental Suggestion,Legendary Gifts,Legendary Advancement,[],Prerequisites: Major Gift - Expanded Horizons,Daily - Extended Action,"Mental Suggestion requires both you and the Mewtwo you are bound to be in the same vicinity. Make a Focus check as if you were using Telepath. On a success, you instill a thought or action into the Target's mind as if it were one of their own. They may not immediately act on it, and will question it if it is too alien from how they would normally act, but the thought will persist as long as they are unaware of its origin.",blessed,69,False
major-gift-mind-lock,Major Gift - Mind Lock,Legendary Gifts,Legendary Advancement,[],Prerequisites: Minor Gift - Alien Countenance,Static,You gain the Mind Lock Capability.,blessed,69,False
major-gift-mirage,Major Gift - Mirage,Legendary Gifts,Legendary Advancement,[],Prerequisites: Minor Gift - Motherly Compassion,Daily/25 - Standard Action,"You create a small Illusion, covering a cubic area two meters on each side. The Illusion can emulate visual and auditory senses only. Seeing through the Illusion is a DC 15 Perception Check, with a +5 bonus to the check if the Illusion is emulating something very familiar to the observer. The Illusion may be sustained for up to ten minutes as a Swift Action each round.",blessed,62,False
major-gift-oneiromancy,Major Gift - Oneiromancy,Legendary Gifts,Legendary Advancement,[],Prerequisites: Minor Gift - Dream Mastery,Static,You gain the Dream Reader Capability;,blessed,65,False
major-gift-phasing,Major Gift - Phasing,Legendary Gifts,Legendary Advancement,[],Prerequisites: Minor Gift - Alien Countenance,Static,You gain the Phasing Capability.,blessed,69,False
major-gift-primal-craftsmanship,Major Gift - Primal Craftsmanship,Legendary Gifts,Legendary Advancement,[],Prerequisites: Minor Gift - Hands of the Creator,Static,You pay 20% less when crafting items.,blessed,66,False
major-gift-probability-control,Major Gift - Probability Control,Legendary Gifts,Legendary Advancement,[],Prerequisites: Minor Gift - Catastrophe Sense,,You gain the Probability Control Ability.,blessed,59,False
major-gift-pure-breathing,Major Gift - Pure Breathing,Legendary Gifts,Legendary Advancement,[],Prerequisites: Minor Gift - Plant Intuition,Static,"You are immune to the Moves Rage Powder, Poison Gas, Poisonpowder, Sleep Powder, Smog, Smokescreen, Spore, Stun Spore, and Sweet Scent.",blessed,60,False
major-gift-realm-portal,Major Gift - Realm Portal,Legendary Gifts,Legendary Advancement,[],Prerequisites: One Creation Trio Major Gift,Daily - Extended Action,"You open a small portal through your patron's realm to any location you have visited within 20 miles. The portal lasts for two minutes, during which any living thing which voluntarily wishes to enter the portal may do so; any conscious trainers or Pokémon forced through the portal involuntarily will not be affected by the portal. After the two minutes are up or when you step through the portal, it collapses.",blessed,64,False
major-gift-relic-song,Major Gift - Relic Song,Legendary Gifts,Legendary Advancement,[],Prerequisites: Major Gift - Soundproof,Static,You learn the Move Relic Song.,blessed,61,False
major-gift-sacred-sword,Major Gift - Sacred Sword,Legendary Gifts,Legendary Advancement,[],Prerequisites: Minor Gift - Spirit of Justice,Static,You learn the Move Sacred Sword,blessed,61,False
major-gift-searing-blade,Major Gift - Searing Blade,Legendary Gifts,Legendary Advancement,[],Prerequisites: Minor Gift - Chosen of Victory,2 AP - Free Action,Your next Struggle Attack with an equipped weapon deals +2 Damage Steps and deals Fire Type damage.,blessed,66,False
major-gift-seed-flare,Major Gift - Seed Flare,Legendary Gifts,Legendary Advancement,[],"Prerequisites: Major Gift - Pure Breathing, Major Gift",- Sprouter Static,You learn the Move Seed Flare.,blessed,60,False
major-gift-shared-mortality,Major Gift - Shared Mortality,Legendary Gifts,Legendary Advancement,[],Prerequisites: One Mortality Duo Major Gift,Daily x3 - Standard Action,Add your remaining Hit Points with those of your Target. You may split these Hit Points as you wish between you and your Target.,blessed,67,False
major-gift-sight-sharing,Major Gift - Sight Sharing,Legendary Gifts,Legendary Advancement,[],"Prerequisites: Minor Gift - Loyal Heart, *Special",Static,"You must take this Major Gift alongside another person also taking this Major Gift, one of you gaining it through Latias and the other through Latios. The two of you are considered Link Partners. Whenever you wish, you may share your senses with your Link Partner or attempt to use their senses as long as both you and your Link Partner give mental consent and are conscious. You and your Link Partner never hit each other with Area of Effect Moves unless you want to.",blessed,59,False
major-gift-soundproof,Major Gift - Soundproof,Legendary Gifts,Legendary Advancement,[],Prerequisites: Minor Gift - Center Stage,Static,You gain the Soundproof Ability.,blessed,61,False
major-gift-sprouter,Major Gift - Sprouter,Legendary Gifts,Legendary Advancement,[],Prerequisites: Minor Gift - Catastrophe Sense,Static,You gain the Sprouter Capability.,blessed,59,True
major-gift-storm-of-the-fallen-world,Major Gift - Storm of the Fallen World,Legendary Gifts,Legendary Advancement,[],Prerequisites: Minor Gift - Detect Heretic,Scene - Standard Action,"For 5 rounds, the area becomes Bugged. While",blessed,70,False
major-gift-therian-form,Major Gift - Therian Form,Legendary Gifts,Legendary Advancement,[],Prerequisites: Minor Gift - Cloud Reading,Daily - Free Action,"Create an extra stat block for yourself, redistributing any Stat Points you gained from level ups or [+Any Stat] tags as you wish. You may activate this Major Gift during an encounter to swap your stats to the extra stat block for the rest of the encounter. Therian Form may be ended early at any time as a Standard Action. Therian Form automatically deactivates if you Faint. While Therian Form is active, you take on slight Avian, Bestial, or Draconic characteristics depending on your patron Legendary.",blessed,61,False
major-gift-towers-blessing,Major Gift - Tower's Blessing,Legendary Gifts,Legendary Advancement,[],Prerequisites: Minor Gift - Tower's Rejuvenation,1 AP - Free Action,The Move generates one additional use of the Blessing.,blessed,62,False
major-gift-tremorsense,Major Gift - Tremorsense,Legendary Gifts,Legendary Advancement,[],Prerequisites: Minor Gift - Vulcan's Intuition,Static,You gain the Tremorsense Capability.,blessed,65,False
major-gift-victory-star,Major Gift - Victory Star,Legendary Gifts,Legendary Advancement,[],Prerequisites: Minor Gift - Chosen of Victory,Static,You gain the Victory Star Ability.,blessed,66,False
manaphys-major-gift-heart-swap,Manaphy's Major Gift - Heart Swap,Legendary Gifts,Legendary Advancement,[],Prerequisites: Minor Gift - Sailors' Guardian,Static,You learn the Move Heart Swap.,blessed,60,False
mesprits-major-gift-negate-emotion,Mesprit's Major Gift - Negate Emotion,Legendary Gifts,Legendary Advancement,[],Prerequisites: Minor Gift - Emotion's Heart,3 AP - Standard Action,"The Target becomes immune to Enraged, Confused, and Infatuation Status for the remainder of the encounter and are cured of the Status Afflictions if they currently have them. However, the Target is treated as if their Intimidate, Charm, Intuition and Guile Skills were at Pathetic Rank for the next fifteen minutes. The target becomes immune to further uses of Negate Emotion for 24 hours.",blessed,60,False
mesprits-minor-gift-emotions-heart,Mesprit's Minor Gift - Emotion's Heart,Legendary Gifts,Legendary Advancement,[],Prerequisites: GM Permission,,Reroll all dice that result in a roll of 1 when making Charm and Intuition Checks.,blessed,60,False
minor-gift-alien-countenance,Minor Gift - Alien Countenance,Legendary Gifts,Legendary Advancement,[],Prerequisites: GM Permission,Static,You may add your Mind Modifier instead of your Body Modifier to your Intimidate Checks. You get a +2 bonus to Intimidate Checks against Pokémon.,blessed,69,False
minor-gift-catastrophe-sense,Minor Gift - Catastrophe Sense,Legendary Gifts,Legendary Advancement,[],Prerequisites: GM Permission,,You have an intuitive sense of when natural disasters or other catastrophes are likely to occur near you.,blessed,59,False
minor-gift-chosen-of-victory,Minor Gift - Chosen of Victory,Legendary Gifts,Legendary Advancement,[],Prerequisites: GM Permission,Static,"Whenever you spend AP to raise your roll on an Accuracy Check, you get +3 bonus instead of +1.",blessed,66,False
minor-gift-cloud-reading,Minor Gift - Cloud Reading,Legendary Gifts,Legendary Advancement,[],Prerequisites: GM Permission,,You get a +3 bonus to Survival Checks to discern upcoming weather from observing clouds in the sky.,blessed,61,False
minor-gift-dazzling-the-stage,Minor Gift - Dazzling the Stage,Legendary Gifts,Legendary Advancement,[],Prerequisites: GM Permission,,"Whenever you use song or dance for Intimidate, Guile, or Charm, you may add half of the highest Skill Rank you have among these Skills to your Skill Check.",blessed,61,False
minor-gift-detect-heretic,Minor Gift - Detect Heretic,Legendary Gifts,Legendary Advancement,[],Prerequisites: GM Permission,Static,"You intuitively sense the presence of those with non-MissingNo Gifts around you, though you have no way of telling who they might be. The more Gifts someone has, the further away you can sense them, though you generally cannot sense even the strongest of Gift holders at a distance of more than 15 meters away from you.",blessed,70,False
minor-gift-dream-mastery,Minor Gift - Dream Mastery,Legendary Gifts,Legendary Advancement,[],Prerequisites: GM Permission,Static,"You are immune to Hypnosis, Nightmare, and Dream Eater.",blessed,65,False
minor-gift-elemental-soul,Minor Gift - Elemental Soul,Legendary Gifts,Legendary Advancement,[],Prerequisites: GM Permission,,"You can sense the presence of Pokémon of a given Type within 10 meters of you based on which Legendary Bird or Beast granted you this Edge. Articuno grants Ice, Moltres and Entei grant Fire, Zapdos and Raikou grant Electric, and Suicune grants Water.",blessed,58,False
minor-gift-hands-of-the-creator,Minor Gift - Hands of the Creator,Legendary Gifts,Legendary Advancement,[],Prerequisites: GM Permission,Static,You get a +3 bonus to all Knowledge: Occult or Knowledge: Petrology rolls to identify materials that would be used in crafting or the purpose of a crafted object.,blessed,65,False
minor-gift-intuitive-sabotage,Minor Gift - Intuitive Sabotage,Legendary Gifts,Legendary Advancement,[],Prerequisites: GM Permission,Static,"Whenever you make a Knowledge: Technology Check to destroy, sabotage, or otherwise disrupt modern electronics, you get a +3 bonus to your roll.",blessed,70,False
minor-gift-loyal-heart,Minor Gift - Loyal Heart,Legendary Gifts,Legendary Advancement,[],Prerequisites: GM Permission,,You are immune to Infatuation.,blessed,59,False
minor-gift-motherly-compassion,Minor Gift - Motherly Compassion,Legendary Gifts,Legendary Advancement,[],Prerequisites: GM Permission,,You get a +3 Bonus to all Intuition and Charm checks for the purpose of discerning emotions and comforting someone.,blessed,62,False
minor-gift-plant-intuition,Minor Gift - Plant Intuition,Legendary Gifts,Legendary Advancement,[],Prerequisites: GM Permission,,You reroll all dice that result in a roll of 1 when making Survival Checks related to plants. You automatically identify all berries and apricorns on sight.,blessed,60,False
minor-gift-royal-privilege,Minor Gift - Royal Privilege,Legendary Gifts,Legendary Advancement,[],Prerequisites: GM Permission,,"You may wear Shards as a Trainer Accessory, and gain a +2 bonus to Skill Checks for the Skill linked to the shard's color. Red is linked to Intimidate, Orange to Command, Yellow to Charm, Green to Intuition, Blue to Guile, and Violet to Focus.",blessed,61,False
minor-gift-sailors-guardian,Minor Gift - Sailors' Guardian,Legendary Gifts,Legendary Advancement,[],Prerequisites: GM Permission,,Wild Pokémon up to a level of twice your Trainer Level will not attack or disrupt a water-borne vessel you are traveling on.,blessed,60,False
minor-gift-spirit-of-justice,Minor Gift - Spirit of Justice,Legendary Gifts,Legendary Advancement,[],Prerequisites: GM Permission,,You may add your Spirit Modifier instead of your Body Modifier when making Combat Skill Checks. You get a +2 bonus to Disarming or resisting Disarming.,blessed,61,False
minor-gift-stoic-stature,Minor Gift - Stoic Stature,Legendary Gifts,Legendary Advancement,[],Prerequisites: GM Permission,,You subtract half of your Athletics or Focus Ranks from the number of meters Push effects move you.,blessed,59,False
minor-gift-towers-rejuvenation,Minor Gift - Tower's Rejuvenation,Legendary Gifts,Legendary Advancement,[],Prerequisites: GM Permission,,Resting now allows you to recover 1/10th of your maximum HP per half hour instead of 1/16th.,blessed,62,False
minor-gift-twin-souls,Minor Gift - Twin Souls,Legendary Gifts,Legendary Advancement,[],Prerequisites: GM Permission,Static,"You and the Mewtwo you are bound to may communicate telepathically, no matter the distance between you. You are also gifted the Soulbound Edge.",blessed,69,False
minor-gift-vulcans-intuition,Minor Gift - Vulcan's Intuition,Legendary Gifts,Legendary Advancement,[],Prerequisites: GM Permission,Static,You get a +3 bonus to Perception and Survival Checks made in mountainous and volcanic areas.,blessed,65,False
minor-gift-watchful-sleep,Minor Gift - Watchful Sleep,Legendary Gifts,Legendary Advancement,[],Prerequisites: GM Permission,,You may make Perception Checks to detect imminent dangers while sleeping.,blessed,59,False
minor-gift-world-serpents-embrace,Minor Gift - World Serpent's Embrace,Legendary Gifts,Legendary Advancement,[],Prerequisites: GM Permission,Scene - Extended Action,"You enter a trance and discern if any Legendary Pokémon are in the vicinity of the Scene, and gain a general idea of their location. For example, if one is in a cave way underneath you, you learn it is under you, but not exactly how to reach it.",blessed,68,False
moltress-major-gift-sun-blanket,Moltres's Major Gift - Sun Blanket,Legendary Gifts,Legendary Advancement,[],Prerequisites: Minor Gift - Elemental Soul,Static,You gain the Sun Blanket Ability.,blessed,58,False
pact-gift-crush-grip,Pact Gift - Crush Grip,Legendary Gifts,Legendary Advancement,[],Prerequisites: All Regigigas Major Gifts,Static,You learn the Move Crush Grip,blessed,66,False
pact-gift-hypergeometry,Pact Gift - Hypergeometry,Legendary Gifts,Legendary Advancement,[],Prerequisites: All MissingNo Major Gifts,"Static | Scene - Standard Action, Interrupt Static Effect: You may always treat the distance between you and any other Trainer or Pokémon as one meter greater or one meter less as you choose for the purpose of calculating range or distance of travel. You may not use this to avoid melee attacks by switching between",,blessed,69,True
pact-gift-lands-wrath,Pact Gift - Land's Wrath,Legendary Gifts,Legendary Advancement,[],Prerequisites: All of Zygarde's Major Gifts,Static,You learn the Move Land's Wrath.,blessed,68,False
pact-gift-magma-storm,Pact Gift - Magma Storm,Legendary Gifts,Legendary Advancement,[],Prerequisites: All Heatran Major Gifts,Static,You learn the Move Magma Storm,blessed,65,False
pact-gift-origin-tutor,Pact Gift - Origin Tutor,Legendary Gifts,Legendary Advancement,[],Prerequisites: All Mew Major Gifts,Activate Once/10 - Extended Action,Your Pokémon loses 3 Tutor Points and may make use of any TM or Tutoring effect to learn a single Move regardless of what it is normally capable of learning. It must still pay any Tutor Point costs for this effect. You may only target a Pokémon once with Origin Tutor.,blessed,62,False
pact-gift-psystrike,Pact Gift - Psystrike,Legendary Gifts,Legendary Advancement,[],"Prerequisites: Twin Souls, Expanded Horizons, Mental",Suggestion Static,You learn the Move Psystrike.,blessed,69,False
pact-gift-slayer-of-the-false-gods,Pact Gift - Slayer of the False Gods,Legendary Gifts,Legendary Advancement,[],Prerequisites: All MissingNo Major Gifts,Daily - Standard Action,Dispel one of the target's Legendary Auras for the rest of the encounter.,blessed,70,False
pact-gift-v-create,Pact Gift - V-Create,Legendary Gifts,Legendary Advancement,[],Prerequisites: All Victini Major Gifts,Static,You learn the Move V-Create,blessed,66,False
palkias-major-gift-nomad,Palkia's Major Gift - Nomad,Legendary Gifts,Legendary Advancement,[],Prerequisites: Minor Gift - Spatial Awareness,Static,You gain the Transporter Ability. Note that this automatically grants you the Move Teleport.,blessed,64,False
palkias-major-gift-space-distortion,Palkia's Major Gift - Space Distortion,Legendary Gifts,Legendary Advancement,[],Prerequisites: Major Gift - Realm Portal,Daily - Standard Action,Exchange the positions of up to three target Pokémon or Trainers within 10 meters.,blessed,64,False
palkias-minor-gift-spatial-awareness,Palkia's Minor Gift - Spatial Awareness,Legendary Gifts,Legendary Advancement,[],Prerequisites: GM Permission,Static,You intuitively know the size of an object or the distance between objects by sight down to the nearest centimeter for distances and lengths up to 10 meters.,blessed,64,False
palkias-pact-gift-spacial-rend,Palkia's Pact Gift - Spacial Rend,Legendary Gifts,Legendary Advancement,[],Prerequisites: All Palkia and Shared Creation Trio,Major Gifts Static,You learn the Move Spacial Rend.,blessed,64,False
raikous-major-gift-volt-absorb,Raikou's Major Gift - Volt Absorb,Legendary Gifts,Legendary Advancement,[],Prerequisites: Minor Gift - Elemental Soul,Static,You gain the Volt Absorb Ability.,blessed,58,False
rayquazas-major-gift-air-adept,Rayquaza's Major Gift - Air Adept,Legendary Gifts,Legendary Advancement,[],Prerequisites: Minor Gift - Clear Skies,Static,You gain the Guster Capability.,blessed,63,False
rayquazas-major-gift-air-lock,Rayquaza's Major Gift - Air Lock,Legendary Gifts,Legendary Advancement,[],Prerequisites: Minor Gift - Clear Skies,Static,You gain the Air Lock Ability.,blessed,63,False
rayquazas-major-gift-sky-spirit,Rayquaza's Major Gift - Sky Spirit,Legendary Gifts,Legendary Advancement,[],Prerequisites: Minor Gift - Clear Skies,Daily - Standard Action,"To use Sky Spirit, the current Weather must be Clear as a result of Defog or Air Lock. For the next five rounds, foes within 10 meters of you have their Sky and Levitate Capabilities halved. Allies within 10 meters of you add 10 to their Initiative.",blessed,63,False
rayquazas-minor-gift-clear-skies,Rayquaza's Minor Gift - Clear Skies,Legendary Gifts,Legendary Advancement,[],Prerequisites: GM Permission,Static,You learn the Move Defog.,blessed,63,False
rayquazas-pact-gift-hyper-beam,Rayquaza's Pact Gift - Hyper Beam,Legendary Gifts,Legendary Advancement,[],Prerequisites: All Rayquaza Major Gifts,Static,You learn the Move Hyper Beam.,blessed,64,False
reshirams-major-gift-turboblaze,Reshiram's Major Gift - Turboblaze,Legendary Gifts,Legendary Advancement,[],Prerequisites: Major Gift - White Yang,Static,You gain the Turboblaze Ability.,blessed,67,False
reshirams-major-gift-white-yang,Reshiram's Major Gift - White Yang,Legendary Gifts,Legendary Advancement,[],Prerequisites: Minor Gift - Hero of Truth,Daily - Standard Action,"All allies within 5 meters may choose to increase all movement speeds by 2, raise their Attack and Special Attack Stats by 1 Combat Stage, and decrease their Accuracy by 2 for the next three rounds.",blessed,67,False
reshirams-minor-gift-hero-of-truth,Reshiram's Minor Gift - Hero of Truth,Legendary Gifts,Legendary Advancement,[],Prerequisites: GM Permission,Static,You get a +3 bonus on Intuition Checks to discern when someone is lying.,blessed,66,False
reshirams-pact-gift-blue-flare,Reshiram's Pact Gift - Blue Flare,Legendary Gifts,Legendary Advancement,[],Prerequisites: All Reshiram and Shared Tao Trio Major,Gifts Static,You learn the Move Blue Flare.,blessed,67,False
suicunes-major-gift-water-absorb,Suicune's Major Gift - Water Absorb,Legendary Gifts,Legendary Advancement,[],Prerequisites: Minor Gift - Elemental Soul,Static,You gain the Water Absorb Ability.,blessed,58,False
uxies-major-gift-shatter-memory,Uxie's Major Gift - Shatter Memory,Legendary Gifts,Legendary Advancement,[],Prerequisites: Minor Gift - Fount of Knowledge,3 AP - Standard Action,"Choose an effect: The Target has one Ability disabled at random or two Moves disabled at random for the remainder of the Encounter. Additionally, the Target must make a Focus Check with DC 10 to recall complex thoughts and memories for the next fifteen minutes. The target becomes immune to further uses of Shatter Memory for 24 hours.",blessed,60,False
uxies-minor-gift-fount-of-knowledge,Uxie's Minor Gift - Fount of Knowledge,Legendary Gifts,Legendary Advancement,[],Prerequisites: GM Permission,,Choose two Education Skills. Reroll all dice that result in a roll of 1 when making Checks with those Skills.,blessed,60,False
xerneass-major-gift-bounty-of-life,Xerneas's Major Gift - Bounty of Life,Legendary Gifts,Legendary Advancement,[],Prerequisites: Minor Gift - Rejuvenating Aura,Daily - Standard Action,The Target is cured of all Injuries and Status Effects.,blessed,68,False
xerneass-major-gift-fairy-aura,Xerneas's Major Gift - Fairy Aura,Legendary Gifts,Legendary Advancement,[],Prerequisites: Major Gift- Bounty of Life,Static,You gain the Fairy Aura Ability.,blessed,68,False
xerneass-minor-gift-rejuvenating-aura,Xerneas's Minor Gift - Rejuvenating Aura,Legendary Gifts,Legendary Advancement,[],Prerequisites: GM Permission,Static,"When taking an Extended Rest, you and all Trainers and Pokémon in the vicinity are treated as if you spent the night at Poke Center, regardless of where you are.",blessed,68,False
xerneass-pact-gift-geomancy,Xerneas's Pact Gift - Geomancy,Legendary Gifts,Legendary Advancement,[],Prerequisites: All Xerneas Major Gifts and Shared,Mortality Duo Gifts Static,You learn the Move Geomancy.,blessed,68,False
yveltals-major-gift-dark-aura,Yveltal's Major Gift - Dark Aura,Legendary Gifts,Legendary Advancement,[],Prerequisites: Major Gift - Touch of the Flayed One,Static,You gain the Dark Aura Ability.,blessed,68,False
yveltals-major-gift-touch-of-the-flayed-one,Yveltal's Major Gift - Touch of the Flayed One,Legendary Gifts,Legendary Advancement,[],Prerequisites: Minor Gift - Touch of Death,Daily x3 - Free Action,You inflict an additional Injury.,blessed,68,False
yveltals-minor-gift-death-dealer,Yveltal's Minor Gift - Death Dealer,Legendary Gifts,Legendary Advancement,[],Prerequisites: GM Permission,Static,"Injuries you inflict will not heal at the normal rate and require extensive medical treatment, such as staying at a Poke Center, to heal. Instead of recovering at the normal rate of three Injuries per day while at such a facility, they heal at a rate of one injury a day.",blessed,68,False
yveltals-pact-gift-oblivion-wing,Yveltal's Pact Gift - Oblivion Wing,Legendary Gifts,Legendary Advancement,[],Prerequisites: All Yveltal Major Gifts and Shared,Mortality Duo Gifts Static,You learn the Move Oblivion Wing.,blessed,68,False
zapdoss-major-gift-lightningrod,Zapdos's Major Gift - Lightningrod,Legendary Gifts,Legendary Advancement,[],Prerequisites: Minor Gift - Elemental Soul,Static,You gain the Lightningrod Ability.,blessed,58,False
zekroms-major-gift-black-yin,Zekrom's Major Gift - Black Yin,Legendary Gifts,Legendary Advancement,[],Prerequisites: Minor Gift - Hero of Ideals,Daily - Standard Action,All allies within 5 meters may choose to decrease their movement speeds by 1 and raise their evasion by 2 for the next three rounds.,blessed,67,False
zekroms-major-gift-teravolt,Zekrom's Major Gift - Teravolt,Legendary Gifts,Legendary Advancement,[],Prerequisites: Major Gift - Black Yin,Static,You gain the Teravolt Ability.,blessed,67,False
zekroms-minor-gift-hero-of-ideals,Zekrom's Minor Gift - Hero of Ideals,Legendary Gifts,Legendary Advancement,[],Prerequisites: GM Permission,Static,You get a +3 bonus on Intuition Checks to discern someone's beliefs and ideals.,blessed,67,False
zekroms-pact-gift-bolt-strike,Zekrom's Pact Gift - Bolt Strike,Legendary Gifts,Legendary Advancement,[],Prerequisites: All Zekrom and Shared Tao Trio Major,Gifts Static,You learn the Move Bolt Strike.,blessed,67,False
in-my-name,In My Name,Messiah,Legendary Advancement,"[""Ranked 4"", ""PATRON STAT""]","Rank 1 Prerequisites: Messiah, GM Permission | Rank 2 Prerequisites: Completed a task on behalf of your Patron, GM Permission | Rank 3 Prerequisites: A Major Gift, GM Permission | Rank 4 Prerequisites: A Pact Gift, GM Permission",Static,You acquire a Blessing marked with the In My Name Rank you are gaining or lower. You must additionally meet any Prerequisites of the Blessing.,blessed,48,False
messiah,Messiah,Messiah,Legendary Advancement,"[""PATRON STAT""]","Prerequisites: Touched, GM Permission",One Time Use/5 - Extended Action,"Your Connection with one of your Patrons has reached such a point that even you are capable of perform- ing the miracles they are renowned and worshiped for. Expending a use of Messiah allows you to perform such a miracle. For example, in a Region where Shaymin is known to restore withered forests to their former glory, a Touched who is a Messiah of Shaymin might be able to cause a forest to start to rapidly recover from the aftermath of a wildfire. Such acts are usually, but not always, noticeably supernatural and divine.",blessed,48,False
sign-mastery,Sign Mastery,Signer,Legendary Advancement,"[""Ranked 4"", ""PATRON STAT""]","Rank 1 Prerequisites: Signer, GM Permission | Rank 2 Prerequisites: A Major Gift, GM Permission | Rank 3 Prerequisites: All your Patron's Major Gifts, GM Permission | Rank 4 Prerequisites: A Pact Gift, GM Permission",Static,"You acquire two Blessings in the form of Signs, marked with the Sign Mastery Rank you are gaining or lower. You must additionally meet any Prerequisites of the Blessing.",blessed,46,False
signer,Signer,Signer,Legendary Advancement,"[""PATRON STAT""]","Prerequisites: Touched, GM Permission",Static,"Choose a Rank 1 Blessing. You gain this Blessing in the form of a Sign. Signs store the energy of the Divine, and may be activated as a Swift Action. Signs can be used once per Scene, and cost 1 AP to activate.",blessed,46,False
major-gift,Major Gift,Touched,Legendary Advancement,"[""PATRON STAT""]","Prerequisites: Touched, GM Permission",Static,You gain one of your Patron's Major Gifts. This Major Gift may be of your GM's choosing. This feat is able to be taken multiple times based on your GM's dis- cretion.,blessed,45,False
pact-gift,Pact Gift,Touched,Legendary Advancement,"[""PATRON STAT""]","Prerequisites: All of your Patron's Major Gifts, GM Per-",mission,You gain your Patron's Pact Gift. Lower Panthe- on Legendaries do not have Pact Gifts.,blessed,45,False
soulbound,Soulbound,Touched,Legendary Advancement,[],Prerequisites: Touched,Static,"Whenever your Patron feels strong emotions (positive or negative) or pain, those sensations will be shared with you, no matter the distance between you. You may take Soulbound multiple times, each time for a different instance of Touched.",blessed,45,False
touched,Touched,Touched,Legendary Advancement,[],Prerequisites: GM Permission,Static,"You have been blessed by a Legendary and gain their Minor Gift. This Legendary is considered one of your Patrons. You may take Touched multiple times, each time for a different Patron.",blessed,45,False
gift-of-power,Gift of Power,Usurper,Legendary Advancement,"[""PATRON STAT""]",Prerequisites: Pokemon Form Level 60,One Time Use,"You gift your target with a Blessing of your own. Whether this makes them Touched, a Signer, or Brand- ed is at your digression. The actual Blessings may not need be the one listed here for your Legendary Form, but ones of your own creation at your GM's discretion.",blessed,52,False
shared-strengths,Shared Strengths,Usurper,Legendary Advancement,"[""Ranked 3"", ""PATRON STAT""]","Rank 1 Prerequisites: Pokemon Form Level 20 | Rank 2 Prerequisites: Pokemon Form Level 35 | Rank 3 Prerequisites: True Power, Pokemon Form",Level 50,,blessed,52,True
true-power,True Power,Usurper,Legendary Advancement,"[""PATRON STAT""]","Prerequisites: Shared Strengths Rank 2, Pokemon",Form Level 40 Static,"You gain one of the Domains and its corre- sponding Legendary Aura associated with your Leg- endary Form. This Feature may be taken multiple times, but with the second time at Pokemon Form Level 60, and the third at Pokemon Form level 75.",blessed,52,False
usurper,Usurper,Usurper,Legendary Advancement,"[""PATRON STAT""]",Prerequisites: You have slain a God and through occult ritual or technology have absorbed its essence.,Static,"Your human form is now considered your Avatar, and you gain a second set of stats for your Pokémon form. This form is that of the Legendary you usurped, starts at level 1 with the nature and abilities of your choice, and may gain experience as if it were a Pokémon you owned. Switching between your human form and this one takes a Standard Action. Usurpers cannot receive Gifts or Blessings from other Legendaries, as they are divinity themselves now. Any Touched, Branded, Messiah, and Signer Edges and Features you possessed up until this point are refunded. The Patron Stats for this Feature and all other Usurper Features matches the stats of the Legendary you Usurped.",blessed,52,False
ace-conjurer,Ace Conjurer,,Homebrew Classes Extra,"[""+Attack or Special Attack""]",Prerequisite: Conjurer,Static,"Pode usar occult education pra comandar Unowns, Prime Unown, Eudomown and the temporary pokemons. Especial: You can have +1 hidden power.",classes_extra,2,False
conjurer,Conjurer,,Homebrew Classes Extra,"[""Class"", ""+Attack or Special Attack""]","Prerequisites: Rune Master, Adept Occult Education, Novice Pokemon Education",1 Ap - Full Action,"You roll a test of Pokemon Education, DC - 15, channeling the energy of Unowns to create a temporary pokemon. The temporary pokemon has its signature and natural moves. If it has any available move slot, you may choose from its level move list. If the temporary pokemon faint, the Unown, Prime Unown or Eudomown which the energy is channeling faints too. This conjuration lasts for the scene, until the pokemon faints or the pokemon is switched.",classes_extra,2,False
critical-buff,Critical Buff,,Homebrew Classes Extra,[],Prerequisite: Type Enhancer,Static,The damage receives +3d8 damage.,classes_extra,6,False
enhancer,Enhancer,,Homebrew Classes Extra,"[""+Attack or Special Attack""]",Prerequisite: Novice Occult Education or Novice Focus,Static,"If the move is ""melee 1 target"" it gains the ""pass"" tag. If the move is ""Ranged 1, Xm"" gains the ""Blast 2"" tag.",classes_extra,5,False
grimoire,Grimoire,,Homebrew Classes Extra,"[""+Attack or Special Attack""]",Prerequisite: Conjurer,Extended Action,"You create a book which memorizes a pokemon. When you have a pokemon in it, you may conjure it without the test.",classes_extra,2,False
hidden-armor,Hidden Armor,,Homebrew Classes Extra,"[""+Attack or Special Attack""]",Prerequisite: Conjurer,Bind - 2 Ap,You can conjure a cloth or an armor.,classes_extra,2,False
hidden-coat,Hidden Coat,,Homebrew Classes Extra,"[""+Attack or Special Attack""]",Prerequisite: Master Occult Education or,"Master Focus At-will, Free Action","You or your pokemon with hidden power receive a ""coat"" which gives you 20 temporary ""Hit Points"". ""Hidden Coat"" may only be used once per scene per target.",classes_extra,5,False
hidden-weapon,Hidden Weapon,,Homebrew Classes Extra,"[""+Attack or Special Attack""]",Prerequisite: Conjurer,Bind - 2 Ap,"You can conjure a weapon. It has the propriety of an arcane weapon with the adept move, ""hidden power"" and the Master move, ""concealed power"".",classes_extra,2,False
legendary-conjure,Legendary Conjure,,Homebrew Classes Extra,"[""+Attack or Special Attack""]","Prerequisite: Master Occult Education, Conjurer",+1 Ap,Your unowns can conjure a Legendary pokemon.,classes_extra,2,False
power-enhance,Power Enhance,,Homebrew Classes Extra,"[""+Attack or Special Attack""]",Prerequisite: Hidden Power,Static,"You learn the move ""Concealed Power""",classes_extra,5,False
resolve-boost,Resolve Boost,,Homebrew Classes Extra,[],Prerequisite: Armor Boost,2/scene,"After the damage resolves, if not fainted, recovery 20 HP points.",classes_extra,6,False
secret-garden,Secret Garden,,Homebrew Classes Extra,"[""+Attack or Special Attack""]",Rank 1 Prerequisite: Enhancer | Rank 2 Prerequisite: Secret Garden Rank 1 | Rank 3 Prerequisite: Secret Garden Rank 2 | Rank 4 Prerequisite: Secret Garden Rank 3,Static,"each Rank you gain two ""Enhancer"" Buffs.",classes_extra,5,False
type-mastery,Type Mastery,,Homebrew Classes Extra,"[""+Attack or Special Attack""]","Prerequisite: Hidden weapon, Hidden Armor",Bind - 2 Ap,"Instead of using the normal cost for ""hidden weapon"" and ""hidden armor"" you use this feature cost. Your weapon and armor match the type and you gain one ability for each.",classes_extra,2,False
agility-training,Agility Training,,General Features,"[""Training"", ""Orders""]","Prerequisites: Novice Athletics, Untrained Command",At-Will - Special,The target becomes Agile until the end of the effect duration. Agile Pokémon gain a +1 bonus to Movement Capabilities and +4 to Initiative.,core,60,False
blur,Blur,,General Features,"[""+Speed""]","Prerequisites: Expert Acrobatics, Expert Stealth",Static,"Attacks and Moves targeting you that don't require an Accuracy Check now require one, as though they had Accuracy Check of 2. You may only apply half of your Evasion to these Attacks and Moves.",core,63,False
brace-for-impact,Brace for Impact,,General Features,"[""Orders"", ""Stratagem""]",,Bind 2 AP - Standard Action,"While this Feature is Bound, once a round, when the target uses a self-targeting Status Move, they may gain 5 Damage Reduction until the end of their next turn. They may also activate this effect as a Standard Action.",core,62,False
brutal-training,Brutal Training,,General Features,"[""Training"", ""Orders""]","Prerequisites: Novice Intimidate, Untrained Command",At-Will - Special,The target becomes Brutal until the end of the effect duration. Brutal Pokémon increase the Critical- Hit and Effect Range of all attacks by +1.,core,60,False
capricious-whirl,Capricious Whirl,,General Features,"[""Orders"", ""Stratagem""]",,Bind 2 AP - Standard Action,"While this Feature is Bound, the target has a +3 bonus to its Evasion but deals 5 less damage with all damaging attacks.",core,62,False
command-versatility,Command Versatility,,General Features,[],"Prerequisites: Adept Command, Guile, or Pokémon",Education 1 AP - Free Action,"Your Pokémon may give up use of a Scene or Daily Move to regain use of a Scene or Daily Move which it has already used. Your Pokémon may give up use of a Daily Move to regain use of a Scene Move, but not vice-versa. You may use Command Versatility only once per Scene per Pokémon.",core,59,False
commanders-voice,Commander's Voice,,General Features,"[""Orders""]",Prerequisites: Two Features with the [Orders] tag,Static,"You may give two different [Orders] as a single Standard Action, or you may give one set of [Orders] as a Swift Action.",core,60,False
dazzling-dervish,Dazzling Dervish,,General Features,"[""Orders""]",,Scene x2 - Standard Action,"Until the end of their next turn, the target adds their non-stat Evasion to their Movement Capabilities and whenever they attack a foe or Shift through a square occupied by a foe, that foe suffers a -3 penalty to all rolls until the end of their next turn. This effect may only affect a foe once per round.",core,62,False
defender,Defender,,General Features,"[""+HP""]",Prerequisites: Adept Athletics,Static,Using the Intercept Maneuvers requires only a Shift Action Interrupt.,core,63,False
dive,Dive,,General Features,"[""+Speed""]",Prerequisites: Adept Acrobatics,"Scene x2 - Shift Action, Interrupt","You may immediately Shift 1 Meter, and then become Tripped. This Feature cannot be used if you are Stuck, Grappled, or otherwise impaired from Shifting. This Feature causes you to dodge Ranged attacks aimed at you, and may let you avoid Cones, Bursts, Blasts, or Lines if the shift removes you from the area of effect.",core,63,False
fighters-versatility,Fighter's Versatility,,General Features,"[""+Any Stat""]",Prerequisites: Learned two Scene or Daily Moves.,Scene - Free Action,"You may give up use of a Scene or Daily Move to regain use of a Scene or Daily Move which you have already used. You may give up use of a Daily Move to regain use of a Scene Move, but not vice-versa.",core,63,False
first-aid-expertise,First Aid Expertise,,General Features,[],"Prerequisites: Medic Training, Expert Medicine",Education Daily x3 - Extended Action,"The target may remove one Injury, has all Hit Points restored, and is cured of all Status Afflictions. You may use First Aid Expertise only once per day per target. First Aid Expertise requires access to a First Aid Kit.",core,64,False
focused-command,Focused Command,,General Features,"[""Orders""]","Prerequisites: Master Command, one of Focus, Guile,","Intimidate, or Pokémon Education at Expert At-Will - Standard Action + Swift Action","You may have a second Pokémon take a turn this round, but both Pokémon can only take At-Will actions that round. Additionally, both Pokémon receive a -5 Penalty on all Damage Rolls. You may pay 1 AP at the beginning of the round to lift the Frequency Restriction OR the Damage Penalty for the remainder of the round, or pay 2 AP to lift both.",core,60,False
focused-training,Focused Training,,General Features,"[""Training"", ""Orders""]",Prerequisites: Novice Command,At-Will - Special,The target becomes Focused until the end of the effect duration. Focused Pokémon gain a +1 bonus to Accuracy Rolls and +2 to Skill Checks.,core,60,False
guardian-orders,Guardian Orders,,General Features,[],Prerequisites: Expert Charm or Intimidate,Static,You gain the Brace for Impact and Sentinel Stance Orders.,core,62,False
inspired-training,Inspired Training,,General Features,"[""Training"", ""Orders""]","Prerequisites: Novice Charm, Untrained Command",At-Will - Special,The target becomes Inspired until the end of the effect duration. Inspired Pokémon gain a +1 bonus to Evasion and +2 to Save Checks.,core,60,False
let-me-help-you-with-that,Let Me Help You With That,,General Features,[],Prerequisites: None,"Daily x3 - Full Action, Interrupt",The ally may re-roll the Skill Check with a Bonus equal to your Skill Rank.,core,64,False
long-shot,Long Shot,,General Features,"[""Orders""]",,Scene x2 - Standard Action,"The target's damaging ranged attacks have their range doubled until the end of their next turn, and deal X additional damage. X is equal to the distance in meters that the attack traveled. Long Shot does not increase the size of area of effect attacks. If attacks altered by Long Shot are Critical Hits, add the value of the Damage Dice Roll an additional time to the total damage.",core,61,False
marksman-orders,Marksman Orders,,General Features,[],Prerequisites: Expert Perception or Guile,Static,You gain the Trick Shot and Long Shot Orders.,core,61,False
multi-tasking,Multi-Tasking,,General Features,"[""+Speed""]","Prerequisites: 20 Speed Stat, Master Acrobatics",Scene x2 - Swift Action,"You may take two Standard Actions instead of one this turn, but both actions must have an At-Will Frequency.",core,63,False
perfect-aim,Perfect Aim,,General Features,"[""Orders""]",,Scene x2 - Standard Action,"The next damaging attack the target performs before the end of your next turn automatically hits and ignores Defensive Abilities but deals damage as if it were resisted one step further than normal. You may still roll to trigger any Effect Ranges or Critical Hits. All targets of the attack may not activate any Blessings in response, and the attack may not be Intercepted or avoided in any way (ex: with Dodge, Shield Moves, etc).",core,62,False
pinpoint-strike,Pinpoint Strike,,General Features,"[""Orders"", ""Stratagem""]",,Bind 2 AP - Standard Action,"Increase the Accuracy and Effect Range of the target's damaging attacks by +2. These attacks deal 5 less damage, before applying weakness and resistance.",core,62,False
poke-ball-crafter,Poké Ball Crafter,,General Features,[],"Prerequisites: Basic Balls, Poké Ball Repair, Expert",Technology Static,"You may craft Dusk, Dive, Heal, Luxury, Net, Nest, Quick, Repeat, or Timer Balls for $700. Requires access to a Poké Ball Tool Box.",core,64,False
pokemaniac,PokéManiac,,General Features,[],Prerequisites: Adept Pokémon Education,At-Will - Standard Action,"Make a Pokemon Education Check with a DC of 10. If you succeed, you determine the target's Level, Types, Nature, and Abilities.",core,64,False
precision-orders,Precision Orders,,General Features,[],Prerequisites: Expert Command or Perception,Static,You gain the Pinpoint Strike and Perfect Aim Orders.,core,62,False
press,Press,,General Features,[],Prerequisites: Adept Intimidate,At-Will - Standard Action,"You hit your Pokémon, and they lose 1/6th of their Max Hit Points and are cured of Sleep. Raise any two of their Stats by +1 CS each, and you may add half of your Intimidate Rank to any Skill Checks made this round to make this Pokémon obey orders. Using Press on a Pokémon may make them dislike you.",core,59,False
psionic-sight,Psionic Sight,,General Features,"[""+Special Defense""]",Prerequisites: Elemental Connection (Psychic),Static,"You are able to visibly see any Psychic Residue left on Humans or Pokémon due to the effects of Psionic abilities. Each Human or Pokémon leaves distinct Psychic Residue on their targets; you are easily able to distinguish which targets have been affected by the same Psionic, though to identify that Psionic you need to have a way of knowing their signature (such as simply seeing them do it, and seeing the resulting signature).",core,64,False
quick-switch,Quick Switch,,General Features,[],Prerequisites: Novice Acrobatics or Novice Guile,2 AP - Free Action,"You may return and send out a Pokémon as a Free Action. You may perform this Feature on your turn without a Trigger. Pokémon sent out by Quick Switch cannot trigger another trainer's Quick Switch. When you swap Pokémon using Quick Switch, you do not lose a Pokémon turn.",core,59,False
ravager-orders,Ravager Orders,,General Features,[],Prerequisites: Expert Command or Intimidate,Static,You gain the Reckless Advance and Strike Again! Orders.,core,61,False
reckless-advance,Reckless Advance,,General Features,"[""Orders"", ""Stratagem""]",,Bind 2 AP - Standard Action,"While this Feature is Bound, increase the damage rolls of the target's damaging melee attacks by +8, and these attacks Trip targets on Accuracy Rolls of 18+. When the target of Reckless Advance hits with a damaging melee attack, they become Vulnerable for one full round.",core,61,False
sentinel-stance,Sentinel Stance,,General Features,"[""Orders""]",,Scene x2 - Standard Action,"Until the end of your next turn, the target may attempt to Intercept attacks for allies as a Shift Action. If they do so, they gain 10 Damage Reduction against the attack. If the target is also under the effect of Brace for Impact, they may gain 5 Damage Reduction from it as if they had used a self-targeting Status Move.",core,62,False
signature-move,Signature Move,,General Features,"[""+Any Stat""]",Prerequisites: Learned four Moves.,Static,"Choose a Move you know. Increase the Move's Frequency one step, as if you had used a PP Up. This choice cannot be changed once made. This Feature may not select Moves known through temporary means, nor can these Moves be used to qualify for this Feature.",core,63,False
skill-monkey,Skill Monkey,,General Features,[],Prerequisites: Three Skills at Adept Rank or higher,Daily x3 - Free Action,"You may re-roll the triggering Skill Check with a +2 Bonus, taking the new result. This Feature may be used to re-roll a specific roll only once.",core,64,False
species-savant,Species Savant,,General Features,[],Prerequisites: 3 different individual Pokémon of the,same evolutionary line. Static,"When you take Species Savant, choose a single Evolutionary Family. Your Pokémon of your Chosen Evolutionary Family have each of their Base Stats increased by +1.",core,59,False
strike-again,Strike Again!,,General Features,"[""Orders""]",,Scene - Standard Action,The target may immediately take an additional Standard Action to use an At-Will attack.,core,61,False
trick-shot,Trick Shot,,General Features,"[""Orders"", ""Stratagem""]",,Bind 2 AP - Standard Action,"While this Feature is Bound, decrease the Accu- racy Roll of the target's damaging ranged attacks by -2. The Critical Hit range of those attacks is increased by +3. This Feature does not affect Moves without an AC value.",core,61,False
trickster-orders,Trickster Orders,,General Features,[],Prerequisites: Expert Charm or Guile,Static,You gain the Capricious Whirl and Dazzling Dervish Orders.,core,62,False
tutoring,Tutoring,,General Features,[],"Prerequisites: Novice General Education, Special (See",Effect) One Time Use x 3 - Extended Action,"When activating this Feature, select a Move known either by yourself or by 3 Pokémon you own. This Move is Mastered. As an Extended Action, you may have Pokémon spend 2 Tutor Points to learn a Move you have Mastered. Pokémon targeted this way can only learn Moves that they could learn by Level Up, TM, Egg Move, or Move Tutor. You may take Tutoring multiple times, each time gaining 3 uses of the Feature.",core,59,False
type-expertise,Type Expertise,,General Features,"[""Ranked 2"", ""+Any Stat""]",,"All Ranks Prerequisites: Level 9, 3 Moves of the Chosen Type in your Move List Static","Each Rank, choose a Type of which you know at least 3 Moves. You gain STAB for the chosen Type. STAB is never applied to Struggle Attacks.",core,63,False
walk-it-off,Walk It Off,,General Features,"[""+HP""]","Prerequisites: Adept Athletics, Novice Focus",Daily - Extended Action,Remove one Injury from yourself and regain 1/4th of your maximum Hit Points. This Injury removal doesn't count against the natural healing limit on Injuries each day.,core,63,False
ace-trainer,Ace Trainer,Ace Trainer,Trainer Classes,"[""Class""]",Prerequisites: Novice Command,Drain 1 AP - Extended Action,"For each Pokémon that has been trained during this time, choose a Stat besides HP; that Stat becomes Trained until an Extended Rest is taken. The default State of Trained Stats is +1 Combat Stages instead of 0. A Pokémon may have only one Trained Stat at a time.",core,75,False
champ-in-the-making,Champ in the Making,Ace Trainer,Trainer Classes,[],"Prerequisites: 4 Ace Trainer Features, Master Command",Drain 1 AP - Free Action,Choose two Trained Stats for each Pokémon instead of one. A Pokémon may only have two Trained Stats this way.,core,75,False
critical-moment,Critical Moment,Ace Trainer,Trainer Classes,"[""Orders""]","Prerequisites: Elite Trainer, Adept Command",Scene x2 - Standard Action,The bonuses from your Pokemon's [Training] are tripled until the end of your next turn.,core,75,False
elite-trainer,Elite Trainer,Ace Trainer,Trainer Classes,[],Prerequisites: Ace Trainer,Static,"Choose Agility Training, Brutal Training, Focused Training, or Inspired Training. You gain the chosen Feature, even if you do not meet the prerequisites. When training, you may apply up to two different [Training] Features on each of your Pokémon. If you already have all of these Features, instead pick another Feature for which you qualify.",core,75,False
perseverance,Perseverance,Ace Trainer,Trainer Classes,[],Prerequisites: Ace Trainer,1 AP - Free Action,The target instead does not gain an Injury. Perseverance may activate only once per Scene per target.,core,75,False
signature-technique,Signature Technique,Ace Trainer,Trainer Classes,[],"Prerequisites: Elite Trainer, Expert Command",At-Will - Extended Action,"The target loses 2 Tutor Points. Choose one Move on the Target's Move List. That Move becomes the target's Signature Technique, and you may apply one of the modifications on the next page to the Move. The Move being modified must fit the category of the modification, and you must have the associated Training Feature to apply a modification. A Pokémon may only have one Signature Technique at a time. If you choose to teach a Pokémon a different Signature Technique, the old one is lost, and 1 Tutor Point is refunded. 1 Tutor Point is also refunded if the Pokémon ever forgets a Signature Technique Move.",core,75,False
top-percentage,Top Percentage,Ace Trainer,Trainer Classes,[],"Prerequisites: Ace Trainer, Expert Command",At-Will - Free Action,"Your Pokémon gains an extra Tutor Point. Top Percentage may be used on a single Pokémon a maximum of 4 times. Once a Pokémon has gained 4 Tutor Points in this way, increase each of that Pokémon's Base Stats by +1.",core,75,False
adrenaline-rush,Adrenaline Rush,Athlete,Trainer Classes,"[""+HP""]","Prerequisites: Athlete, Expert Athletics",Daily x3 - Free Action,"You gain +1 Combat Stage in each of your Trained Stats, are cured of up to two Status Afflictions, and gain a Tick of Temporary Hit Points. Adrenaline Rush may be used only once per Scene",core,155,False
athlete,Athlete,Athlete,Trainer Classes,"[""Class"", ""+HP""]","Prerequisites: Novice Athletics, One of Athletic Prowess, Mounted Prowess, Power Boost, Stamina, or Swimmer",At-Will - Extended Action,"After an hour of exercise, an Athlete may choose two different Stats besides HP; both of those stats become Trained Stats. The default State of Trained Stats is +1 Combat Stages instead of 0. An Athlete may have two Trained Stats at a time.",core,155,False
athletic-moves,Athletic Moves,Athlete,Trainer Classes,"[""Ranked 3"", ""+HP""]","Rank 1 Prerequisites: Athlete | Rank 2 Prerequisites: Athlete, Expert Athletics | Rank 3 Prerequisites: Athlete, Master Athletics",Static,You learn two Athlete Moves marked with the Rank of this Feature you are taking or lower.,core,155,False
coaching,Coaching,Athlete,Trainer Classes,"[""+HP""]",Prerequisites: Training Regime,1 AP - Free Action,Your Pokémon gains a bonus based on the type of Combat maneuver they are making. This Feature may be triggered once per Scene per Pokémon.,core,155,False
training-regime,Training Regime,Athlete,Trainer Classes,"[""+HP""]",Prerequisites: Athlete,Static,You gain additional static bonuses based on your Trained Stats.,core,155,False
ambient-aura,Ambient Aura,Aura Guardian,Trainer Classes,"[""+Attack or Special Attack""]","Prerequisites: Aura Reader, Expert Intuition",Scene x2 - Swift Action,"You gain an Aura Blessing that can be spent any time as a Free Action Interrupt. When you spend an Aura Blessing, you choose one of the effects below. You may only have one Aura Blessing at a time, and you must have the Aura Pulse Capability to use Ambient Aura.",core,177,False
aura-guardian,Aura Guardian,Aura Guardian,Trainer Classes,"[""Class"", ""+Attack or Special Attack""]",Prerequisites: Elemental Connection (Fighting),Static,"Choose two of Detect, Vacuum Wave, or Force Palm. You learn the chosen Moves.",core,177,False
aura-mastery,Aura Mastery,Aura Guardian,Trainer Classes,"[""+Attack or Special Attack""]","Prerequisites: Aura Guardian, Expert Intuition",Static,"Choose two of Aura Sphere, Focus Blast, Drain Punch, or Focus Punch. You learn the chosen Moves.",core,177,False
aura-reader,Aura Reader,Aura Guardian,Trainer Classes,"[""+Attack or Special Attack""]",Prerequisites: Aura Guardian,2 AP - Swift Action,"You gain the Aura Reader Capability for the rest of the scene. If your Intuition is Adept Rank or higher, you also gain the Aura Pulse Capability.",core,177,False
sword-of-body-and-soul,Sword of Body and Soul,Aura Guardian,Trainer Classes,"[""+Attack or Special Attack""]","Prerequisites: Aura Guardian, Adept Intuition",2 AP - Swift Action,"You may have the triggering Move deal damage as if it was your choice of Physical or Special Classes. Regardless, add both your Attack and Special Attack Stats to the Damage Roll, and this attack ignores Damage Reduction. This does not stack with Twisted Power.",core,177,False
the-power-of-aura,The Power of Aura,Aura Guardian,Trainer Classes,"[""+Attack or Special Attack"", ""Ranked 2""]","Rank 1 Prerequisites: Aura Guardian | Rank 2 Prerequisites: Aura Guardian, Expert Intuition",Static,"Each Rank, choose Scrappy or Aura Storm. You gain the Chosen Ability.",core,177,False
advanced-capture-techniques,Advanced Capture Techniques,Capture Specialist,Trainer Classes,"[""Ranked 4"", ""+Speed""]","Rank 1 Prerequisites: Capture Specialist | Rank 2 Prerequisites: Capture Specialist, any 2 Skills at | Rank 3 Prerequisites: Capture Specialist, any 2 Skills at | Rank 4 Prerequisites: Capture Specialist, any 3 Skills at",Adept Rank Expert Rank Expert Rank Static,"At each Rank, you gain two Capture Techniques of your choice, found on the next page. You must meet any prerequisites of the Technique. You may qualify for Advanced Capture Techniques' prerequisites with the Acrobatics, Athletics, Stealth, Survival, Guile, or Perception Skills only.",core,78,False
capture-specialist,Capture Specialist,Capture Specialist,Trainer Classes,"[""Class"", ""+Speed""]","Prerequisites: Acrobatics, Athletics, Stealth, or Survival at Novice; Guile, or Perception at Novice",Static,"You gain two Capture Techniques of your choice, found on the next page. You must meet any prerequisites of the Technique.",core,78,False
captured-momentum,Captured Momentum,Capture Specialist,Trainer Classes,"[""+Speed""]",Prerequisites: Advanced Capture Techniques Rank 2,At-Will - Free Action,,core,78,True
catch-combo,Catch Combo,Capture Specialist,Trainer Classes,[],"Prerequisites: 3 of Acrobatics, Athletics, Stealth,","Survival, Guile, or Perception Skills at Expert Rank Daily - Free Action","You may immediately throw a Poké Ball against the triggering Wild Pokémon, and it may be Captured even though it is knocked out. Calculate Capture Rate as if the target had 1 HP. If the Capture Attempt fails, the Pokémon is knocked out as normal.",core,79,False
false-strike,False Strike,Capture Specialist,Trainer Classes,[],"Prerequisites: 3 of Acrobatics, Athletics, Stealth,","Survival, Guile, or Perception at Expert Rank Scene x2 - Free Action",The Wild Pokémon is instead lowered to 1 Hit Point.,core,79,False
gotta-catch-em-all,Gotta Catch ‘Em All,Capture Specialist,Trainer Classes,"[""+Speed""]",Prerequisites: Advanced Capture Techniques Rank 3,Daily x3 - Swift Action,"You may switch the rolled digits on your 1d100 roll. For example, if you roll a 91, that can be switched to a 19. This does not turn a roll of 1 into a ""Natural"" roll of 100.",core,78,False
relentless-pursuit,Relentless Pursuit,Capture Specialist,Trainer Classes,[],"Prerequisites: 3 of Acrobatics, Athletics, Stealth,","Survival, Guile, or Perception Skills at Expert Rank 2 AP - Free Action, Interrupt","Before the target moves from its starting location, one of your Pokémon on the field may immediately Shift and use a Struggle Attack as an Interrupt. If this attack hits, the target is Tripped.",core,79,False
battle-synchronization,Battle Synchronization,Channeler,Trainer Classes,"[""Orders""]",Prerequisites: Channeler,Scene x3 - Standard Action,"For one full round, whenever a Channeled Pokémon successfully hits a foe, all Channeled Pokémon gain +1 Accuracy and +1 Evasion against that foe for the duration of this Feature.",core,179,False
channeler,Channeler,Channeler,Trainer Classes,"[""Class""]",Prerequisites: Mystic Senses,At-Will - Swift Action,"You Channel the target Pokémon. If you attempt to Channel a Hostile Pokémon, you must make an Intuition Check with a DC of 15 to Channel the target. You may stop Channeling a Pokémon as a Free Action at any time. You may Channel a number of Pokémon at a time up to your Intuition Rank. If a Channeled Pokémon goes further than 20 meters from you, they stop being Channeled.",core,179,False
pain-dampening,Pain Dampening,Channeler,Trainer Classes,[],"Prerequisites: Channeler, Expert Intuition",Scene x2 - Free Action,"Choose any number of Channeled Pokémon, which must include the triggering Pokémon. Instead of resolving the attack normally, divide the damage from the attack by the number of chosen Pokémon. Each chosen Pokémon then loses that many Hit Points. For each chosen Pokémon that Resists or is Immune to the Type of the triggering attack, subtract your Intuition Rank from the damage of the attack before all calculations.",core,180,False
power-conduit,Power Conduit,Channeler,Trainer Classes,[],"Prerequisites: Channeler, Adept Intuition",2 AP - Swift Action,,core,180,True
shared-senses,Shared Senses,Channeler,Trainer Classes,[],Prerequisites: Channeler,Bind 1 AP - Swift Action,"You Imprint the target for the duration of this Feature. You receive all sensory information being sensed by Imprinted Pokémon, and Imprinted Pokémon are not subject to the distance limit on Channeling. If you have Imprinted more than one Pokémon, you may only concentrate on the senses of one Pokémon at a time, and only choose one such Pokémon per round. If you stop Channeling a Pokémon, they are no longer Imprinted as well.",core,179,False
soothing-connection,Soothing Connection,Channeler,Trainer Classes,[],"Prerequisites: Pain Dampening, Master Intuition",Daily x2 - Standard Action,"Distribute 5 points in any way among Pokémon you are Channeling. For each point you assign to a Channeled Pokémon, they gain a Tick of Hit Points.",core,180,False
spirit-boost,Spirit Boost,Channeler,Trainer Classes,"[""Orders"", ""Stratagem""]",Prerequisites: Channeler,Bind 2 AP - Standard Action,"When you use Spirit Boost, choose a Channeled Pokémon. You may choose the target of Spirit Boost if you wish. While Spirit Boost is Bound, the target has one of the following effects, depending on the highest Combat Stat of the chosen Pokémon. (In the event of a tie, you choose which Stat to use)",core,179,False
cheer-brigade,Cheer Brigade,Cheerleader,Trainer Classes,[],Prerequisites: Cheerleader,At-Will - Extended Action,Your Pokémon loses 2 Tutor Points and gains the Friend Guard Ability.,core,93,False
cheerleader,Cheerleader,Cheerleader,Trainer Classes,"[""Class""]","Prerequisites: Inspired Training, Novice Charm",X AP - Free Action,"Choose Cheered, Excited, or Motivated. All allies affected by the triggering effect gain the chosen condition. This Feature costs 0 AP if the triggering effect affects only one ally, and costs 1 AP if it affects two or more.",core,93,False
gleeful-interference,Gleeful Interference,Cheerleader,Trainer Classes,[],"Prerequisites: Cheer Brigade, Adept Charm",1 AP - Free Action,The triggering foe gains a -2 penalty to Accuracy for one full Round.,core,93,False
go-fight-win,"Go, Fight, Win!",Cheerleader,Trainer Classes,"[""Orders""]","Prerequisites: Moment of Action, Expert Charm",At-Will - Standard Action + Swift Action,Choose and perform one of the cheers below. You may perform each Cheer only once per Scene.,core,93,False
inspirational-support,Inspirational Support,Cheerleader,Trainer Classes,[],"Prerequisites: Cheer Brigade, Adept Charm",Static,You may trigger Cheerleader as a Free Action when your Pokémon with Friend Guard activate an Ability or Status Move that affects only allies.,core,93,False
keep-fighting,Keep Fighting!,Cheerleader,Trainer Classes,[],"Prerequisites: 5 Cheerleader Features, Master Charm",Daily x2 - Free Action,"That Ally's Hit Point count is reduced to 1 instead, and then gains Temporary Hit Points equal to your Charm Rank doubled.",core,94,False
moment-of-action,Moment of Action,Cheerleader,Trainer Classes,"[""Orders""]",Prerequisites: Cheerleader,At-Will - Standard Action,Each target gains 1 Temporary Action Point. These Action Points disappear after one full Round.,core,93,False
accentuated-taste,Accentuated Taste,Chef,Trainer Classes,[],"Prerequisites: Chef, Adept Intuition",Static,"Whenever you create a Snack with a Chef Feature, you may assign it a Taste chosen from Salty, Sour, Spicy, Dry, and Sweet. Tasty Snacks must be assigned their corresponding Taste. Whenever a Pokémon trades in a Digestion Buff from a Snack with an assigned Taste they do not dislike, they gain the following bonuses:",core,131,False
bait-mixer,Bait Mixer,Chef,Trainer Classes,[],Prerequisites: Culinary Appreciation,,"You may create Bait. For $50 more, you may create Bait as Super Bait or Vile Bait instead. Super Bait works like regular Bait, but you may add your Intuition Rank to 1d20 Rolls made to attract Pokémon. Vile Bait works like regular Bait, but Pokémon that eat it are Poisoned.",core,132,False
chef,Chef,Chef,Trainer Classes,"[""Class""]","Prerequisites: Basic Cooking, Novice Intuition",At-Will - Extended Action,You may use any Chef Recipe for which you qualify.,core,131,False
complex-aftertaste,Complex Aftertaste,Chef,Trainer Classes,[],Prerequisites: Accentuated Taste,1 AP - Free Action,The target gains a Digestion Buff according to the Taste of the Snack granting the Buff. This Digestion Buff matches that of the corresponding basic Tasty Snack recipe.,core,131,False
culinary-appreciation,Culinary Appreciation,Chef,Trainer Classes,[],Prerequisites: Chef,At-Will - Extended Action,The target loses 2 Tutor Points and gains the Gluttony Ability.,core,131,False
dietician,Dietician,Chef,Trainer Classes,[],"Prerequisites: Chef, Expert Intuition",Static,Your Pokemon can benefit from a maximum of 7 Vitamins.,core,131,False
dumplings,Dumplings,Chef,Trainer Classes,[],"Prerequisites: 4 Chef Features, Master Intuition","At-Will - Extended Action Ingredient 1: Leftovers, Preserves, or a Snack made with Chef Ingredient 2: Leftovers or Preserves",You mix the two ingredients into one Snack that has the same effect as its ingredients. The two ingredients must be different items.,core,131,False
hearty-meal,Hearty Meal,Chef,Trainer Classes,[],Prerequisites: Hits the Spot,,"You create up to five Hearty Meals, which may be consumed by Trainers as an Extended Action. When consumed, that Trainer gains +2 to their Max AP until the end of their next extended rest. A Trainer may only be under the effect of one Hearty Meal at a time. Hearty Meals not consumed within 20 minutes of being created lose all flavor and all effect.",core,132,False
hits-the-spot,Hits the Spot,Chef,Trainer Classes,[],Prerequisites: Chef,1 AP - Free Action,"The target gains Temporary Hit Points equal to your Intuition Rank doubled. These Temporary Hit Points stack from any Temporary Hit Points granted by Accentuated Taste, the Digestion Buff or by the Lunchbox Ability.",core,131,False
leftovers,Leftovers,Chef,Trainer Classes,[],Prerequisites: Complex Aftertaste,,You create Leftovers.,core,132,False
meal-planner,Meal Planner,Chef,Trainer Classes,[],Prerequisites: Chef,,"You may create the following items, based on your Intuition Rank",core,132,False
preserves,Preserves,Chef,Trainer Classes,[],Prerequisites: Accentuated Taste,,"The user creates x2 Units of Preserves from the Berry, Herb, or Mushroom. Preserves have the same effect as the consumable from which they were made.",core,132,False
tasty-snacks,Tasty Snacks,Chef,Trainer Classes,[],Prerequisites: Chef,,"You create a Salty Surprise, Spicy Wrap, Sour Candy, Dry Wafer, Bitter Treat, or Sweet Confection.",core,132,False
vitamins,Vitamins,Chef,Trainer Classes,[],Prerequisites: Dietician,,"You create an HP Up, Protein, Iron, Calcium, Zinc, or Carbos for $2450, or Stat Suppressants for",core,132,False
archival-training,Archival Training,Chronicler,Trainer Classes,"[""Ranked 2""]",,All Rank Prerequisites: Chronicler Static,"Each Rank, you gain an Archive.",core,134,False
archive-tutor,Archive Tutor,Chronicler,Trainer Classes,[],"Prerequisites: Technique Archive, Expert Perception",Daily - Extended Action,"Select a Record in your Technique Archive that is of a Move that the target can learn by Level Up, TM or by Move Tutor. The target learns the Move and loses 2 Tutor Points. You can target someone else's Pokémon only once with Archive Tutor; you may target your own Pokémon any number of times with Archive Tutor, but they must still abide by any Move Pool Limitations (ie: no more than 3 of the user's Move Pool can come from TMs or Tutor Moves).",core,134,False
chronicler,Chronicler,Chronicler,Trainer Classes,"[""Class""]",Prerequisites: Novice Perception,"1 AP - Swift Action, Interrupt","You make Record of the target. Records can be placed in an Archive as an Extended Action. When you take Chronicler, you gain one Archive.",core,134,False
cinematic-analysis,Cinematic Analysis,Chronicler,Trainer Classes,[],"Prerequisites: 4 Chronicler Features, Master Perception",Daily x3 - Free Action,You analyze a Record in one of your Archives. Cinematic Analysis's effect depends on the Archive the Record is in. Each of these effects may only be used once per Scene.,core,135,False
observation-party,Observation Party,Chronicler,Trainer Classes,[],"Prerequisites: Travel Archive, Adept Perception",Static,"While they are in a Location in your Travel Archive, your Pokémon have the Ability you chose when gaining Travel Archive and gain a +2 bonus to Perception Checks to notice the environment.",core,134,False
targeted-profiling,Targeted Profiling,Chronicler,Trainer Classes,"[""Orders""]","Prerequisites: Profile Archive, Expert Perception",2 AP - Standard Action,"On the target's next turn, they act as if they had the Mold Breaker Ability against all Pokémon and Trainers in your Profile Archive and gains a +2 bonus to Accuracy Rolls against these targets.",core,134,False
battle-conductor,Battle Conductor,Commander,Trainer Classes,[],Prerequisites: Leadership,At-Will - Swift Action,You may target up to two additional Allies with the [Orders].,core,81,False
commander,Commander,Commander,Trainer Classes,"[""Class""]",Prerequisites: Novice Command,Static,"Choose one of Ravager Orders, Marksman Orders, Trickster Orders, Guardian Orders, or Precision Orders. You gain the chosen Feature, even if you do not meet its prerequisites.",core,81,False
complex-orders,Complex Orders,Commander,Trainer Classes,"[""Orders""]","Prerequisites: Mastermind, at least two Features with",the [Orders] Tag that have targets At-Will - Shift Action,You may choose a different Order to give to each Target. You must pay all AP costs and follow Frequency restrictions for all Orders used in this way.,core,81,False
leadership,Leadership,Commander,Trainer Classes,[],Prerequisites: Commander,Static,"You may use [Orders] that have targets to target any Ally, even if normally those [Orders] would only let you apply the effect to your own Pokemon. Any other conditions still apply.",core,81,False
mobilize,Mobilize,Commander,Trainer Classes,"[""Orders""]",Prerequisites: Commander,At-Will - Free Action,The target cannot provoke Attacks of Opportunity on their next turn. Mobilize may target an Ally only once per encounter.,core,81,False
scheme-twist,Scheme Twist,Commander,Trainer Classes,[],"Prerequisites: Commander, Master Command",Scene x2 - Swift Action,You may target up to two additional Allies with the [Orders].,core,81,False
tip-the-scales,Tip the Scales,Commander,Trainer Classes,[],"Prerequisites: Commander, Expert Command",2 AP - Swift Action,Your [Orders] with an At-Will Frequency instead target all allies within 10 Meters.,core,81,False
adaptable-performance,Adaptable Performance,Coordinator,Trainer Classes,[],Prerequisites: Coordinator,Scene - Free Action,"Choose two of your Pokémon's Moves. Your Pokémon may perform your Contest Move as if had the Contest Typing of one of your chosen Moves, and had the effects of the other. You may not use either move on the next round of the contest. This effect may be used once per Contest.",core,83,False
coordinator,Coordinator,Coordinator,Trainer Classes,"[""Class""]","Prerequisites: Grace, Novice Charm, Command, Guile, Intimidate, or Intuition",At-Will - Free Action,"Your Pokémon may reroll a single Appeal Roll or Damage Roll. This Ability may be used only once per Contest, and once per Pokémon per Scene.",core,83,False
decisive-director,Decisive Director,Coordinator,Trainer Classes,"[""Orders""]",Prerequisites: Coordinator,At-Will - Standard Action,Add or subtract X from the target's Initiative until the end of your next turn. X is equal to your Charm Rank doubled.,core,83,False
flexible-preparations,Flexible Preparations,Coordinator,Trainer Classes,[],"Prerequisites: Adaptable Performance, Adept Charm,","Command, Guile, Intimidate, or Intuition Daily - Extended Action",The target may reallocate up to 2d6 of Poffin- Derived Contest Stats from one Contest Stat to another. This effect lasts until the end of the day.,core,83,False
innovation,Innovation,Coordinator,Trainer Classes,[],Prerequisites: Adaptable Performance,Daily - Extended Action,"The target loses 1 Tutor Point, and then learns a Move created with Innovation. See the next section for details on creating Moves for this Feature. A Pokémon may only have one Move created by Innovation at a time.",core,83,False
nuanced-performance,Nuanced Performance,Coordinator,Trainer Classes,[],"Prerequisites: Coordinator, Expert Charm, Command,","Guile, Intimidate, or Intuition 1 AP - Free Action","That Move's Frequency is not expended. This does not work with Moves that may fail to activate, such as moves with the Execute keyword.",core,83,False
reliable-performance,Reliable Performance,Coordinator,Trainer Classes,[],"Prerequisites: Nuanced Performance, Master Charm,","Command, Guile, Intimidate, or Intuition 2 AP - Free Action","For appeal rolls, instead of making the Appeal Roll, you gain 1 Appeal Point for each Dice you would have rolled. For Accuracy Checks, act as if you had rolled a 10. For Skill Checks, multiply 3.5 by your Pokémon's Skill Rank, and use the resulting number as the result of your roll, rounded down. For all rolls, add or subtract any modifiers as normal.",core,83,False
choreographer,Choreographer,Dancer,Trainer Classes,"[""+Speed""]","Prerequisites: Dance Form; Adept Acrobatics, Athletics,",or Charm At-Will - Extended Action,The target loses 2 Tutor Point and learns a Dance Move created by yourself. Choreographer may target a Pokémon multiple times.,core,157,False
dance-form,Dance Form,Dancer,Trainer Classes,"[""+Speed""]",Prerequisites: Dancer | Prerequisites: Dance Form,Static,"Create and learn two Dance Moves, plus one more for each other Dancer Feature you have. Whenever you gain another Dancer Feature, create and learn another Dance Move. Beguiling Dance [+Speed] Static When creating Dance Moves, you can choose to create a Dance Move that has Range: 4, 1 Target, AC 3, and lowers a Combat Stat (chosen at creation) by -2 Combat Stages. This Move is otherwise the same as other Dance Moves you could create except that Dance Moves created with this template have the Contest Effect Excitement instead of Get Ready!.",core,157,False
dance-practice,Dance Practice,Dancer,Trainer Classes,"[""+Speed""]",Prerequisites: Dancer,At-Will - Extended Action,The target loses 2 Tutor Points and gains your choice of Spinning Dance or Own Tempo. Dance Practice may target a Pokémon only once.,core,157,False
dancer,Dancer,Dancer,Trainer Classes,"[""Class"", ""+Speed""]",Prerequisites: Novice Acrobatics; Novice Athletics or Charm,Static,Choose Spinning Dance or Own Tempo. You gain the chosen Ability.,core,157,False
passing-waltz,Passing Waltz,Dancer,Trainer Classes,"[""+Speed""]","Prerequisites: Dance Practice; Master Acrobatics, Ath-","letics, or Charm 1 AP - Free Action",Choose an ally within 3 meters of the triggering target. That ally gains Combat Stages from the triggering Move instead of the user.,core,157,False
power-pirouette,Power Pirouette,Dancer,Trainer Classes,"[""+Speed""]","Prerequisites: Dance Form; Expert Acrobatics, Athlet-","ics, or Charm Scene x2 - Swift Action",Choose one effect:,core,157,False
directed-focus,Directed Focus,Duelist,Trainer Classes,[],Prerequisites: Effective Methods,Static,"Whenever your Pokémon with the Exploit or Tolerance Ability are targeted by an [Order], deal Super- Effective Damage, or take Super-Effective Damage, they gain +1 Momentum after all effects of the Move or Order are resolved.",core,96,False
duelist,Duelist,Duelist,Trainer Classes,"[""Class""]","Prerequisites: Focused Training, Novice Focus",At-Will - Swift Action,"The Foe becomes Tagged; or if the foe is already Tagged, the foe loses the Tag. Only one foe can be Tagged this way at a time. If a new Foe is Tagged, all other Tags are lost.",core,96,False
duelists-manual,Duelist's Manual,Duelist,Trainer Classes,"[""Orders""]","Prerequisites: Expend Momentum, Effective Methods,",Expert Focus 2 AP - Standard Action,"Apply one of the following effects. To choose an effect, your Pokémon must have a certain amount of Momentum. (Duelist's Manual does not spend Momentum).",core,97,False
effective-methods,Effective Methods,Duelist,Trainer Classes,[],Prerequisites: Duelist,At-Will - Extended Action,Your Pokémon loses 2 Tutor Points and gains your choice of the Exploit or Tolerance Ability. You may only target a Pokémon once with Effective Methods.,core,96,False
expend-momentum,Expend Momentum,Duelist,Trainer Classes,"[""Orders""]",Prerequisites: Duelist,At-Will - Standard Action,Apply one of the following effects on the target by spending that much Momentum.,core,96,False
seize-the-moment,Seize The Moment,Duelist,Trainer Classes,[],"Prerequisites: Duelist, Master Focus",Scene x2 - Free Action,"Your Pokémon loses 6 Momentum, and then gains +1 Momentum. Your Pokémon may immediately make an attack as an Interrupt, but this attack must target only a Tagged Foe. If the attack misses, it still deals damage as if it had the Smite keyword. If the attack hits, it's automatically a Critical Hit. If it would have already been a Critical Hit, your Pokémon gains Hit Points equal to half of its maximum Hit Points. May be used only once per Scene per Pokémon .",core,97,False
type-methodology,Type Methodology,Duelist,Trainer Classes,[],"Prerequisites: Effective Methods, Adept Focus",Scene x2 - Free Action,Effects depend on whether your Pokémon has the Tolerance or Exploit ability.,core,96,False
awareness,Awareness,Enduring Soul,Trainer Classes,[],"Prerequisites: Enduring Soul, 3 Pokémon with a",Defensive Ability* Static,Your Pokémon add +2 to all Save Checks.,core,99,False
enduring-soul,Enduring Soul,Enduring Soul,Trainer Classes,"[""Class""]",Prerequisites: Novice Athletics and Focus,Static,"You may add to your Pokémon's HP stat when they level up, ignoring Base Relation, and you do not need to ""correct"" Stats due to this inflated HP.",core,99,False
not-yet,Not Yet!,Enduring Soul,Trainer Classes,[],"Prerequisites: Enduring Soul, Expert Athletics or Focus",Scene - Free Action,"Before fainting, the targeted Pokémon gains an Injury, and may then use a Move as an Interrupt. When the Move is resolved, the Pokémon then immediately faints. This consumes a Pokémon turn as normal. This cannot be used with the Moves Explosion, Pain Split, or Self-Destruct.",core,99,False
resilience,Resilience,Enduring Soul,Trainer Classes,[],"Prerequisites: Awareness, Expert Athletics or Focus",2 AP - Free Action,"Your Pokémon does not gain a Status Affliction, and the triggering attack does damage as if it was not a Critical Hit. Resilience may only be used once per target per Scene.",core,99,False
shrug-off,Shrug Off,Enduring Soul,Trainer Classes,[],Prerequisites: Staying Power,Static,"Once per day, each of your Pokémon may spend a Shift Action to remove 1 Injury from themselves; this may also be activated as a Free Action whenever your Pokémon Take a Breather.",core,99,False
staying-power,Staying Power,Enduring Soul,Trainer Classes,[],Prerequisites: Enduring Soul,Scene - Free Action,"Your Pokémon may ""Take a Breather"" even if it is Confused or Enraged, and it does not Trip or have to Shift away from enemies as part of the action. You may choose whether or not your Pokémon resets their Combat Stages to default.",core,99,False
vim-and-vigor,Vim and Vigor,Enduring Soul,Trainer Classes,[],"Prerequisites: Shrug Off, Master Athletics or Focus",At-Will - Extended Action,"The target loses 2 Tutor Points, and gains the Vigor Ability.",core,99,False
accessorize,Accessorize,Fashionista,Trainer Classes,[],"Prerequisites: Dashing Makeover, one Fashionista Skill",at Adept Static,"You may wear and benefit from two Accessory Slot Items at once. The two items must be of different types and must not share an effect. For example, a Fire Brace cannot be paired with another Fire Brace or a Fire Plate, but it could be paired with an Ice Brace, a Fire Booster, or a Stat Booster.",core,137,False
basic-fashion,Basic Fashion,Fashionista,Trainer Classes,[],Prerequisites: Fashionista,,You create one of the Basic Fashion Items below for which you have the chosen Fashionista Skill. These are Accessory Slot Items and may be used as Held Items by Pokémon.,core,138,False
contest-trends,Contest Trends,Fashionista,Trainer Classes,[],Prerequisites: Fashionista,,"You can create Contest Accessories for $750, Contest Fashion Items for $500, and Fancy Clothes for",core,138,False
dashing-makeover,Dashing Makeover,Fashionista,Trainer Classes,[],Prerequisites: Fashionista,Bind 2 AP - Extended Action,"When you activate Dashing Makeover, choose one Equipment or Held Item you can create. While this Feature is Bound, the target gains the effects of the chosen item, as long as they would normally be able to equip it (ex: Trainers cannot equip Incense Items).They do not need to take up an Equipment or Held Item slot to gain this benefit. A target may only be affected by one instance of Dashing Makeover at a time.",core,137,False
dress-to-impress,Dress to Impress,Fashionista,Trainer Classes,"[""Orders""]","Prerequisites: Versatile Wardrobe, two Fashionista",Skills at Expert Scene x2 - Standard Action,Your Pokémon gains the effect of all items in extra slots granted by Versatile Wardrobe for one full round. Dress to Impress may only target a Pokémon once per Scene.,core,137,False
fashionista,Fashionista,Fashionista,Trainer Classes,"[""Class""]","Prerequisites: Two of Charm, Command, Guile, Intimidate, or Intuition at Novice",At-Will - Extended Action,You may craft any Fashionista Recipe for which you qualify.,core,137,False
focused-fashion,Focused Fashion,Fashionista,Trainer Classes,[],Prerequisites: Style is Eternal,,You can create Focus Bands and Focus Sashes for $2000.,core,138,False
incense-maker,Incense Maker,Fashionista,Trainer Classes,[],Prerequisites: Parfumier,,"You can create Lax Incense for $1000, Luck Incense for $900, and Full Incense for $450.",core,138,False
parfumier,Parfumier,Fashionista,Trainer Classes,[],"Prerequisites: Fashionista, one Fashionista Skill at",Expert Static,"Whenever you create an Incense Held Item, choose Sweet Scent or Aromatic Mist. While your Pokémon is holding that Incense Item in an active Held Item slot, they add the chosen Move to their Move List.",core,137,False
practical-fashion,Practical Fashion,Fashionista,Trainer Classes,[],Prerequisites: Dashing Makeover,,"You can create Go-Goggles, Safety Goggles, or Winter Cloaks for $750.",core,138,False
style-is-eternal,Style is Eternal,Fashionista,Trainer Classes,[],Prerequisites: Fashionista,1 AP - Free Action,Your Pokémon instead retains their Held Item. Style is Eternal may only be used once per Scene per Pokémon.,core,137,False
versatile-wardrobe,Versatile Wardrobe,Fashionista,Trainer Classes,[],"Prerequisites: Fashionista, two Fashionista Skills at",Adept At-Will - Extended Action,"The target loses 2 Tutor Points and then becomes chic. Chic Pokémon gain two extra Held Item slots with which they can carry Held Items. However, the items in these slots have no effect and are not treated as equipped. As a Swift Action on their turn, Chic Pokémon may swap a currently active Held Item with an item stored in these slots. Chic Pokémon may not carry multiple items of the same type or with repeated effects.",core,137,False
diffuse-pain,Diffuse Pain,Hex Maniac,Trainer Classes,"[""+HP""]",Prerequisites: Hex Maniac Studies Rank 1,2 AP - Swift Action,Choose an additional target for the Move.,core,182,False
grand-hex,Grand Hex,Hex Maniac,Trainer Classes,"[""+HP""]","Prerequisites: Hex Maniac Studies Rank 3, Master",Occult Education 1 AP - Swift Action,"Regain one use of a Move gained from Hex Maniac Studies that can inflict a Status Affliction that the triggering target has. If you activated the conditional damage boost for Hex, its Frequency is not expended. You may only activate Grand Hex once per target per Scene.",core,182,False
hex-maniac,Hex Maniac,Hex Maniac,Trainer Classes,"[""Class"", ""+HP""]",Prerequisites: Novice Occult Education,Static,Choose Cursed Body or Omen. You gain the Chosen Ability.,core,182,False
hex-maniac-studies,Hex Maniac Studies,Hex Maniac,Trainer Classes,"[""+HP"", ""Ranked 3""]","Rank 1 Prerequisites: Hex Maniac | Rank 2 Prerequisites: Hex Maniac | Rank 3 Prerequisites: Hex Maniac, Expert Occult",Education Static,Learn two Hex Maniac Moves. You may choose any Move marked with the Hex Maniac Studies Rank you are taking or lower.,core,182,False
malediction,Malediction,Hex Maniac,Trainer Classes,"[""+HP""]","Prerequisites: Hex Maniac Studies Rank 1, Expert",Occult Education Scene x2 - Free Action,"Use a Status-Class Move gained from Hex Maniac Studies targeting the triggering foe as a Free Action, Frequency-permitting.",core,182,False
dabbler,Dabbler,Hobbyist,Trainer Classes,[],"Prerequisites: Hobbyist, Expert General Education or",Perception Static,"At the Level 5, 10, 20, 30, and 40 Character Advancement Level Milestones, if you choose to gain Bonus Stats, you also gain an Edge for which you qualify. If you choose Bonus Edges or Features, you also gain +2 to your choice of Attack or Special Attack. This applies retroactively.",core,86,False
dilettante,Dilettante,Hobbyist,Trainer Classes,"[""Ranked 4""]",,All Ranks Prerequisites: Hobbyist Static,"Each Rank of Dilettante, you gain both an Edge and a General Feature from the lists below. You may gain the chosen Edge and Feature even if you do not meet the Skill prerequisites. You must meet any other Prerequisites.",core,86,False
hobbyist,Hobbyist,Hobbyist,Trainer Classes,"[""Class""]","Prerequisites: Novice General Education, Novice Perception",Static,You gain three Skill Edges for which you qualify.,core,86,False
look-and-learn,Look and Learn,Hobbyist,Trainer Classes,[],"Prerequisites: Hobbyist, Expert General Education or",Perception x2 Uses - Extended Action,"When you activate Look and Learn, you may gain any of the Features below even though they are Features from other Classes. You do not need to meet their normal prerequisites, but you must meet their Prerequisites listed here. Look and Learn can be used two times; once to learn a Feature from the ""Scene Features"" List, and once to learn a Feature from the ""Action Point Features List"".",core,86,False
dont-look-away,Don't Look Away,Hunter,Trainer Classes,"[""+Speed""]","Prerequisites: Pack Tactics, Adept Stealth, Adept",Survival 1 AP - Free Action,"The hit foe loses a Tick of Hit Points, and is Slowed for 1 round. Don't Look Away may be triggered once per round.",core,159,False
finisher,Finisher,Hunter,Trainer Classes,"[""+Speed""]","Prerequisites: Hunter, Adept Stealth, Adept Survival",Static,"You and your Pokémon gain a +5 bonus to Damage Rolls against Fainted, Flinched, Sleeping, Stuck, Slowed, Trapped, or Tripped targets.",core,159,False
hunter,Hunter,Hunter,Trainer Classes,"[""Class"", ""+Speed""]","Prerequisites: Novice Survial, Novice Stealth",Static,Choose Teamwork or Pack Hunt. You gain the Chosen Ability.,core,159,False
hunters-reflexes,Hunter's Reflexes,Hunter,Trainer Classes,"[""+Speed""]","Prerequisites: Hunter, Adept Stealth or Survival",Static,"You and your Pokémon may make up to three Attacks of Opportunity each round, instead of only one. Additionally, your attacks always consider you to be adjacent to your target for the purposes of benefiting from your Pokémon's Teamwork Ability, and count as Melee attacks for the purposes of triggering their Pack Hunt Ability.",core,159,False
pack-master,Pack Master,Hunter,Trainer Classes,"[""+Speed""]","Prerequisites: Pack Tactics, Expert Stealth, Expert",Survival Static,"For you and your Pokémon with Teamwork, Teamwork's effect now reads ""While you are adjacent to an opponent, allies targeting that opponent receive a +2 bonus to Accuracy Checks"". Whenever you or your Pokémon successfully hit a foe with Pack Hunt, they gain a +2 Bonus to Accuracy Rolls and a +5 Bonus to Damage Rolls against that foe until the end of their next turn.",core,159,False
pack-tactics,Pack Tactics,Hunter,Trainer Classes,"[""+Speed""]",Prerequisites: Hunter,At-Will - Extended Action,"The target loses 2 Tutor Points, and gains the Pack Hunt or Teamwork Ability. You may target a Pokémon with Pack Tactics only once.",core,159,False
surprise,Surprise!,Hunter,Trainer Classes,"[""+Speed""]","Prerequisites: Hunter, Adept Stealth or Survival",X AP - Swift Action,"Make two attack rolls for the triggering action, and use the better result to finalize the attack. If both attacks would hit, the target is Flinched. Surprise! may be used only once per Scene per target. If the triggering attack was a Poké Ball, Hand Net, Weighted Net, Glue Cannon, or Struggle Attack, Surprise! costs 1 AP to activate; otherwise, it costs 2 AP.",core,159,False
bounce-shot,Bounce Shot,Juggler,Trainer Classes,"[""+Speed""]",Prerequisites: Juggler,At-Will - Free Action,"After hitting its mark or landing, your Poké Ball bounces 3 meters in any direction. You may have your Poké Ball trigger captures or releases before or after the bounce.",core,101,False
emergency-release,Emergency Release,Juggler,Trainer Classes,"[""+Speed""]","Prerequisites: Juggler, Expert Acrobatics or Guile","2 AP - Shift Action, Interrupt",You may Release a Pokémon as an Interrupt.,core,101,False
first-blood,First Blood,Juggler,Trainer Classes,"[""+Speed""]","Prerequisites: Tag In, Master Acrobatics or Guile",Scene - Free Action,"If you have a Pokémon turn available this round or next, your Pokémon may use a Move as an Interrupt as soon as it is sent out. This consumes your Pokémon turn for the round (or the following round) as normal.",core,101,False
juggler,Juggler,Juggler,Trainer Classes,"[""Class"", ""+Speed""]","Prerequisites: Quick Switch, Novice Acrobatics, Novice Guile",Static,"Using Quick Switch costs only 1 AP. Whenever you send a Pokémon into an encounter from a Poké Ball, they receive a +10 bonus to their Initiative during that round.",core,101,False
juggling-show,Juggling Show,Juggler,Trainer Classes,"[""+Speed""]",Prerequisites: Juggler,Static,"You may roll an additional Xd6 during the In- troduction Stage of a Contest, where X is half of your Acrobatics Rank. You may choose any Contest Stat to attempt to gain Dice for with this roll.",core,101,False
round-trip,Round Trip,Juggler,Trainer Classes,"[""+Speed""]","Prerequisites: Juggler, Adept Acrobatics or Guile",1 AP - Free Action,You may immediately switch your Pokémon that just performed a Move for another of your Pokémon. This effect lets Pokémon with the Trapped condition switch out.,core,101,False
tag-in,Tag In,Juggler,Trainer Classes,"[""+Speed""]","Prerequisites: Round Trip, Expert Acrobatics or Guile",1 AP - Free Action,The next Pokémon you send out is treated as if the recalled Pokémon had used Baton Pass on it.,core,101,False
bend-like-the-willow,Bend Like the Willow,Martial Artist,Trainer Classes,[],Prerequisites: Limber Ability,"2 AP - Free Action, Interrupt",You may attempt the same Combat Maneuver against the triggering foe as a Free Action.,core,162,False
heightened-intensity,Heightened Intensity,Martial Artist,Trainer Classes,[],Prerequisites: Inner Focus Ability,2 AP - Shift Action,You may use Focus Energy as a Free Action,core,162,False
martial-achievement,Martial Achievement,Martial Artist,Trainer Classes,[],Prerequisites: Martial Artist,Static,You gain a Martial Achievement based on your Chosen Ability.,core,162,False
martial-artist,Martial Artist,Martial Artist,Trainer Classes,"[""Class""]","Prerequisites: Basic Martial Arts, Novice Combat",Static,"Choose one of the abilities listed below. You gain the chosen Ability, and its associated tags. Whenever you gain any Martial Artist Feature, you also gain the associated tags.",core,161,False
martial-training,Martial Training,Martial Artist,Trainer Classes,"[""Ranked 3""]","Rank 1 Prerequisites: Martial Artist | Rank 2 Prerequisites: Martial Artist, Expert Combat | Rank 3 Prerequisites: Martial Artist, Master Combat",Static,Learn two Martial Artist Moves. You may choose any Move marked with the Martial Training Rank you are taking or lower. You must meet a Move's Prerequisites to choose that Move.,core,161,False
my-kung-fu-is-stronger,My Kung-Fu is Stronger,Martial Artist,Trainer Classes,[],Prerequisites: Martial Training Rank 1,At-Will - Free Action,"You may use Rock Smash instead of an unarmed Struggle Attack. If you do, Rock Smash's Effect Range is increased by +2.",core,162,False
pummeling-momentum,Pummeling Momentum,Martial Artist,Trainer Classes,[],Prerequisites: Iron Fist Ability,1 AP - Free Action,"You Tag the triggering foe and gain a +1 bonus to your Accuracy Rolls and Evasion against that foe. Each subsequent time that you hit the Tagged foe with a Move affected by Iron Fist, this bonus increases by +1, to a maximum of your Combat Rank. If you ever spend a turn without successfully hitting your Tagged foe, the foe loses their Tag and the bonus is lost.",core,162,False
second-strike,Second Strike,Martial Artist,Trainer Classes,[],Prerequisites: Martial Artist,At-Will - Free Action,You may immediately use Rock Smash or a Struggle Attack against your target as a Free Action.,core,162,False
soft-landing,Soft Landing,Martial Artist,Trainer Classes,[],Prerequisites: Reckless Ability,1 AP - Free Action,"When taking fall damage, calculate the result as if you had fallen X meters less, where X is half your Combat Rank. If you miss with Jump Kick or High Jump Kick, you lose no Hit Points as a result.",core,162,False
whirlwind-strikes,Whirlwind Strikes,Martial Artist,Trainer Classes,[],Prerequisites: Technician,1 AP - Full Action,"You may use Rock Smash, targeting against any number of adjacent foes. You do not count as Flanked for one full round.",core,162,False
wrestlemania,Wrestlemania,Martial Artist,Trainer Classes,[],Prerequisites: Guts Ability,1 AP - Swift Action,"This turn, you may perform two different Grappling Effects as a Full Action instead of just one.",core,162,False
changing-viewpoints,Changing Viewpoints,Mentor,Trainer Classes,[],"Prerequisites: Mentor, Intuition as a Mentor Skill",,"The target loses a Tutor Point, and you may change the target's Nature to any other Nature which either raises the same Stat as its current nature, or lowers the same Stat as its current Nature.",core,89,False
corrective-learning,Corrective Learning,Mentor,Trainer Classes,[],"Prerequisites: Mentor, Intimidate as a Mentor Skill",,The target loses one effect gained from a Poké Edge or Feature and refunds all Tutor Points spent on it.,core,89,False
egg-tutor,Egg Tutor,Mentor,Trainer Classes,[],Prerequisites: Move Tutor,Daily - Extended Action,"The target loses 2 Tutor Points, and learns any Move from its Egg Move List. A Pokémon may be targeted by Egg Tutor only one time.",core,88,False
empowered-development,Empowered Development,Mentor,Trainer Classes,[],"Prerequisites: Mentor, Charm as a Mentor Skill",,"The target loses 1 Tutor Point, and gains any three of the following Poké Edges: Skill Improvement, Advanced Mobility, or Capability Training. A Pokémon may be targeted only once by Empowered Development. The target may gain Poké Edges this way even if they do not meet the prerequisites, however, they must still follow other limitations; Advanced Mobility can only improve a Movement Capability once, for example.",core,89,False
expand-horizons,Expand Horizons,Mentor,Trainer Classes,[],Prerequisites: Mentor,At-Will - Extended Action,Your Pokémon gains 3 Tutor Points. A Pokémon may be targeted by Expand Horizons only once.,core,88,False
guidance,Guidance,Mentor,Trainer Classes,[],Prerequisites: Mentor,Static,Your Pokémon's base Move List Limit is increased by +1 (Reminder: The default Move List Limit is 6).,core,88,False
lessons,Lessons,Mentor,Trainer Classes,[],Prerequisites: Mentor,Daily x3 - Extended Action,You may perform any Mentor Lesson for which you qualify.,core,88,False
lifelong-learning,Lifelong Learning,Mentor,Trainer Classes,[],"Prerequisites: Move Tutor, one Mentor Skill at Master",Rank Static,Your Pokémon may have up to 4 Moves from their Move List come from TMs or Move Tutors.,core,88,False
mentor,Mentor,Mentor,Trainer Classes,"[""Class""]","Prerequisites: Two of Charm, Intimidate, Intuition, or Pokémon Education at Novice Rank",Daily x3 - Extended Action,"The target loses 1 Tutor Point, and then learns a move from its tutor list marked with a (N), or any move on its level-up list learned at X Level or lower, where X is the target's current Level plus the sum of your Mentor Skill Ranks. Note that despite being Tutored, these Moves count as if they were ""natural"" for organizational purposes.",core,88,False
move-tutor,Move Tutor,Mentor,Trainer Classes,[],"Prerequisites: Mentor, one Mentor Skill at Expert Rank",Daily - Extended Action,"The target loses 2 Tutor Points, and learns any move from its Tutor List.",core,88,False
versatile-teachings,Versatile Teachings,Mentor,Trainer Classes,[],"Prerequisites: Mentor, Pokémon Education as a Mentor",Skill,"The target loses 1 Tutor Point and may exchange one of its Basic Abilities for any other of its species' Basic Abilities or one of its Advanced Abilities for any of its species' Basic or Advanced Abilities. Note: You may NOT activate Versatile Teachings to reroll Abilities that require a roll to determine characteristics, such as Serpent's Mark and Color Theory.",core,89,False
cacophony,Cacophony,Musician,Trainer Classes,"[""+Special Attack""]","Prerequisites: Mt. Moon Blues, Adept Charm or Focus",Static,You learn the Moves Screech and Metal Sound.,core,164,False
mt-moon-blues,Mt. Moon Blues,Musician,Trainer Classes,"[""+Special Attack""]",Prerequisites: Musician,Static,You learn the Moves Sing and Supersonic,core,164,False
musical-ability,Musical Ability,Musician,Trainer Classes,"[""+Special Attack""]",Prerequisites: Musician,Static,Choose Drown Out or Soundproof. You gain the chosen Ability.,core,164,False
musician,Musician,Musician,Trainer Classes,"[""Class"", ""+Special Attack""]","Prerequisites: Novice Charm, Novice Focus",Static,You may use Musician Songs.,core,164,False
noise-complaint,Noise Complaint,Musician,Trainer Classes,"[""+Special Attack""]","Prerequisites: Cacophony, Expert Charm or Focus",Static,You learn the Moves Uproar and Hyper Voice.,core,164,False
power-chord,Power Chord,Musician,Trainer Classes,[],"Prerequisites: Noise Complaint, Master Charm or",Focus Scene x2 - Free Action,"Make a Charm or Focus Check, and add your Special Attack. Foes in the area of effect take Special Normal-Type Damage equal to the result.",core,164,False
voice-lessons,Voice Lessons,Musician,Trainer Classes,"[""+Special Attack""]",Prerequisites: Noise Complaint,Static,"You and your Pokémon's Moves with the Sonic keyword gain the Friendly keyword. Voice Lessons may not affect the Move Perish Song. Additionally, whenever your Pokémon use a Move with the Sonic Keyword in a Contest, they may roll +1d6.",core,164,False
genjutsu,Genjutsu,Ninja,Trainer Classes,"[""+Speed""]","Prerequisites: Ninja, Adept Stealth",At-Will - Standard Action,"You form an Illusion around yourself. This Illusion may be used to hide yourself in a shroud of darkness if in darkness, or to make yourself look like a mundane object (such as a crate, potted plant, or similar). The Illusion can even fool Aura, concealing you from Aura Sight for its duration. However, the Illusion requires complete concentration, and is broken if you take any actions at all. Anyone that interacts with the Illusion directly may make an Occult Education or Intuition Check with a DC equal to 10 plus your Stealth Rank; if they succeed, the Illusion is broken.",core,184,False
ninja,Ninja,Ninja,Trainer Classes,"[""Class"", ""+Speed""]","Prerequisites: Novice Stealth, Novice Combat",Static,You learn the Moves Double Team and Poison Powder.,core,184,False
ninjas-arsenal,Ninja's Arsenal,Ninja,Trainer Classes,[],"Prerequisites: Ninja | Prerequisites: Ninja, Adept Stealth",At-Will - Extended Action,"You may craft an Antidote, Smoke Ball, Caltrops, or Toxic Caltrops for $100. Poison Weapons [+Speed] [Weapon] 1 AP - Free Action The attack or Move Poisons its targets on 16+, and you may have it deal Poison-Type Damage if you wish.",core,184,False
utility-drop,Utility Drop,Ninja,Trainer Classes,"[""+Speed""]","Prerequisites: Ninja's Arsenal, Expert Stealth",At-Will - Swift Action,"You may use a Smoke Ball, Caltrops, or Toxic Caltrops as a Free action during your Shift. Instead of the Move's usual area of effect, you leave one square of Smokescreen, Spikes, or Toxic Spikes on each square you leave as you Shift. Once you place 8 meters of Smoke, Spikes, or Toxic Spikes you may not place any more.",core,184,False
weightless-step,Weightless Step,Ninja,Trainer Classes,"[""+Speed""]","Prerequisites: Ninja, Expert Stealth | Prerequisites: Poison Weapons, Master Stealth",Static,You gain the Infiltrator Ability. Kinjutsu [+Speed] Static You learn the Moves Substitute and Toxic.,core,184,False
divination,Divination,Oracle,Trainer Classes,"[""+Special Defense""]",Prerequisites: Oracle,Daily x3 - Extended Action,You may perform an Augury or Scrying.,core,186,False
mark-of-vision,Mark of Vision,Oracle,Trainer Classes,"[""+Special Defense""]","Prerequisites: Oracle, Adept Perception",Bind 1 AP - Extended Action,"You mark the target with a mystical power which allows you to close your eyes and focus to perceive the world with their senses from their perspective. You may Bind this Ability multiple times, each time on a different target, but you may only concentrate on one Mark of Vision at a time, and you may only have a number of Marks at one time equal to half your Perception Rank. A target may choose to end this effect at any time, or to deny you access to their senses temporarily without ending the effect entirely. You have a rough sense of how far away and in what direction marked targets are.",core,186,False
oracle,Oracle,Oracle,Trainer Classes,"[""Class"", ""+Special Defense""]","Prerequisites: Mystic Senses, Novice Perception",Static,You gain the Pickup Ability.,core,186,False
prescience,Prescience,Oracle,Trainer Classes,"[""+Special Defense""]","Prerequisites: Unveiled Sight, Master Perception",Scene - Free Action,The attack instead misses.,core,186,False
small-prophecies,Small Prophecies,Oracle,Trainer Classes,"[""+Special Defense""]","Prerequisites: Divination, Adept Perception",1 AP - Swift Action,"Roll 1d20 and note the result. Until the end of your next turn, you may choose to replace a single d20 roll you or a willing ally makes with the noted result.",core,186,False
two-second-preview,Two-Second Preview,Oracle,Trainer Classes,"[""+Special Defense""]","Prerequisites: 3 Oracle Features, Expert Perception",Static,You gain the Instinct Ability.,core,186,False
unveiled-sight,Unveiled Sight,Oracle,Trainer Classes,"[""+Special Defense""]",Prerequisites: Oracle,Static,"You can see through Illusions. This means you can spot Illusions from the Illusionist capability, Illusion Ability, and Genjutsu Feature as being fake. You are immune to Moves with the Illusion keyword, Double Team cannot be activated against you, and you bypass Substitutes. As a Standard Action, you can create a Burst 4, dispelling all Illusion effects within.",core,186,False
enchanting-gaze,Enchanting Gaze,Provocateur,Trainer Classes,"[""+Speed""]","Prerequisites: Quick Wit, two Provocateur Skills at",Expert Rank. 2 AP - Standard Action,Choose a Manipulate Maneuver effect; apply that Effect to all foes in a Cone 2. This ignores Frequency Limitations with that Maneuver and automatically succeeds against all targets without an opposed roll.,core,167,False
mixed-messages,Mixed Messages,Provocateur,Trainer Classes,"[""+Speed""]","Prerequisites: Provocateur, two Provocateur Skills at",Adept Rank Static,You learn the Moves Lovely Kiss and Torment.,core,166,False
play-them-like-a-fiddle,Play Them Like a Fiddle,Provocateur,Trainer Classes,"[""+Speed""]","Prerequisites: Powerful Motivator, a Provocateur Skill",at Expert Rank. Scene x3 - Swift Action,The Move gains additional effects as listed below. You may use the effects of each Move only once per Scene.,core,167,False
powerful-motivator,Powerful Motivator,Provocateur,Trainer Classes,"[""+Speed""]","Prerequisites: Provocateur, two Provocateur Skills at",Adept Rank Static,"Baby-Doll Eyes, Confide, Leer, and your Provocateur Moves gain additional effects. These effects occur whether the Move hits or misses.",core,166,False
provocateur,Provocateur,Provocateur,Trainer Classes,"[""Class"", ""+Speed""]","Prerequisites: One of Confidence Artist, Intimidating Presence, or Charmer",Static,You learn the Moves Sweet Kiss and Taunt.,core,166,False
push-buttons,Push Buttons,Provocateur,Trainer Classes,"[""+Speed""]",Prerequisites: Provocateur,Static,"Your Social Moves' Frequency is not Expended if they miss. You gain the Demoralize Edge, even if you do not meet the prerequisites. Its effects for Status Moves now trigger on 18+, and Social Moves that activate this ""Crit"" Range cause their targets to lose a tick of Hit Points. If you already have Demoralize, you may gain another Edge for which you meet the prerequisites.",core,166,False
quick-wit,Quick Wit,Provocateur,Trainer Classes,"[""+Speed""]","Prerequisites: Provocateur, a Provocateur Skill at Adept",Rank. Scene x3 - Swift Action,"You may make a Manipulate Maneuver or use a Social Move you know, Frequency allowing.",core,166,False
ancient-heritage,Ancient Heritage,Researcher,Trainer Classes,[],Prerequisites: Fossil Restoration,At-Will - Extended Action,"The target loses 2 Tutor Points and learns Ancient Power. If the target has Ancient Power in its Level-Up List, Ancient Heritage costs no Tutor Points. As a static effect, whenever your Pokémon use Ancient Power, its activated effect occurs on 18+ and you may always choose whether it deals Physical or Special Damage, using the appropriate attack Stat.",core,146,False
breadth-of-knowledge,Breadth of Knowledge,Researcher,Trainer Classes,[],Prerequisites: Novice General Education,Static,"You gain three Skill Edges for which you qualify. These Edges must be used to gain a Skill Edge with an Education Skill, or to gain an Edge that has an Education Skill as a Prerequisite that you meet.",core,140,False
caustic-chemistry,Caustic Chemistry,Researcher,Trainer Classes,[],"Prerequisites: Chemist, Expert Technology Education",1 AP - Swift Action,Make a Technology Education Roll. All targets affected by this Feature's trigger lose Hit Points equal to your roll. This may only affect a target once per Scene.,core,144,False
chakra-crystal,Chakra Crystal,Researcher,Trainer Classes,[],Prerequisites: Crystal Resonance,,You create a Stat Booster.,core,142,False
chemical-warfare,Chemical Warfare,Researcher,Trainer Classes,[],"Prerequisites: Chemist, Adept Technology Education",Scene x2 - Free Action,"The Pester Ball creates a Blast 2, affecting all targets in the area.",core,144,False
chemist,Chemist,Researcher,Trainer Classes,[],Prerequisites: Repel Crafter,At-Will - Extended Action,You may craft any Chemistry Recipe for which you qualify using your Chemistry Set.,core,144,False
climate-control,Climate Control,Researcher,Trainer Classes,[],Prerequisites: Climatology,1 AP - Free Action,"The triggering Weather Effect does not replace the already extant Weather in effect; both exist simultaneously on the field. If a new Weather effect is placed on the field after the two that are out, both are replaced by the third, unless you activate this Feature again to replace only one.",core,145,False
climatology,Climatology,Researcher,Trainer Classes,[],Prerequisites: Novice Survival,Static,You gain the Overcoat Ability.,core,145,False
crystal-resonance,Crystal Resonance,Researcher,Trainer Classes,[],"Prerequisites: Crystal Artificer, Skill Stunt (Dowsing)",Static,You roll an additional 3d6 when determining how many Shards you find when Dowsing.,core,142,False
echoes-of-the-future,Echoes of the Future,Researcher,Trainer Classes,[],Prerequisite: Master General Education,Daily x2 - Free Action,You may roll twice and keep the best result.,core,140,False
enhancers,Enhancers,Researcher,Trainer Classes,[],Prerequisites: Chemist,,"You can create any X-Item, Dire Hit, or Guard Spec.",core,144,False
extreme-weather,Extreme Weather,Researcher,Trainer Classes,[],"Prerequisites: Climate Control, Master Survival",Daily x3 - Free Action,The Weather is particularly intense and has additional effects.,core,145,False
fistful-of-force,Fistful of Force,Researcher,Trainer Classes,[],Prerequisites: Crystal,"Crystal Artificer, Master Occult Education Scene - Standard Action","You may destroy the Shard to use the Move Judgment. Judgment's Type must be one of the Types associated with the used Shard. Instead of adding your Special Attack when using this attack, you may choose to add your Occult Education Rank tripled.",core,142,False
focus-gem,Focus Gem,Researcher,Trainer Classes,[],Prerequisites: Crystal Resonance,,"You create a Focus that may crafted to be worn as your choice of an Accessory Item, Head Slot Item, or Hand or Off-Hand Item.",core,142,False
fossil-restoration,Fossil Restoration,Researcher,Trainer Classes,[],"Prerequisites: Paleontologist,","Paleontologist, Novice Pokémon Education At-Will - Extended Action","The resulting Pokémon is born with 2 fewer Tutor Points, and gains its second Basic Ability. If it has only has one Basic Ability, it gains one of its Advanced Abilities, chosen by the GM. This Feature does not affect how the Pokémon continues to gain Abilities.",core,146,False
genetic-memory,Genetic Memory,Researcher,Trainer Classes,[],"Prerequisites: Ancient Heritage, Expert Pokémon",Education Daily x2 - Extended Action,The target loses 2 Tutor Points and learns any Move from its Egg Move or Tutor Move List. Genetic Memory may target a Pokémon only twice: once with a Tutor Move and once with an Egg Move. Egg Moves tutored this way do not count against the limit of 3 for TM and Tutor Moves.,core,146,False
herb-lore,Herb Lore,Researcher,Trainer Classes,[],Prerequisites: Seed Bag Rank 1,Static,"You may create Energy Powder, Heal Powder, or Poultices from ingredients, as listed below.",core,143,False
hyper-cures,Hyper Cures,Researcher,Trainer Classes,[],Prerequisites: Medical Techniques,,"You can create Full Heals for $300, Hyper Potions for $400, and Full Restores for $700.",core,141,False
immutable-mind,Immutable Mind,Researcher,Trainer Classes,[],"Prerequisites: Mental Resistance, Expert Occult",Education Scene - Free Action,"If the triggering Move was a Status-Class Move, the Move fails. If the Triggering Move was a Damaging Move with a Secondary Effect that triggers on a certain roll, you are immune to the secondary effect.",core,145,False
instant-analysis,Instant Analysis,Researcher,Trainer Classes,[],Prerequisites: Expert General Education,At-Will - Extended Action,Your Pokémon loses 2 Tutor Points and gains the Forewarn Ability.,core,140,False
live-and-learn,Live and Learn,Researcher,Trainer Classes,[],Prerequisites: Adept General Education,Daily x3 - Free Action,Add half of your General Education Rank to the next roll of the same type that the triggering user makes.,core,140,False
medical-techniques,Medical Techniques,Researcher,Trainer Classes,[],"Prerequisites: Patch Cure, Expert Medicine Education",1 AP - Swift Action,"The target gains a Tick of Hit Points, plus an additional amount of Hit Points equal to your Medicine Education Rank.",core,141,False
medicinal-blend,Medicinal Blend,Researcher,Trainer Classes,[],"Prerequisites: Apothecary, Master Medicine Education",At-Will - Extended Action,"You fuse the two Ingredients, creating an Item that has the properties of both. If you choose two Restoratives, they cannot be Restoratives with the same effect (you could not for example, mix a Potion and a Super Potion). If a Restorative Patch is used as an Ingredient, the resulting item can only be used as an Extended Action.",core,141,False
mental-resistance,Mental Resistance,Researcher,Trainer Classes,[],Prerequisites: Witch Hunter,Static,"You gain the Mindlock Capability and 10 Damage Reduction against Special Psychic, Ghost, and Dark-Type damage.",core,145,False
patch-cure,Patch Cure,Researcher,Trainer Classes,[],"Prerequisites: Apothecary, Adept Medicine Education",At-Will - Extended Action,"You distill the target, gaining 3 Restorative Patches. Restorative Patches have the same effect as the items from which they were created, but can only be applied as an Extended Action.",core,141,False
performance-enhancers,Performance Enhancers,Researcher,Trainer Classes,[],Prerequisites: Medicinal Blend,,"You create a PP Up or Heart Booster. If you have a Heart Scale, you may destroy the Heart Scale to create a Heart Booster without paying the monetary cost.",core,141,False
pester-balls-disorient,Pester Balls: Disorient,Researcher,Trainer Classes,[],Prerequisites: Chemist,,You create Pester Balls that can inflict Rage or Confusion.,core,144,False
pester-balls-pain,Pester Balls: Pain,Researcher,Trainer Classes,[],Prerequisites: Chemical Warfare,,You create Pester Balls that can inflict Burn or Poison.,core,144,False
pester-balls-shut-down,Pester Balls: Shut Down,Researcher,Trainer Classes,[],Prerequisites: Caustic Chemistry,,You create Pester Balls that can inflict Paralysis or Sleep.,core,144,False
playing-god,Playing God,Researcher,Trainer Classes,[],"Prerequisites: Chemist, Expert Technology Education",At-Will - Extended Action,"Choose Castform, Grimer, Koffing, Magnemite, Porygon, Solosis, Trubbish, or Voltorb. Using your chemistry set, you create an artificial Egg of the Chosen Pokémon, that hatches within a day. The resulting Pokemon is born at level 5, with the Nature and Ability of your choice (Abilities chosen from its species' Basic Abilities). Additionally, you may enhance the Pokemon in several ways. Choose a number of upgrades below equal to your Technology Education Rank.",core,144,False
prehistoric-bond,Prehistoric Bond,Researcher,Trainer Classes,[],"Prerequisites: Fossil Restoration, Expert Pokémon",Education At-Will - Extended Action,"You also produce a Held Item from the remnants of the Fossil. The effect of this Held Item is based on the highest Base Stat of the individual Pokémon being Revived, counting the effects of Nature but no other effects that alter Base Stats. If there is a tie, the GM decides which Base Stat is used. This Held Item may only be used by Pokémon revived from Fossils.",core,146,False
psionic-analysis,Psionic Analysis,Researcher,Trainer Classes,[],"Prerequisites: Witch Hunter, Master Occult Education",Scene - Extended Action,You are able to analyze Psychic Residue and can determine the following information about the Trainer or Pokémon that left the residue:,core,145,False
pusher,Pusher,Researcher,Trainer Classes,[],Prerequisites: Novice Pokémon Education,Static,"Your Pokémon gain the Basic Ranged Attacks, Aura Pulse, Enticing Bait, Extended Invisibility, Far Reading, Precise Threadings, Seismometer, TK Mastery, and Trail Sniffer Poke Edges automatically if they qualify for them, without having to invest any Tutor Points.",core,147,False
rainbow-gem,Rainbow Gem,Researcher,Trainer Classes,[],"Prerequisites: Rainbow Light, Expert Occult Education",,"You create a Rainbow Gem that may crafted to be worn as your choice of an Accessory Item, Head Slot Item, or Hand or Off-Hand Item. This item has the same effect as a Focus, except that as an Extended Action, any Trainer with Expert Occult Education Rank or higher may change which Stat the Rainbow Amulet is attuned to.",core,142,False
re-balancing,Re-Balancing,Researcher,Trainer Classes,[],"Prerequisites: Pusher, Master Pokémon Education",At-Will - Extended Action,"The target loses 2 Tutor Points, and gains one of the following: +1 to all Base Stats, +2 to two different Base Stats, or +3 to a single Base Stat. The target then redistributes their Stat Points. A Pokémon may be targeted by Re-Balancing only once.",core,147,False
researcher,Researcher,Researcher,Trainer Classes,"[""Class"", ""Branch""]",Prerequisites: An Education Skill at Novice Rank,Static,Choose two Researcher Fields of Study. You may take Features from those Fields with this instance of Researcher. Gain one Feature from a chosen Researcher Field for which you qualify.,core,140,False
restorative-science,Restorative Science,Researcher,Trainer Classes,[],Prerequisites: Apothecary,,"You create an Antidote, Paralyze Heal, Awakening, Burn Heal, Ice Heal, or Potion.",core,141,False
seed-bag,Seed Bag,Researcher,Trainer Classes,"[""Ranked 2""]","Rank 1 Prerequisites: Green Thumb, Adept General | Rank 2 Prerequisites: Master General Education or",Education or Adept Survival Master Survival X Daily - Extended Action,,core,143,True
skill-trainer,Skill Trainer,Researcher,Trainer Classes,[],Prerequisites: Pusher,At-Will - Free Action,"For each of your Pokémon that has been Trained during this time, choose a Skill; that Skill becomes Pushed until an Extended Rest is taken. Pokémon rolls +1d6 with Pushed Skills, unless that would cause you to roll more than 6d6; if so, that Pokémon rolls with a +3 Bonus instead. A Pokémon may have only one Pushed Skill at a time.",core,147,False
super-cures,Super Cures,Researcher,Trainer Classes,[],Prerequisites: Patch Cure,,You can create Revives and Super Potions.,core,141,False
this-ones-special-i-know-it,"This One's Special, I Know It",Researcher,Trainer Classes,[],Prerequisites: Pusher,Special - Free Action,"The Pokémon is born with special qualities, determined by the GM. This Feature may be activated one time per Pokémon Education Rank above Untrained.",core,147,False
top-tier-berries,Top Tier Berries,Researcher,Trainer Classes,[],Prerequisites: Green Thumb,Static,"You may grow additional Berries and Herbs, depending on the higher of your General Education or Survival Rank.",core,143,False
weather-systems,Weather Systems,Researcher,Trainer Classes,[],"Prerequisites: Climatology, Expert Survival",At-Will - Extended Action,"Your Pokemon loses 2 Tutor Points, and learns your choice of Hail, Rain Dance, Sandstorm, or Sunny Day. The target must be able to learn the chosen Move through Level-Up, TM, or Tutor Moves. If the target has the chosen Move in their Level-Up List, Weather Systems costs no Tutor Points.",core,145,False
witch-hunter,Witch Hunter,Researcher,Trainer Classes,[],Prerequisites: Novice Occult Education,Static,"You gain the ""Psionic Sight"" Feature, even if you do not meet the prerequisites. If you already had the Psionic Sight Feature, you instead gain another Feature for which you qualify.",core,145,False
cavaliers-reprisal,Cavalier's Reprisal,Rider,Trainer Classes,"[""+Speed""]","Prerequisites: Ride as One, Expert Acrobatics or",Athletics 1 AP - Free Action,You may make a Struggle Attack against the triggering foe.,core,103,False
conquerors-march,Conqueror's March,Rider,Trainer Classes,"[""Orders"", ""+Speed""]","Prerequisites: Ramming Speed, Adept Acrobatics or",Athletics At-Will - Standard Action,"This round, if being used as a Mount, the target may use Dash, Burst, Blast, Cone, or Line range Moves with a range of Pass instead of their usual range.",core,103,False
lean-in,Lean In,Rider,Trainer Classes,"[""+Speed""]",Prerequisites: Ride as One,Scene x2 - Free Action,Both you and your Mount Resist the attack one step further.,core,103,False
overrun,Overrun,Rider,Trainer Classes,"[""+Speed""]","Prerequisites: Conqueror's March, Expert Acrobatics",or Athletics Scene x2 - Free Action,Your Pokémon adds their Speed Stat in addition to their normal attacking Stat to their Damage Roll. The target gains Damage Reduction against this attack equal to their own Speed Stat.,core,103,False
ramming-speed,Ramming Speed,Rider,Trainer Classes,"[""+Speed""]",Prerequisites: Rider,At-Will - Extended Action,The target loses 2 Tutor Points and gains the Run Up Ability.,core,103,False
ride-as-one,Ride as One,Rider,Trainer Classes,"[""+Speed""]",Prerequisites: Rider,Static,"While you are Mounted, you and your Mount each use the highest of each other's Speed Evasion. If both you and your Mount have the same Speed Evasion, you instead each receive a +1 bonus to Speed Evasion. Whenever one of you receives Initiative, either of you may take your turn. When the next person would receive initiative, the person that did not take their turn then takes it.",core,103,False
rider,Rider,Rider,Trainer Classes,"[""Class"", ""+Speed""]","Prerequisites: Mounted Prowess, Agility Training, Novice Acrobatics or Athletics",Static,"While you are Mounted on a Pokemon under the effects of Agility Training, the bonuses from Agility Training are doubled.",core,103,False
cutthroat,Cutthroat,Rogue,Trainer Classes,"[""+Attack"", ""Weapon""]",Prerequisites: Rogue,Static,"You may use Rogue Moves as Weapon Moves when wielding Small Melee Weapons or Short Ranged Weapons. If you do, Rogue Moves instead have the same Range as your Weapon. Additionally, you may qualify for Weapon Moves for Small Melee or Short Ranged Weapons and resist Disarm Maneuvers when wielding such Weapons using any Rogue Skill.",core,169,False
dirty-fighting,Dirty Fighting,Rogue,Trainer Classes,"[""+Attack""]","Prerequisites: Rogue, a Rogue Skill at Adept Rank",1 AP - Swift Action,"After the attack is Resolved, you may immediately use the Dirty Trick Maneuver if the target is within range. You automatically hit with Dirty Trick, but must still make an Opposed Roll.",core,169,False
rogue,Rogue,Rogue,Trainer Classes,"[""Class"", ""+Attack""]","Prerequisites: Two of Acrobatics, Athletics, and Stealth at Novice Rank",Static,"You learn the Moves Feint Attack and Thief. Note: Acrobatics, Athletics, and Stealth are referred to as ""Rogue Skills"" as short-hand.",core,169,False
scoundrels-strike,Scoundrel's Strike,Rogue,Trainer Classes,"[""+Attack""]","Prerequisites: Underhanded Tactics, Street Fighter",Daily x3 - Swift Action,"The target loses Hit Points equal to your highest Rogue Skill Rank doubled, and an additional effect based on whether you have the Ambush or Cruelty Ability. You may use Scoundrel's Strike only once per Scene per target.",core,169,False
street-fighter,Street Fighter,Rogue,Trainer Classes,"[""+Attack""]","Prerequisites: Unexpected Attacks, two Rogue Skills at",Expert Rank Static,You learn the Moves Assurance and Payback.,core,169,False
underhanded-tactics,Underhanded Tactics,Rogue,Trainer Classes,"[""+Attack""]","Prerequisites: Rogue, a Rogue Skill at Expert Rank",Static,You gain your choice of Ambush or Cruelty.,core,169,False
unexpected-attacks,Unexpected Attacks,Rogue,Trainer Classes,"[""+Attack""]","Prerequisites: Rogue, two Rogue Skills at Adept Rank",Static,You learn the Moves Pursuit and Sucker Punch.,core,169,False
cruel-gaze,Cruel Gaze,Roughneck,Trainer Classes,"[""+Defense""]","Prerequisites: Roughneck, Expert Intimidate",Static,You learn the Moves Glare and Headbutt.,core,171,False
fearsome-display,Fearsome Display,Roughneck,Trainer Classes,"[""+Defense""]",Prerequisites: Malice,2 AP - Swift Action,The Move gains additional effects.,core,171,False
malice,Malice,Roughneck,Trainer Classes,"[""+Defense""]","Prerequisites: Roughneck, Adept Intimidate",Static,You learn the Moves Mean Look and Chip Away.,core,171,False
menace,Menace,Roughneck,Trainer Classes,"[""+Defense""]",Prerequisites: Roughneck,At-Will - Swift Action,"Until their next turn, the target has their Initiative lowered to 0. For one full round, attacks against them cause them to Flinch on 17+ or have their existing Flinch Range increased by +4.",core,171,False
mettle,Mettle,Roughneck,Trainer Classes,"[""+Defense""]",Prerequisites: Roughneck,Scene x2 - Free Action,Resolve Damage as if the triggering attack was resisted one step. The triggering foe then loses 2 Combat Stages in the Attack Stat used by the triggering Attack.,core,171,False
roughneck,Roughneck,Roughneck,Trainer Classes,"[""Class"", ""+Defense""]","Prerequisites: Novice Athletics, Intimidating Presence",1 AP - Swift Action,The foe loses a Combat Stage in the Stat of your choice.,core,171,False
tough-as-nails,Tough as Nails,Roughneck,Trainer Classes,"[""+Defense""]","Prerequisites: 3 Roughneck Features, Master Intimidate",Static,You learn the Moves Endure and Slack Off.,core,171,False
divine-wind,Divine Wind,Sage,Trainer Classes,"[""+HP""]","Prerequisites: Sage's Benediction, Master Occult","Education 2 AP - Free Action, Interrupt","Choose a type of Blessing you can generate with a Sage Move. All Blessings you generated of another type become Blessings of the chosen type. This may not be used to generate more uses of a Blessing than the original Move creates. For example, three Lucky Chant Blessings would become two Reflect or Light Screen Blessings, not three. You may only choose a Blessing type once per Scene.",core,189,False
highly-responsive-to-prayers,Highly Responsive to Prayers,Sage,Trainer Classes,"[""+HP""]",Prerequisites: Lay on Hands,Scene x3 - Free Action,You may use the Sage Feature as a Free Action targeting the triggering ally. Multiple instances of Sage's effect that you use may stack when used this way.,core,189,False
lay-on-hands,Lay on Hands,Sage,Trainer Classes,"[""+HP""]","Prerequisites: Sage, Expert Occult Education",Static,Choose Blessed Touch or Healer. You gain the Chosen Ability.,core,189,False
mystic-defense,Mystic Defense,Sage,Trainer Classes,"[""+HP""]",Prerequisites: Sage,Static,You learn the Moves Light Screen and Safeguard.,core,189,False
sacred-shield,Sacred Shield,Sage,Trainer Classes,"[""+HP""]",Prerequisites: Sage,Static,You learn the Moves Reflect and Lucky Chant.,core,189,False
sage,Sage,Sage,Trainer Classes,"[""Class"", ""+HP""]",Prerequisites: Novice Occult Education,At-Will - Standard Action,"The target gains Damage Reduction equal to your Occult Education Rank doubled or their Tick Value, whichever is higher, for one full round.",core,189,False
sages-benediction,Sage's Benediction,Sage,Trainer Classes,"[""+HP""]","Prerequisites: Sacred Shield or Mystic Defense, Adept",Occult Education 1 AP - Free Action,"The triggering ally gains an additional benefit as follows, depending on the Move used. The benefit takes effect after the Blessing and the attack that triggered it are resolved.",core,189,False
stat-ace,Stat Ace,Stat Ace,Trainer Classes,"[""Class"", ""Branch""]","Prerequisites: Ace Trainer or Style Expert, 1 Pokémon with the chosen stat of 15 or more, Novice Command or | Prerequisites: 3 Pokémon with the chosen stat at 20 or higher, Novice Command or Focus",Focus Static,"Your Pokémon have their Chosen Base Stat increased by +1, and by +1 more for every 10 Levels they have (for example, a Level 20 Pokémon would have your Chosen Stat's base value increased by +3). Additionally, your Pokémon may ignore Base Relations, as long as they are adding to the Stat chosen for Stat Ace, and you do not need to ""correct"" Stats due to this inflated Stat Value.",core,112,False
stat-embodiment,Stat Embodiment,Stat Ace,Trainer Classes,"[""Branch""]","Prerequisites: 4 Stat Ace Features, Expert Command or","Focus 1 AP - Swift Action, Priority (Limited)","Your Pokémon gains an Ability, based on your Chosen Stat, for the remainder of the Scene. Switching does not end this effect. Stat Embodiment may only grant one Ability to a Pokémon at a time. If it is used a second time on the same target, it replaces the first granted Ability.",core,113,False
stat-link,Stat Link,Stat Ace,Trainer Classes,"[""Branch""]",Prerequisites: Stat Ace,1 AP - Free Action,"The triggering Pokémon has gains +1 Combat Stage in your Chosen Stat. (Note: The ""Default"" number of Combat Stages is usually 0)",core,112,False
stat-maneuver,Stat Maneuver,Stat Ace,Trainer Classes,"[""Branch""]","Prerequisites: Stat Ace, Adept Command or Focus",Scene - Free Action,Stat Maneuver's Effect depends on your Chosen Stat:,core,112,False
stat-mastery,Stat Mastery,Stat Ace,Trainer Classes,"[""Branch""]",Prerequisites: Stat Maneuver,Static,Stat Mastery's Effect depends on your Chosen Stat:,core,113,False
stat-stratagem,Stat Stratagem,Stat Ace,Trainer Classes,"[""Branch"", ""Order"", ""Stratagem""]","Prerequisites: Stat Link, Stat Training, Master Focus or",Command 2 AP - Standard Action,"While this Feature is Bound, the target has the following bonuses based on your Chosen Stat:",core,113,False
stat-training,Stat Training,Stat Ace,Trainer Classes,"[""Branch""]",Prerequisites: Stat Ace,At-Will - Extended Action,"Your Pokémon loses 1 Tutor Point, and learns a Move based on your Chosen Stat, even if your Pokémon cannot normally learn this Move:",core,112,False
action-hero-stunt,Action Hero Stunt,Style Expert,Trainer Classes,[],Prerequisites: Cool Conduct Rank 1,Daily x2 - Free Action,"Instead of using a Skill for this Check, your Pokémon rolls their Cool Dice from Poffins and adds their number of Cool Dice from Stats as a modifier. For example, a Pokémon with 5d6 Cool from Poffins and 2d6 from Attack rolls 5d6+2. Skill Checks invoked by Intercepting attacks, Combat Maneuvers, Moves, and Abilities don't trigger this Feature. Example Trigger: Charging into a burning building for a heroic rescue. Cast: To decide whether an action triggers Action Hero Stunt, ask yourself if there are dramatic consequences for the outcome and if the player chose a risky and cool option over safer alternatives.",core,116,False
beautiful-ballet,Beautiful Ballet,Style Expert,Trainer Classes,"[""Ranked 2""]","Rank 1 Prerequisites: Style Expert, Beauty as Chosen | Rank 2 Prerequisites: Expert Intuition","Stat, Novice Intuition 1 AP - Special",Your Pokémon with at least 3d6 in their Beauty Stat from Poffins may activate Beautiful Ballet as a Standard Action to perform one of the following Moves. They must still follow frequency limits as usual for these Moves.,core,115,False
calculated-assault,Calculated Assault,Style Expert,Trainer Classes,[],Prerequisites: Smart Scheme Rank 1,At-Will - Free Action,,core,117,True
cool-conduct,Cool Conduct,Style Expert,Trainer Classes,"[""Ranked 2""]","Rank 1 Prerequisites: Style Expert, Cool as Chosen | Rank 2 Prerequisites: Expert Command","Stat, Novice Command 1 AP - Special",Your Pokémon with at least 3d6 in their Cool Stat from Poffins may activate Cool Conduct as a Standard Action to perform one of the following Moves. They must still follow frequency limits as usual for these Moves.,core,116,False
cute-cuddle,Cute Cuddle,Style Expert,Trainer Classes,"[""Ranked 2""]","Rank 1 Prerequisites: Style Expert, Cute as Chosen | Rank 2 Prerequisites: Expert Charm","Stat, Novice Charm 1 AP - Special",Your Pokémon with at least 3d6 in their Cute Stat from Poffins may activate Cute Cuddle as a Standard Action to perform one of the following Moves. They must still follow frequency limits as usual for these Moves.,core,116,False
endurance,Endurance,Style Expert,Trainer Classes,[],Prerequisites: Tough Tumble Rank 1,Scene - Free Action,"Your Pokémon can ignore up to X meters of falling when calculating falling damage, act without beginning to suffocate for X additional rounds, or ignore the Hit Point loss effects from acting while Heavily Injured for X rounds. X is equal to half its number of Tough Dice from Poffins.",core,117,False
enticing-beauty,Enticing Beauty,Style Expert,Trainer Classes,[],Prerequisites: Beautiful Ballet Rank 1,Scene - Free Action,The target acts as a Bait item as if it had the Alluring Capability. Add its number of Beauty Dice from Poffins as a Bonus to all d20 lure rolls.,core,115,False
fabulous-max,Fabulous Max,Style Expert,Trainer Classes,[],Prerequisites: Beautiful Ballet Rank 1,At-Will - Free Action,,core,115,True
gleeful-steps,Gleeful Steps,Style Expert,Trainer Classes,[],Prerequisites: Cute Cuddle Rank 1,At-Will - Free Action,,core,116,True
learn-from-your-mistakes,Learn From Your Mistakes,Style Expert,Trainer Classes,[],Prerequisites: Smart Scheme Rank 1,Daily x3 - Free Action,Your Pokémon may re-roll the Skill Check with a Bonus equal to its number of Smart Dice from Poffins.,core,117,False
lets-be-friends,Let's Be Friends!,Style Expert,Trainer Classes,[],Prerequisites: Cute Cuddle Rank 1,Scene - Free Action,"The target may attempt to improve the disposition of a Wild Pokémon as if making a Charm Check. They roll their Cute Dice from Poffins and add their number of Cute Dice from Stats as a modifier. For example, a Pokémon with 4d6 Cute from Poffins and 3d6 Cute from Speed rolls 4d6+3 in place of a Charm Check.",core,116,False
macho-charge,Macho Charge,Style Expert,Trainer Classes,[],Prerequisites: Tough Tumble Rank 1,At-Will - Free Action,,core,117,True
rule-of-cool,Rule of Cool,Style Expert,Trainer Classes,[],Prerequisites: Cool Conduct Rank 1,At-Will - Free Action,,core,116,True
smart-scheme,Smart Scheme,Style Expert,Trainer Classes,"[""Ranked 2""]","Rank 1 Prerequisites: Style Expert, Smart as Chosen | Rank 2 Prerequisites: Expert Guile","Stat, Novice Guile 1 AP - Special",Your Pokémon with at least 3d6 in their Smart Stat from Poffins may activate Smart Scheme as a Standard Action to perform one of the following Moves. They must still follow frequency limits as usual for these Moves.,core,117,False
style-entrainment,Style Entrainment,Style Expert,Trainer Classes,"[""Branch""]",Prerequisites: 4 Style Expert Features,"1 AP - Swift Action, Priority (Limited)","Your Pokémon gains one of the following Abilities corresponding to your chosen Contest Stat for the rest of the Scene, even if it is switched out. Style Entrainment may only grant one Ability to a Pokémon at a time. If it is used a second time on the same target, it replaces the first granted Ability.",core,115,False
style-expert,Style Expert,Style Expert,Trainer Classes,"[""Class"", ""Branch""]","Prerequisites: 3 Pokémon with 3d6 in a specific certain Contest Stat from Poffins | Prerequisites: Coordinator, 1 Pokémon with 3d6 in a specific certain Contest Stat from Poffins",Static,Your Pokémon gain +2d6 to your chosen Contest Stat. These dice are counted as if coming from Poffins.,core,115,False
style-flourish,Style Flourish,Style Expert,Trainer Classes,"[""Branch""]",Prerequisites: 3 Style Expert Features,1 AP - Free Action,,core,115,True
tough-tumble,Tough Tumble,Style Expert,Trainer Classes,"[""Ranked 2""]","Rank 1 Prerequisites: Style Expert, Tough as Chosen | Rank 2 Prerequisites: Expert Intimidate","Stat, Novice Intimidate 1 AP - Special",Your Pokémon with at least 3d6 in their Tough Stat from Poffins may activate Tough Tumble as a Standard Action to perform one of the following Moves. They must still follow frequency limits as usual for these Moves.,core,117,False
adaptive-geography,Adaptive Geography,Survivalist,Trainer Classes,"[""+HP""]","Prerequisites: 4 Survivalist Features, Master Survival",Scene x2 - Free Action,"The triggering target takes their turn as if they were in a terrain adjacent to the terrain they are in on the following graphic. For example, if you are standing in Wetlands terrain, you may act as if you are standing in Forest or Ocean Terrain. This affects Survivalist Features, Naturewalk Capabilities, Moves with the Environ Keyword, etc.",core,150,False
natural-fighter,Natural Fighter,Survivalist,Trainer Classes,"[""+HP""]",Prerequisites: Survivalist,1 AP - Special,You and your Pokémon become adept at using the environment to your advantage in battle. You or your Pokémon may activate Natural Fighter as a Standard Action to use the Move below corresponding to the current terrain. You and your Pokémon must still follow all Frequency limitations for the Move.,core,149,False
survivalist,Survivalist,Survivalist,Trainer Classes,"[""Class"", ""+HP""]",Prerequisites: Novice Survival,One Time Use - Extended Action,"Choose a Terrain in which you have spent at least three nights. You gain Naturewalk for that terrain and a +2 bonus to Athletics, Acrobatics, Stealth, Perception, and Survival Checks in that terrain. When you have 2 Sur- vivalist Features, you may choose a second Terrain. When you have 4 Survivalist Features, you may choose a third terrain. When you have 6 Survivalist Features, you may choose a fourth terrain.",core,149,False
terrain-talent,Terrain Talent,Survivalist,Trainer Classes,"[""Ranked 2"", ""+HP""]","Rank 1 Prerequisites: Survivalist, 2 Mastered Terrains | Rank 2 Prerequisites: Survivalist, 4 Mastered Terrains",Static,"Each Rank, you gain two Terrain Talents, cho- sen from the Terrains for which you gained Naturewalk from Survivalist.",core,150,False
trapper,Trapper,Survivalist,Trainer Classes,"[""+HP""]","Prerequisites: Survivalist, Adept Survival",Daily x2 - Extended Action,"You create a consumable item that creates 8 meters of Hazard within 6 meters. All 8 meters must be adjacent with at least one other space of the Hazard. These Hazards cause foes that run into them to become Slowed until the end of their next turn and have an additional effect based on the terrain in which the item was made. When foes run into these Hazards, they are destroyed after their effects resolve. Pokémon and Trainers with Naturewalk for the terrains associated with a Hazard are immune to its effects. These items must be used the same day they are created or they lose all effect.",core,149,False
wilderness-guide,Wilderness Guide,Survivalist,Trainer Classes,"[""+HP"", ""Orders""]","Prerequisites: Survivalist, Expert Survival",Scene x3 - Standard Action,Wilderness Guide's effect depends on your current terrain.,core,150,False
deadly-gambit,Deadly Gambit,Taskmaster,Trainer Classes,[],"Prerequisites: 5 Taskmaster Features, Master Intimidate",Scene - Free Action,"The triggering attack automatically hits as if it was a Critical Hit. Before damage resolves, your Pokémon may use a 1-Target damaging attack on the foe making the triggering attack as an Interrupt, Frequency allowing, and also automatically hits as a Critical Hit. Damage for both attacks then resolve at the same time.",core,106,False
desperate-strike,Desperate Strike,Taskmaster,Trainer Classes,[],"Prerequisites: Savage Strike, Expert Intimidate",Scene x2 - Free Action,Your Pokemon may apply the effects of Cruelty to the attack without expending Cruelty's Frequency. Cruelty's effects may be purchased as if the foe had additional injuries equal to the number of injuries on the user. Desperate Strike may be used once per Scene per Pokémon.,core,106,False
pain-resistance,Pain Resistance,Taskmaster,Trainer Classes,[],"Prerequisites: Taskmaster, Adept Intimidate",1 AP - Free Action,"Your Pokémon gains X Damage Reduction against the triggering attack, where X is its Tick Value multiplied by the number of Injuries it has. This may be triggered once per Scene per Pokémon.",core,105,False
press-on,Press On!,Taskmaster,Trainer Classes,[],"Prerequisites: Taskmaster, Expert Intimidate",Static,"Your Hardened Pokemon gain the following benefits, based on your Intimidate Rank",core,105,False
quick-healing,Quick Healing,Taskmaster,Trainer Classes,[],Prerequisites: Taskmaster,At-Will - Extended Action,"Your Hardened Pokémon may use Quick Healing to remove up to three injuries, and gains two Ticks of Hit Points for each Injury removed this way.",core,105,False
savage-strike,Savage Strike,Taskmaster,Trainer Classes,[],Prerequisites: Taskmaster,At-Will - Extended Action,"The target loses 2 Tutor Points, and gains the Cruelty Ability.",core,105,False
strike-of-the-whip,Strike of the Whip,Taskmaster,Trainer Classes,[],"Prerequisites: Taskmaster, Press",At-Will - Swift Action,You may apply 1 or more of the following effects to the Pokémon hit by Press:,core,105,False
taskmaster,Taskmaster,Taskmaster,Trainer Classes,"[""Class""]","Prerequisites: Brutal Training, Novice Intimidate",At-Will - Free Action,"You may grant your Pokémon up to three injuries. If your Pokémon has at least one Injury, it becomes Hardened.",core,105,False
pk-alpha,PK Alpha,Telekinetic,Trainer Classes,"[""+Special Attack""]",Prerequisites: Telekinetic,Static,You learn the Moves Kinesis and Barrier.,core,191,False
pk-combat,PK Combat,Telekinetic,Trainer Classes,"[""+Special Attack"", ""Weapon""]","Prerequisites: Telekinetic, Adept Focus",Bind 1 AP - Standard Action,"You may also wield weapons and items with your Telekinesis capability, as long as you are able to lift them. This means you may use Items and Melee Weapons that normally require you to be adjacent to your target at a range limited only by your Telekinesis. When wielding Weapons with your Telekinesis, you qualify for Moves using Focus instead of Combat and may add your Special Attack instead of your Attack Stat. The Attacks remain Physical, however.",core,191,False
pk-omega,PK Omega,Telekinetic,Trainer Classes,"[""+Special Attack""]","Prerequisites: PK Alpha, Expert Focus",Static,You learn the Moves Telekinesis and Psychic.,core,191,False
power-of-the-mind,Power of the Mind,Telekinetic,Trainer Classes,"[""+Special Attack""]",Prerequisites: Telekinetic,Static,Choose Interference or Levitate. You gain the chosen Ability.,core,191,False
telekinetic,Telekinetic,Telekinetic,Trainer Classes,"[""Class"", ""+Special Attack""]","Prerequisites: Elemental Connection (Psychic), Iron Mind",Static,You gain the Telekinetic Capability.,core,191,False
telekinetic-burst,Telekinetic Burst,Telekinetic,Trainer Classes,"[""+Special Attack""]","Prerequisites: PK Combat, Expert Focus | Prerequisites: PK Omega, Master Focus",1 AP - Swift Action,"You perform a Disarm, Trip, or Push Maneuver using your Telekinetic Capability. Psionic Overload [+Special Attack] 2 AP - Swift Action The effect of this Feature depends on the Triggering Move.",core,191,False
honed-mind,Honed Mind,Telepath,Trainer Classes,"[""+Special Defense""]",Prerequisites: Telepath,Static,You learn the Moves Mind Reader and Calm Mind.,core,193,False
mental-assault,Mental Assault,Telepath,Trainer Classes,"[""+Special Defense""]","Prerequisites: Telepath, Expert Focus or Intuition",Static,You learn the Moves Extrasensory and Psyshock.,core,193,False
suggestion,Suggestion,Telepath,Trainer Classes,"[""+Special Defense""]","Prerequisites: Honed Mind, Master Focus or Intuition",Bind 1 AP - Standard Action,"You smoothly plant a thought into the subject's head that lasts as long as this Feature is Bound. They won't know exactly why or how they thought of it; they will naturally assume they thought of it themselves, and their brain will attempt to get there as logically as it can. The target may not necessarily act on the Suggestion, especially if it is against their nature. Using Suggestion to plant a specific thought may cause the target to think about a specific subject, dredging up surface thoughts related to the matter. Using this on a target leaves discoverable psychic residue. You may only use Suggestion as long as you have the Telepathy Capability, though you may keep it Bound without having Telepathy active.",core,193,False
telepath,Telepath,Telepath,Trainer Classes,"[""Class"", ""+Special Defense""]","Prerequisites: Elemental Connection (Psychic), Iron Mind, Novice Intuition",2 AP - Swift Action,You gain the Telepathy Capability for the rest of the scene.,core,193,False
telepathic-awareness,Telepathic Awareness,Telepath,Trainer Classes,"[""+Special Defense""]",Prerequisites: Telepath,Static,Choose Gentle Vibe or Telepathy. You gain the chosen Ability.,core,193,False
telepathic-warning,Telepathic Warning,Telepath,Trainer Classes,"[""+Special Defense""]","Prerequisites: Telepathic Awareness, Expert Focus or",Intuition 1 AP - Free Action,You're able to give your allies heed of attacks. All allies that would be hit by the attack may take a Shift Action as an Interrupt to move out of the area of effect of the attack. Using this leaves discoverable Psychic Residue on each affected ally. You may only use Telepathic Warning as long as you have the Telepath Capability.,core,193,False
thought-detection,Thought Detection,Telepath,Trainer Classes,"[""+Special Defense""]",Prerequisites: Telepathic Awareness,Scene - Standard Action,You become aware of the number of living Humans or Pokémon within X meters of yourself; X is equal to your Focus Rank tripled. Pokémon or Trainers with the Mindlock Capability are not detected by this Ability. You may only use Thought Detection as long as you have the Telepathy Capability.,core,193,False
bag-of-tricks,Bag of Tricks,Trickster,Trainer Classes,"[""Ranked 2""]",Rank 1 Prerequisites: Trickster | Rank 2 Prerequisites: Trickster,Static,"You gain two Trickster Techniques of your choice, found on the next page.",core,108,False
encore-performance,Encore Performance,Trickster,Trainer Classes,[],"Prerequisites: 3 Trickster Features, Expert Guile",Daily x3 - Free Action,,core,108,True
flourish,Flourish,Trickster,Trainer Classes,[],Prerequisites: Trickster,Static,"Your Pokémon's Status-Class Moves that affect foes ignore non-Stat Evasion. They may Critically Hit like damaging Moves on a roll of 20. Upon such a Critical Hit, choose one effect from the list below. This Critical Hit rate may be modified as normal.",core,108,False
sleight,Sleight,Trickster,Trainer Classes,[],"Prerequisites: 4 Trickster Features, Master Guile",Scene x2 - Free Action,"Your Pokémon may activate Sleight as an Interrupt to immediately take their turn and use a Status- Class Move as a Standard Action. If this Move targets a foe, it ignores Substitute and Defensive Abilities, and Blessings may not be activated against the Move.",core,108,False
stacked-deck,Stacked Deck,Trickster,Trainer Classes,[],"Prerequisites: Trickster, Adept Guile",1 AP - Free Action,Choose a Status Affliction or condition the triggering target is suffering from; the target suffers an additional effect according to the table below. Stacked Deck may only affect a foe once per Scene.,core,108,False
trickster,Trickster,Trickster,Trainer Classes,"[""Class""]",Prerequisites: Novice Guile,1 AP - Free Action,"After the Move is resolved, your Pokémon may perform a Dirty Trick or Manipulate Maneuver on that foe as a Free Action. The Maneuver automatically hits, but the target must be in range for the chosen Maneuver. Use your own Guile to resolve Manipulate Rolls.",core,108,False
aerialist,Aerialist,Tumbler,Trainer Classes,"[""+Speed""]",Prerequisites: Tumbler,Static,You learn the Moves Aerial Ace and Splash.,core,173,False
burst-of-speed,Burst of Speed,Tumbler,Trainer Classes,"[""+Speed""]","Prerequisites: 5 Tumbler Features, Master Acrobatics",Scene - Free Action,Select an Initiative Count equal to half of your own Initiative or less; you may take an extra turn at that point in the round.,core,173,False
death-from-above,Death From Above,Tumbler,Trainer Classes,"[""+Speed""]","Prerequisites: Aerialist, Expert Acrobatics",Static,You learn the Moves Acrobatics and Bounce.,core,173,False
flip-out,Flip Out,Tumbler,Trainer Classes,"[""+Speed""]","Prerequisites: Aerialist, Adept Acrobatics",Static,Your Tumbler Moves gain additional effects.,core,173,False
quick-gymnastics,Quick Gymnastics,Tumbler,Trainer Classes,"[""+Speed""]",Prerequisites: Tumbler,1 AP - Free Action,"You may may Shift 2 Meters. You don't count as Flanked or trigger Attacks of Opportunity until the end of your next turn. Additionally, if you activate this Feature, the triggering action does not provoke Attacks of Opportunity.",core,173,False
quick-reflexes,Quick Reflexes,Tumbler,Trainer Classes,"[""+Speed""]","Prerequisites: Tumbler, Expert Acrobatics",Static,You gain the Dodge Ability.,core,173,False
tumbler,Tumbler,Tumbler,Trainer Classes,"[""Class"", ""+Speed""]",Prerequisites: Acrobat,Static,You gain the Run Away Ability.,core,173,False
aqua-vortex,Aqua Vortex,Type Ace,Trainer Classes,[],"Prerequisites: Flood!, Type-Linked Skill at Master",Scene x2 - Free Action,"All targets of the attack are put in a Vortex, and take a penalty to all Damage Rolls equal to your Type- Linked Skill Rank while in the Vortex.",core,128,False
arcane-favor,Arcane Favor,Type Ace,Trainer Classes,[],"Prerequisites: Fairy Lights, Type-Linked Skill at Adept",Scene x2 - Free Action,Your Pokémon and all allies on the Field gain a +1 Bonus to all rolls for one full round.,core,122,False
arctic-zeal,Arctic Zeal,Type Ace,Trainer Classes,[],"Prerequisites: Glacial Ice, Type-Linked Skill at Expert.",Scene x2 - Free Action,"Your Pokémon uses the Move Mist as if it were on their Move List. When used this way, in addition to its normal effects, your Ice-Type Pokémon may expend uses of the Mist Blessing to do the following:",core,125,False
assault-armor,Assault Armor,Type Ace,Trainer Classes,[],"Prerequisites: Polished Shine, Type-Linked Skill at",Expert Scene x2 - Free Action,Your Pokémon may add its Defense Stat to their Damage Roll in place of the attack's normal offensive stat.,core,128,False
bigger-and-boulder,Bigger and Boulder,Type Ace,Trainer Classes,[],"Prerequisites: Gravel Before Me, Type-Linked Skill at",Adept Scene x2 - Free Action,"All targets hit by the triggering Move are pushed a number of meters equal to half your Type-Linked Skill Rank or less, and they become Vulnerable for one full round. Create a Stealth Rock Hazard adjacent to each foe hit this way.",core,127,False
black-out-strike,Black-Out Strike,Type Ace,Trainer Classes,[],"Prerequisites: Clever Ruse, Type-Linked Skill at Master",Daily x3 - Free Action,"After the triggering attack is resolved, the target of the attack gains an Injury and falls asleep. If this attack would put them are 3 or more injuries or at or under 25% of their maximum Hit Points, the target instead becomes Fainted. Black-Out Strike may be used only once per Scene.",core,120,False
boo,Boo!,Type Ace,Trainer Classes,[],"Prerequisites: Ghost Step, Type-Linked Skill at Master",Daily x3 - Free Action,"The next Ghost-Type attack the target makes that turn gains the Smite keyword and can't be Intercepted or avoided in any way (Dodge, Parry, Shield Moves, etc).",core,124,False
brawler,Brawler,Type Ace,Trainer Classes,[],"Prerequisites: Close Quarters Mastery, Type-Linked",Skill at Adept Scene x2 - Free Action,"This Struggle Attack has a range of Burst 1, Friendly instead of the usual range, and deals Fighting- Type Damage.",core,122,False
brightest-flame,Brightest Flame,Type Ace,Trainer Classes,[],"Prerequisites: Type Ace, Fire as Chosen Type",Static,"Your Pokémon's damaging Fire-Type Moves Burn their target on a roll of 18+. If a Move already has a chance to Burn a target, this Effect Range is instead increased by +3. Additionally, your Pokémon's damaging Fire-Type Moves deal additional damage equal to your Type-Linked Skill Rank against Burned targets.",core,123,False
celerity,Celerity,Type Ace,Trainer Classes,"[""Orders"", ""Stratagem""]","Prerequisites: Type Ace, Flying as Chosen Type",Bind 2 AP - Standard Action,"While this Feature is Bound, add your Type- Linked Skill to the target's Initiative. Additionally, if the Target uses a Disengage Maneuver, they may Shift as if Slowed instead of shifting only 1 Meter.",core,123,False
chain-lightning,Chain Lightning,Type Ace,Trainer Classes,[],"Prerequisites: Lockdown, Type-Linked Skill at Master",Daily x3 - Free Action,"Pick another Pokémon or Trainer within 3 meters of the target of the attack. You may repeat the triggering attack against the target, with a -5 Damage penalty. If you hit, you may repeat the attack a third time against a foe within 3 meters of the second target, this time with a -10 Damage penalty. The third target cannot be the same as the original target.",core,121,False
chitin-shield,Chitin Shield,Type Ace,Trainer Classes,[],"Prerequisites: Insectoid Utility, Type Linked Skill at",Expert Daily x3 - Free Action,"The effect misses, and your Pokemon becomes immune to that Move for the rest of the Scene. Chitin Shield may be triggered once per Scene per Pokemon.",core,120,False
clever-ruse,Clever Ruse,Type Ace,Trainer Classes,[],"Prerequisites: Type Ace, Dark as Chosen Type",At-Will - Free Action,Your Pokémon may apply two of the effects below after the triggering attack is resolved. Your Pokémon may also take a Standard Action to trigger this Feature. This Feature may be triggered only once per round.,core,120,False
close-quarters-mastery,Close Quarters Mastery,Type Ace,Trainer Classes,"[""Orders"", ""Stratagem""]","Prerequisites: Type Ace, Fighting as Chosen Type",Bind 2 AP - Standard Action,"While this Feature is Bound, the target's Fighting-Type Moves cause foes to become Marked by the target for 1 full round. If the target is a Fighting- Type Pokémon, they may also Mark the Foe for one full round when hitting with a Grapple, Trip, or Push Maneuver.",core,122,False
corrosive-blight,Corrosive Blight,Type Ace,Trainer Classes,[],"Prerequisites: Potent Venom, Type-Linked Skill at",Master Daily x3 - Free Action,"The target gains the Blight Condition for one full round. Blighted targets lose a Tick of Hit Points upon being hit by any attack. If the attack is Poison-Typed, the Blight effect's duration is refreshed.",core,126,False
cross-pollinate,Cross-Pollinate,Type Ace,Trainer Classes,[],"Prerequisites: Foiling Foliage, Type-Linked Skill at",Master Daily x3 - Free Action,Your Pokémon may immediately use a Grass- Type Status-Class move as a Free Action.,core,124,False
debilitate,Debilitate,Type Ace,Trainer Classes,"[""Order"", ""Stratagem""]","Prerequisites: Potent Venom, Type-Linked Skill at",Adept Bind 2 AP - Standard Action,"While this Feature is Bound, when the target sucessfully hits a Poisoned or Blighted foe with a Poison- Type Move, the foe gains a -2 penalty to Accuracy Rolls and Evasion for one full round.",core,126,False
deep-cold,Deep Cold,Type Ace,Trainer Classes,[],"Prerequisites: Glacial Ice, Type-Linked Skill at Master",Daily x3 - Free Action,"The target is Frozen, and has their Attack, Special Attack, and Speed Combat Stages lowered by 1 each. The target is automatically cured of the Frozen Condition after 1 full round. A foe may be affected by Deep Cold only once per Scene.",core,125,False
desert-heart,Desert Heart,Type Ace,Trainer Classes,"[""Order"", ""Stratagem""]","Prerequisites: Mold the Earth, Type-Linked Skill at",Adept Bind 2 AP - Free Action,"While this Stratagem is bound, your Pokémon may activate Moves and Abilities as if they were in a Sandstorm.",core,125,False
devious,Devious,Type Ace,Trainer Classes,[],"Prerequisites: Clever Ruse, Type-Linked Skill at Expert",Scene x2 - Free Action,"Your Pokémon may immediately use a naturally Dark-Typed Status-Class Move or a Move with the Social keyword as a Free Action. This must be a different Move than the triggering Move, and must follow all Frequency limitations. Devious may be used only once per Scene per Pokémon.",core,120,False
disruption-order,Disruption Order,Type Ace,Trainer Classes,[],"Prerequisites: Insectoid Utility, Type-Linked Skill at",Master Daily x3 - Free Action,"Until the end of user's next turn, all targets hit by the Move are Slowed, suffer a -X to Accuracy Rolls, and are Flinched by Damaging Attacks on 16+.",core,120,False
earthroil,Earthroil,Type Ace,Trainer Classes,[],"Prerequisites: Mold the Earth, Type-Linked Skill at",Expert At-Will - Free Action,"Your Ground-Type Pokémon may activate Earthroil as a Shift Action to use a damaging Ground- Type Move as it had a range of Line 4 or Burst 1 instead of its usual range, and as if it had the Groundsource keyword. 1-Target Moves performed this way take a -5 penalty to their Damage Rolls.",core,125,False
enduring-bloom,Enduring Bloom,Type Ace,Trainer Classes,[],"Prerequisites: Foiling Foliage, Type-Linked Skill at",Expert Scene x2 - Free Action,"Your Pokémon gains Temporary Hit Points equal to twice your Type-Linked Skill Rank, and gains +1 Combat Stage in the Stat of your choice. If it is Sunny, they may gain +1 Combat Stage in a second, different Stat. You may activate Enduring Bloom only once per Scene per Pokémon.",core,124,False
extra-ordinary,Extra Ordinary,Type Ace,Trainer Classes,[],"Prerequisites: Type Ace, Normal as Chosen Type",At-Will - Extended Action,"Your Pokémon gains the Last Chance or Normal Strategist Ability, whichever one they do not already have. Extra Ordinary can target a Pokémon only once.",core,126,False
face-me-whelp,Face Me Whelp,Type Ace,Trainer Classes,[],"Prerequisites: Close Quaters Mastery, Type-Linked",Skill at Expert Static,"While your Pokémon is adjacent to a foe they Marked, that foe gains a -X penalty to Accuracy Rolls and a -10 penalty to Damage Rolls on attacks that do not target the Pokémon that Marked them. X is equal to half your Type-Linked Skill Rank.",core,122,False
fairy-lights,Fairy Lights,Type Ace,Trainer Classes,[],"Prerequisites: Type Ace, Fairy as Chosen Type",At-Will - Special,"Your Fairy-Type Pokemon may activate Fairy Lights as a Standard Action to create 3 Fairy Lights that hover around themselves. Whenever the target is attacked by a foe within 6 meters, they may expend a Fairy Light to either immediately gain a Tick of Temporary Hit Points, or to use the Move Fairy Wind as a Free Action.",core,122,False
fairy-rite,Fairy Rite,Type Ace,Trainer Classes,[],"Prerequisites: Fairy Lights, Type-Linked Skill at Master",Daily x3 - Special,"Your Fairy-Type Pokémon may activate Fairy Rite as a Standard Action to lose any number of Hit Points, up to a maximum equal to your Pokémon's Level, and heal an adjacent Ally by that many Hit Points. Then, if your Fairy-Type Pokémon has any Fairy Lights, they may immediately expend any Fairy Lights to gain a Tick of Hit Points, or cause an ally within 6 meters to gain a Tick of Hit Points.",core,122,False
fan-the-flames,Fan The Flames,Type Ace,Trainer Classes,[],"Prerequisites: Brightest Flame, Type-Linked Skill at",Master Scene x2 - Free Action,"Instead of its usual range, the attack may be performed as if it had a range of Burst 1 if melee, or Cone 2 if ranged.",core,123,False
fey-trance,Fey Trance,Type Ace,Trainer Classes,"[""Orders"", ""Stratagem""]","Prerequisites: Fairy Lights, Type-Linked Skill at Expert",Bind 2 AP - Free Action,"While this Feature is bound, whenever the target uses a 1-Target Move with the Social Keyword or a Fairy-Type Status Move, the foe hit by the triggering Move becomes Infatuated with your Pokemon, and immediately Shifts towards your Pokemon, forfeiting their next Shift Action. This may affect a specific foe only once per Scene.",core,122,False
fishbowl-technique,Fishbowl Technique,Type Ace,Trainer Classes,"[""Orders"", ""Stratagem""]","Prerequisites: Flood!, Type-Linked Skill at Adept",Bind 2 AP - Standard Action,"While this Stratagem is bound, your Pokémon may activate Moves and Abilities as if they were in Rainy Weather.",core,128,False
flood,Flood!,Type Ace,Trainer Classes,[],"Prerequisites: Type Ace, Water as Chosen Type",At-Will - Free Action,Your Water-Type Pokemon may activate Flood! as a Shift Action to use a damaging Water-Type Move as if had a range of Line 4 or Close Blast 2 instead of its usual range.,core,128,False
foiling-foliage,Foiling Foliage,Type Ace,Trainer Classes,[],"Prerequisites: Type Ace, Grass as Chosen Type",At-Will - Extended Action,"Pick a Grass-Type Status-Class Move known by the target. The chosen Move no longer takes up a Move Slot. A Pokémon may have only one Move bypass the Move Limit at a time; if a new Move is chosen for a Pokémon, the previous Move loses this effect.",core,124,False
force-of-will,Force of Will,Type Ace,Trainer Classes,[],"Prerequisites: Psionic Sponge, Type-Linked Skill at",Master Daily x3 - Free Action,"Your Pokémon may immediately use another Psychic-Type Status Move from its Move List with a range of Blessing, Field, Hazard, or Self.",core,127,False
fountain-of-life,Fountain of Life,Type Ace,Trainer Classes,[],"Prerequisites: Flood!, Type-Linked Skill at Expert",Daily x3 - Free Action,"You may choose to take a penalty to the Damage Roll for the attack up to triple your Type-Linked Skill Rank or up to half the rolled damage for the triggering attack, whichever is lower. Your Pokémon gains twice that value in Temporary Hit Points and may cure themselves of one Status Affliction. Fountain of Life may only be used once per Scene per Pokémon.",core,128,False
gale-strike,Gale Strike,Type Ace,Trainer Classes,[],"Prerequisites: Celerity, Type-Linked Skill at Adept",Scene x2 - Free Action,"You may roll the Accuracy Check twice, and resolve using either result. If both results would hit and you resolve the attack using the lower result, Gale Strike's Frequency is not expended.",core,123,False
ghost-step,Ghost Step,Type Ace,Trainer Classes,[],"Prerequisites: Type Ace, Ghost as Chosen Type",At-Will - Free Action,"Your Ghost-Type Pokémon may activate this Feature by spending a Shift Action to remove themselves from the field. They may not be targeted in any way during this time. At the beginning of their next turn, they reappear in any square of their choice that they could have Shifted to from their previous location. Each Pokémon may activate Ghost Step only once per Scene.",core,124,False
glacial-ice,Glacial Ice,Type Ace,Trainer Classes,[],"Prerequisites: Type Ace, Ice as Chosen Type",Static,"Your Ice-Type Pokémon gain Damage Reduction equal to your Type-Linked Skill Rank against Fighting, Fire, Rock, and Steel-Typed Attacks from which they would take Super-Effective Damage.",core,125,False
gneiss-aim,Gneiss Aim,Type Ace,Trainer Classes,[],"Prerequisites: Gravel Before Me, Type-Linked Skill at",Master Daily x3 - Free Action,The Move gains the Smite keyword for that use.,core,127,False
gravel-before-me,Gravel Before Me,Type Ace,Trainer Classes,[],"Prerequisites: Type Ace, Rock as Chosen Type",At-Will - Free Action,Create a Stealth Rock Hazard adjacent to your Pokémon.,core,127,False
haunting-curse,Haunting Curse,Type Ace,Trainer Classes,"[""Orders"", ""Stratagem""]","Prerequisites: Ghost Step, Type-Linked Skill at Adept",Bind 2 AP - Standard Action,"While this Feature is bound, the target gains a Curse Token each time they use a Ghost-Type Move or Ghost Step. Ghost-Type Moves with a Set-Up and Resolution Phase give a Curse Token for each Phase. As a Standard Action during their turn, or as Free Action upon Fainting, the target may spend their Curse Tokens to apply conditions to a foe within 6 meters.",core,124,False
highlander,Highlander,Type Ace,Trainer Classes,"[""Orders"", ""Stratagem""]","Prerequisites: Tyrant's Roar, Type-Linked Skill at Adept",Bind 2 AP - Standard Action,"While this Feature is Bound, the target gains X Damage Reduction against Dragon-Type attacks, and gain a +X Bonus to Damage Rolls with Dragon-Typed attacks against other Dragon-Typed targets. X is equal to your Type-Linked Skill Rank.",core,121,False
incandescence,Incandescence,Type Ace,Trainer Classes,"[""Orders"", ""Stratagem""]","Prerequisites: Brightest Flame, Type-Linked Still at",Expert Bind 2 AP - Standard Action,"While this Feature is Bound, the target adds both their Attack and Special Attack Stat to all damaging Fire-Type Attacks, instead of one or the other. This does not stack with Twisted Power.",core,123,False
insectoid-utility,Insectoid Utility,Type Ace,Trainer Classes,[],"Prerequisites: Type Ace, Bug as Chosen Type",Static,Your Pokémon with the following Capabilities have the upgrades below applied to them.,core,120,False
iron-grit,Iron Grit,Type Ace,Trainer Classes,"[""Orders"", ""Stratagem""]","Prerequisites: Polished Shine, Type-Linked Skill at",Adept Bind 2 AP - Standard Action,"When this Feature becomes Bound, the target gains +1 Defense Combat Stage. While the Feature remains bound, the target's Defense Stat cannot be lowered, and its Defense Combat Stages cannot be lowered.",core,128,False
iterative-evolution,Iterative Evolution,Type Ace,Trainer Classes,"[""Orders"", ""Stratagem""]","Prerequisites: Insectoid Utility, Type-Linked Skill at",Adept Bind 2 AP - Standard Action,"While this Feature is bound, if your Pokémon's Bug-Type attack would deal Super-Effective Damage, it gains a +2 Bonus to Accuracy Check. If it would deal Neutral Damage, it gains a Bonus to its Damage Roll equal to your Type-Linked Skill Rank. If it would be resisted, it is resisted one step less. This is calculated after applying any other effects that would modify effectiveness before the Accuracy Roll is made, such as the Tinted Lens Ability.",core,120,False
lockdown,Lockdown,Type Ace,Trainer Classes,[],"Prerequisites: Type Ace, Electric as Chosen Type",At-Will - Free Action,"For 1 full round, that foe is instead Stuck and may only use At-Will Frequency Moves.",core,121,False
miasma,Miasma,Type Ace,Trainer Classes,[],"Prerequisites: Potent Venom, Type-Linked Skill at",Expert Scene x2 - Free Action,"Your Pokémon may use either Smokescreen or Poison Gas as if they were on their Move List. When used this way, these Moves ignore Frequency Limitations, and are used as a Ranged Blast 3, with the blast centered on the square targeted by the triggering attack. Poison-Type Pokémon are not negatively affected by Smoke Screens created this way. Your Pokémon may also trigger Miasma deliberately as a Standard Action.",core,126,False
mindbreak,Mindbreak,Type Ace,Trainer Classes,"[""Order"", ""Stratagem""]","Prerequisites: Psionic Sponge, Type-Linked Skill at",Adept Bind 2 AP - Standard Action,"While this Feature is Bound, the target's damaging Psychic-Type Moves gain a +1 Bonus to Effect Range and a +3 Bonus to Damage Rolls for each of the following conditions that the target is suffering: Bad Sleep, Confusion, Curse, Disabled, Flinch, Infatuation, Rage, or Suppression.",core,127,False
mold-the-earth,Mold the Earth,Type Ace,Trainer Classes,[],"Prerequisites: Type Ace, Ground as Chosen Type",Scene x2 - Free Action,"Your Pokémon may use the Groundshaper Capability as a Free Action. When used this way, Groundshaper creates Spike Hazards in each square turned into Rough or Slow Terrain. If you wish, instead of Groundshaper's normal range, you may choose to affect the square targeted by the attack and all cardinally adjacent squares. If the triggering Move is a Burst, Blast, Line, or Cone, you may choose to affect all squares in the targeted area instead.",core,125,False
move-sync,Move Sync,Type Ace,Trainer Classes,"[""Branch""]",Prerequisites: 3 Type Ace Features,At-Will - Extended Action,"The target loses 1 Tutor Point. Pick a Move in the target's Move List. The picked move is now permanently of your Chosen Type, and may have different effects. See the Types Changes section (page 468) for more information and suggestions. A Pokémon may have only one Move-Sync'd Move in their Move List at a time; to Sync a new Move, the old Move must be forgotten.",core,119,False
new-normal,New Normal,Type Ace,Trainer Classes,[],"Prerequisites: Extra Ordinary, Type-Linked Skill at",Expert Scene x2 - Free Action,"You use the highest damage value for the triggering Move. (Examples: Return is DB 9, Wring Out never has its damage decreased due to the target's Hit Points, Retaliate is DB 14) New Normal may only be used once per Scene per Pokémon. New Normal may not raise a Move's Damage Base above 14; if a Move would have its Damage Base raised above that value, it is instead raised to 14.",core,126,False
overload,Overload,Type Ace,Trainer Classes,"[""Orders"", ""Stratagem""]","Prerequisites: Lockdown, Type-Linked Skill at Adept",Bind 2 AP - Standard Action,"While this Feature is Bound, whenever the target hits a foe with an Electric Attack, they may choose to have the foe lose Hit Points equal to the target's Tick value plus your Type-Linked Skill Rank. If they do, the target loses a Tick of Hit Points after the attack is resolved.",core,121,False
plainly-perfect,Plainly Perfect,Type Ace,Trainer Classes,"[""Orders"", ""Stratagem""]","Prerequisites: Extra Ordinary, Type-Linked Skill at",Adept Bind 2 AP - Standard Action,"While this Feature is bound, instead of rolling for damage with Normal-Type Moves, your Pokémon acts as if they rolled the maximum value on their Damage Dice Roll. Plainly Perfect only works for the first instance of the Damage Dice Roll on Critical Hits.",core,126,False
polar-vortex,Polar Vortex,Type Ace,Trainer Classes,"[""Order"", ""Stratagem""]","Prerequisites: Glacial Ice, Type-Linked Skill at Adept",Bind 2 AP - Standard Action,"While this Stratagem is bound, your Pokémon may activate Moves and Abilities as if they were in Hail.",core,125,False
polished-shine,Polished Shine,Type Ace,Trainer Classes,[],"Prerequisites: Type Ace, Steel as Chosen Type",Static,The Effect Range of your Pokémon's Steel-Type Moves is increased by +2.,core,128,False
potent-venom,Potent Venom,Type Ace,Trainer Classes,[],"Prerequisites: Type Ace, Poison as Chosen Type",At-Will - Free Action,"The foe does not necessarily lose Special Defense Combat Stages from Poison; instead, they lose Combat Stages in the Combat Stat of your choice. Whenever the target loses Hit Points from Poison, they lose additional Hit Points equal to your Type-Linked Skill Rank.",core,126,False
psionic-sponge,Psionic Sponge,Type Ace,Trainer Classes,[],"Prerequisites: Type Ace, Psychic as Chosen Type",At-Will - Special,"Your Psychic-Type Pokémon may activate Psychic Sponge as a Shift Action to add a Psychic Type Move known by an ally within X meters to their Move List until the end of their turn. This does not allow them to have duplicate Moves in their Move List. This Feature may only be used once per Pokémon per Scene, and X is equal to your Type-Linked Skill Rank.",core,127,False
psychic-resonance,Psychic Resonance,Type Ace,Trainer Classes,[],"Prerequisites: Psionic Sponge, Type-Linked Skill at",Expert Scene x2 - Free Action,"Your Pokémon may use the Move Encore against the triggering foe, as if it was on their Move List.",core,127,False
shocking-speed,Shocking Speed,Type Ace,Trainer Classes,[],"Prerequisites: Lockdown, Type-Linked Skill at Expert",Scene x2 - Free Action,You may activate this Feature to have your Electric-Type Pokémon may use an Electric-Type Move with a Frequency of At-Will as if it had Priority (Advanced).,core,121,False
simple-improvements,Simple Improvements,Type Ace,Trainer Classes,[],"Prerequisites: Extra Ordinary, Type-Linked Skill at",Master Daily x3 - Free Action,Add your Type-Linked Skill Rank to all of your Pokémon's rolls this turn. Your Pokémon gains Temporary Hit Points equal to twice your Type-Linked Skill Rank. Simple Improvements may only be used once per Scene per Pokémon.,core,126,False
smashing-punishment,Smashing Punishment,Type Ace,Trainer Classes,[],"Prerequisites: Close Quarters Mastery, Type-Linked",Skill at Master Daily x3 - Free Action,"The Attack of Opportunity automatically hits, deals Fighting-Type Damage, and is a Critical Hit.",core,122,False
sneak-attack,Sneak Attack,Type Ace,Trainer Classes,"[""Orders"", ""Stratagem""]","Prerequisites: Clever Ruse, Type-Linked Skill at Adept",Bind 2 AP - Standard Action,"While this Feature is bound, when attacking foes that are Fainted, Flanked, Flinched, Sleeping, Stuck, Tripped, unaware of your Pokémon's presence, or otherwise do not expect an attack, the target gains a +2 bonus to Accuracy Rolls and a bonus to Damage Rolls equal to your Type-Linked Skill Rank.",core,120,False
sunlight-within,Sunlight Within,Type Ace,Trainer Classes,"[""Order"", ""Stratagem""]","Prerequisites: Foiling Foliage, Type-Linked Skill at",Adept Bind 2 AP - Standard Action,"While this Stratagem is bound, your Pokémon may activate Moves and Abilities as if they were in Sunny Weather.",core,124,False
this-will-not-stand,This Will Not Stand,Type Ace,Trainer Classes,[],"Prerequisites: Tyrant's Roar, Type-Linked Skill at",Master At-Will - Free Action,"Your Pokémon gains +1 Combat Stage in each of Attack, Special Attack, and Speed. This Will Not Stand may trigger only once per Scene per Pokémon.",core,121,False
tornado-charge,Tornado Charge,Type Ace,Trainer Classes,[],"Prerequisites: Celerity, Type-Linked Skill at Master",Daily x3 - Special,"Your Pokémon gains 2 additional Standard Actions this turn. Your Pokémon may also Shift between taking each action, so long as their total Movement does not exceed their Movement Capabilities. All three of your Pokémon's Standard Actions this turn must be used to perform Zephyr Shield, or Flying-Type Moves with a Frequency of At-Will or EOT. Tornado Charge may be used only once per day per Pokémon.",core,123,False
tough-as-schist,Tough as Schist,Type Ace,Trainer Classes,"[""Orders"", ""Stratagem""]","Prerequisites: Gravel Before Me, Type-Linked Skill at",Expert Bind 2 AP - Standard Action,"While this Feature is Bound, allied Stealth Rock Hazards within 4 meters of your Pokémon are not used when a foe triggers them unless you want them to be. Whenever the target takes Super-Effective Damage from a Water, Grass, Ground, Fighting, or Steel Type Attack, they may consume an allied Stealth Rock Hazard within 4 meters to create temporary armor that grants them Damage Reduction equal to your Type-Linked Skill Rank for one full round.",core,127,False
trail-blazer,Trail Blazer,Type Ace,Trainer Classes,[],"Prerequisites: Brightest Flame, Type-Linked Skill at",Adept Daily x3 - Free Action,"Your Pokémon sets the ground aflame and leaves a Fire Hazard in each square it shifts through this round, up to a maximum of 8 squares. Anyone who begins or ends their turn on a Fire Hazard are Burned. Anyone that passes through a Fire Hazard loses a Tick of Hit Points. If a Ground, Rock, or Water-Type Move targets a square (or a target in a square) with Fire Hazard in them, the Fire Hazards are destroyed. All effects that destroy Hazards extinguish Fire Hazards. Trail Blazer may only be used once per Scene.",core,123,False
true-steel,True Steel,Type Ace,Trainer Classes,[],"Prerequisites: Polished Shine, Type-Linked Skill at",Master Daily x3 - Free Action,"Your Pokémon gains Damage Reduction against the attack equal to your Type-Linked Skill Rank. Additionally, calculate Type Effectiveness with this attack as if your Pokémon has no Typings besides Steel.",core,128,False
type-ace,Type Ace,Type Ace,Trainer Classes,"[""Class"", ""Branch""]","Prerequisites: 2 Different Pokémon of the Chosen Type, Type-Linked Skill* at Novice | Prerequisites: Elemental Connection (of the Chosen Type), 1 Pokémon of the Chosen Type, Type-Linked Skill*",at Novice At-Will - Extended Action,The target loses 2 Tutor Points and learns the Last Chance or Type Strategist Ability for your Chosen Type. You may target a Pokémon only once with Type Ace.,core,119,False
type-refresh,Type Refresh,Type Ace,Trainer Classes,"[""Branch"", ""Orders""]",Prerequisites: Type Ace,2 AP - Standard Action,"The target regains one use of a Scene-Frequency Move of your Chosen Type, and refreshes the Frequency of all EOT-Frequency Moves of your chosen Type. A Target can be affected by Type Refresh only once per Scene.",core,119,False
tyrants-roar,Tyrant's Roar,Type Ace,Trainer Classes,[],"Prerequisites: Type Ace, Dragon as Chosen Type",Scene x2 - Free Action,"Your Pokémon creates a Burst 2, Slowing all Foes in the area and causing those foes to lose 1 Combat Stage in any Stat in which they have positive Combat Stages.",core,121,False
unconquerable,Unconquerable,Type Ace,Trainer Classes,[],"Prerequisites: Tyrant's Roar, Type-Linked Skill at",Expert Daily x3 - Free Action,Your Pokémon is cured of up to three Status Afflictions.,core,121,False
upheaval,Upheaval,Type Ace,Trainer Classes,[],"Prerequisites: Mold the Earth, Type-Linked Skill at",Master Daily x3 - Free Action,"Your Pokémon may make a Trip Attempt as a Free Action against any Pokémon targeted by the Move, or standing on a square changed by the Groundshaper capability. Your Pokémon gains a bonus to their Combat Roll equal to half of your Type-Linked Skill Rank.",core,125,False
vampirism,Vampirism,Type Ace,Trainer Classes,[],"Prerequisites: Ghost Step, Type-Linked Skill at Expert",Scene x2 - Free Action,"Choose a Stat. The triggering foe loses a Tick of Hit Points and a Combat Stage in that Stat. Your Pokémon gains 1 Combat Stage in the chosen Stat, and a Tick of Temporary Hit Points.",core,124,False
zephyr-shield,Zephyr Shield,Type Ace,Trainer Classes,[],"Prerequisites: Celerity, Type-Linked Skill at Expert",At-Will - Special,"Your Flying-Type Pokémon may activate Zephyr Shield as a Standard Action Interrupt, or as a Shift Action during their turn. If they do, until the end of the user's next turn, all ranged attacks targetting them take a -1 penalty to Accuracy and -10 penalty to damage, they become immune to the effects of Moves with the Powder keyword, and they do not lose Hit Points from Weather effects. Additionally, if Zephyr Shield is used as a Standard Action, that Pokémon may use the Resolution Effect of a Flying-Type Move with the Set- Up keyword on their next turn, skipping the Set-Up phase.",core,123,False
farcast,Farcast,Warper,Trainer Classes,"[""+Speed""]","Prerequisites: Space Distortion, Expert Guile",Daily x3 - Free Action,,core,195,True
reality-bender,Reality Bender,Warper,Trainer Classes,"[""+Speed""]","Prerequisites: Warper, Expert Guile",Daily - Free Action,"You are able to subconsciously alter the fabric of reality to change small facts or circumstances. If your character is confronting a ""random"" event such as a die roll, coin flip, or cards being dealt, the character may activate this Feature to influence the event. In this scenario, the GM provides you with two possible outcomes, and you pick one of them to actually occur. This means you always decide the outcome of binary events such as a coin flip; cheating cards or slot machines is much harder, as there are multiple outcomes and you only get to pick between two. This Feature can also be used to generate common items worth $250 or less that the character might normally possess, such as a Potion or Poké Ball, when in a pinch. The character just happens to find the needed item among their belongings. This Feature can only create items you wish to use at that moment, and of which you have none available; such as needing to heal a Pokémon but having no Potions left. Items created with Reality Bender must be used quickly after activating the feature and cannot be stored for later.",core,195,False
space-distortion,Space Distortion,Warper,Trainer Classes,"[""+Speed""]",Prerequisites: Warper,Static,You learn the Moves Teleport and Ally Switch.,core,195,False
strange-energy,Strange Energy,Warper,Trainer Classes,"[""+Speed""]","Prerequisites: Warping Ground, Space Distortion",Static,You learn the Moves Heal Block and Magic Coat.,core,195,False
warped-transmission,Warped Transmission,Warper,Trainer Classes,"[""+Speed""]","Prerequisites: Farcast, Master Guile",2 AP - Swift Action,All adjacent foes to the square you end in after teleporting or using Ally Switch have their Evasion lowered by 3 for one full round and cannot trigger Attacks of Opportunity against you for Shifting until the end of your next turn.,core,195,False
warper,Warper,Warper,Trainer Classes,"[""Class"", ""+Speed""]","Prerequisites: Elemental Connection (Psychic), Novice Guile",Static,You gain the Probability Control Ability.,core,195,False
warping-ground,Warping Ground,Warper,Trainer Classes,"[""+Speed""]",Prerequisites: Warper,Static,You learn the Moves Gravity and Trick.,core,195,False
accessorize,Accessorize,,PTU 1.05 Editation,"[""+Any""]","Prerequisites: Dashing Makeover, one Fashionista Skill at Adept",Static,"You may wear and benefit from two Accessory Slot Items at once. The two items must be of different types and must not share an effect. For example, a Fire Brace cannot be paired",edit,16,False
action-hero-stunt,Action Hero Stunt,,PTU 1.05 Editation,[],Prerequisites: Cool Conduct Rank 1,Daily x3 - Free Action,"Instead of using a Skill for this Check, you roll your Cool Dice from Poffins and add your number of Cool Dice from Stats and your Spirit Attribute as modifiers. For example, a Pokémon with 5d6 Cool from Poffins and 2d6 from Attack rolls 5d6+2. Even Skill Checks invoked by Intercepting attacks, Combat Maneuvers, Moves, and Abilities may trigger this Feature. Example Trigger: Charging into a burning building for a heroic rescue, Intercepting a powerful attack",edit,36,False
adaptive-geography,Adaptive Geography,,PTU 1.05 Editation,"[""+HP""]","Prerequisites: 4 Survivalist Features, Master Survival",Scene x2 - Free Action,"The triggering target takes their turn as if they were in a terrain adjacent to the terrain they are in on the following graphic. For example, if you are standing in Wetlands terrain, you may act as if you are standing in Forest or Ocean Terrain. This affects Survivalist Features, Naturewalk Capabilities, Moves with the Environ Keyword, etc.",edit,31,False
adrenaline-rush,Adrenaline Rush,,PTU 1.05 Editation,"[""+HP""]","Prerequisites: Athlete, Expert Athletics",Daily x3 - Free Action,"You gain +1 Combat Stage in each of your Trained Stats, are cured of up to two Status Afflictions, and gain a Tick of Temporary Hit Points. Adrenaline Rush may be used only once per Scene.",edit,27,False
aiming-down-the-sights,Aiming Down The Sights,,PTU 1.05 Editation,"[""+Attack"", ""Weapon""]",Prerequisites: Marksman,At Will - Shift Action,Your next Weapon Attack with a ranged Weapon gains +2 to its Accuracy Roll and Critical Hit Range. This effect lasts until used or until the start of your next turn.,edit,46,False
alarm-runes,Alarm Runes,,PTU 1.05 Editation,"[""+Attack or Special Attack""]",Prerequisites: Glyph,Bind 1 AP - Standard Action,"You give the Glyph a Trigger, which may be as vague or as precise as you like. If the trigger is met within 30 meters of the Rune, the Rune will become visible and begin screeching loudly, alerting anyone nearby. You are capable of hearing this screeching noise in your head, regardless of your current distance, and you may deactivate it as a Free Action. Glyphs will remember their Triggers as long as the AP spent on the Feature is Bound. If you have the Explosive Runes Feature, you may instruct this Glyph to automatically use Hidden Power as a Free Action when it is triggered for 1 AP. You may have only one Glyph use Explosive Runes per round, even if multiple Runes are triggered at the same time. Each Alarm Rune may only be triggered once per Scene.",edit,48,False
ancient-heritage,Ancient Heritage,,PTU 1.05 Editation,[],Prerequisites: Fossil Restoration,At-Will - Extended Action,"The target loses 2 Tutor Points and learns Ancient Power. If the target has Ancient Power in its Level-Up List, Ancient Heritage costs no Tutor Points. As a static effect, whenever your Pokémon use Ancient Power, its activated effect occurs on 18+ and you may always choose whether it deals Physical or Special Damage, using the appropriate attack Stat.",edit,12,False
apparition,Apparition,,PTU 1.05 Editation,"[""Class"", ""+Attack"", ""Weapon""]","Prerequisites: Elemental Connection (Ghost), Novice Intimidate, Novice Occult Education",Apparition Static,"When wielding Melee Weapons, you may use Occult Education or Intimidate instead of Combat to determine the Damage Base of your Struggle Attacks, to resist Disarm Maneuvers, and to qualify for a Weapon's Moves. Your Weapon Attacks always treat you as having the Reach Capability, and foes may not activate Reaction effects against them that specify being hit by a Melee Attack.",edit,52,False
arcane-favor,Arcane Favor,,PTU 1.05 Editation,[],"Prerequisites: Fairy Lights, Type-Linked Skill at Adept",Scene x2 - Free Action,Your Pokémon and a number of allies up to your Type-Linked Skill Rank gain a +2 Bonus to all rolls for one full round.,edit,24,False
arcane-weapon-focus,Arcane Weapon Focus,,PTU 1.05 Editation,[],"Prerequisites: Adept Occult Education, Elemental Connection or Mystic Senses",,"Choose Mystic Senses, or an instance of Elemental Connection that you possess. Whenever you use an Arcane Weapon Move, you may choose to have it deal damage of that type instead of Normal. If you chose Elemental Connection (Normal) or Mystic Senses, your Arcane Weapon Moves gain a +1 bonus to Effect Range and Damage Base.",edit,58,False
arcanist,Arcanist,,PTU 1.05 Editation,"[""Class"", ""+Special Attack"", ""Weapon""]",Prerequisites: Adept Occult Education,Arcanist At-Will - Extended Action,"You create a Soul Bond with the target Weapon. You may make a Soul Bond with only one weapon at a time. If you create a new Soul Bond, previously Soul Bound weapons lose the Bond. Soul Bound Weapons gain the following benefits: • Increase the Effect Range of Struggle Attacks and Arcane Weapon Moves made with your Soul Bonded Weapon by +1 for each Occult Education Rank you have above Novice, up to a maximum of +3 at Master Rank. Additionally, you gain a bonus to Damage with these Moves equal to half your Occult Education Rank. • As a Shift Action, you may beckon your Soul Bonded Weapon to your hands if it is within 10 meters. If it is being held by someone else who does not want to let go of the weapon, make an Occult vs Athletics Opposed Check. If you win, they their lose grip on your Weapon and it flies to your hand as normal.",edit,49,False
archival-training,Archival Training,,PTU 1.05 Editation,"[""Ranked 2""]",,All Rank Prerequisites: Chronicler Static,"Each Rank, you gain an Archive.",edit,15,False
archive-tutor,Archive Tutor,,PTU 1.05 Editation,[],"Prerequisites: Technique Archive, Expert Perception",Daily - Extended Action,"Select a Record in your Technique Archive that is of a Move that the target can learn by Level Up, TM or by Move Tutor. The target learns the Move and loses 2 Tutor Points. You can target someone else's Pokémon only once with Archive Tutor; you may target your own Pokémon any number of times with Archive Tutor, but they must still abide by any Move Pool Limitations (ie: no more than 3 of the user's Move Pool can come from TMs or Tutor Moves).",edit,15,False
at-will-extended-action,At-Will - Extended Action,,PTU 1.05 Editation,[],,,"The target loses 2 Tutor Points, and gains the Walk It Off Feature, treated in all ways as an Ability for the target.",edit,9,False
athlete,Athlete,,PTU 1.05 Editation,"[""Class"", ""+HP""]","Prerequisites: Adept Athletics | Prerequisites: Novice Athletics, One of Athletic Initiative, Mounted Prowess, Stamina, or",Athlete Swimmer At-Will - Extended Action,"After an hour of exercise, an Athlete may choose two different Stats besides HP; both of those stats become Trained Stats. The default State of Trained Stats is +1 Combat Stages instead of 0. An Athlete may have two Trained Stats at a time.",edit,26,False
athletic-moves,Athletic Moves,,PTU 1.05 Editation,"[""Ranked 3"", ""+HP""]","Rank 1 Prerequisites: Athlete | Rank 2 Prerequisites: Athlete, Expert Athletics | Rank 3 Prerequisites: Athlete, Master Athletics",Static,You learn two Athlete Moves marked with the Rank of this Feature you are taking or lower. Athlete Moves:,edit,27,False
authentic-thaumaturgy,Authentic Thaumaturgy,,PTU 1.05 Editation,"[""+Special Attack""]","Prerequisites: Arcanist, Expert Occult Education",Scene x2 - Swift Action,You may apply a Rank 2 Power Manipulation to your attack.,edit,49,False
awareness,Awareness,,PTU 1.05 Editation,"[""+HP""]",Prerequisites: Enduring Soul,Static,"Your Pokémon add +2 to all Save Checks. Whenever your Pokémon would lose a Tick of Hit Points, reduce the amount of Hit Points lost by the higher of your Athletics or Focus Ranks, to a minimum of 1.",edit,9,False
bare-necessities,Bare Necessities,,PTU 1.05 Editation,"[""Hobbyist""]",Prerequisites: Novice Tech Education or Novice Survival,,"You may craft Tents, Fishing Lures, Flashlights, Water Filters, Sleeping Bags, Rope, and Lighters for half of their purchase price.",edit,58,False
basic-fashion,Basic Fashion,,PTU 1.05 Editation,[],Prerequisites: Fashionista,,You create one of the Basic Fashion Items below for which you have the chosen Fashionista Skill. These are Accessory Slot Items.,edit,18,False
basic-runes,Basic Runes,,PTU 1.05 Editation,[],Prerequisites: Novice Occult Education,,"When you would take Massive or Super-Effective damage, you may destroy a Cleanse Tag in your possession to reduce that damage by 5, after Weakness and Resistance. This may prevent Massive Damage from occurring.",edit,58,False
battle-conductor,Battle Conductor,,PTU 1.05 Editation,[],"Prerequisites: Commander, Expert Command",Special - Free Action,"You may target up to two additional Allies with the [Orders]. If you have 5 or more Commander Features, you may use this Feature with any [Orders]. This Feature may be used At-Will for Orders with an At-Will Frequency, but only once per Scene for Orders with any other Frequency.",edit,33,False
beauty-expert,Beauty Expert,,PTU 1.05 Editation,"[""Ranked 2""]","Rank 1 Prerequisites: Style Expert, Beauty as Chosen Stat, Novice Intuition | Rank 2 Prerequisites: Expert Intuition",Beautiful Ballet 1 AP - Special,"Your Pokémon with at least 3d6 in their Beauty Stat from Poffins may activate Beautiful Ballet to perform one of the following Moves, using the same action type as the chosen Move. They must still follow frequency limits as usual for these Moves. Rank 1: Captivate, Mist Rank 2: Lovely Kiss, Mean Look",edit,35,False
bounce-shot,Bounce Shot,,PTU 1.05 Editation,"[""+Speed""]",Prerequisites: Juggler,At-Will - Free Action,"After hitting its mark or landing, your Poké Ball bounces 3 meters in any direction. You may have your Poké Ball trigger captures or releases before or after the bounce.",edit,23,False
brawler,Brawler,,PTU 1.05 Editation,[],"Prerequisites: Close Quarters Mastery, Type-Linked Skill at Adept",Scene x2 - Free Action,"This Struggle Attack has a range of Burst 1, Friendly instead of the usual range, and may deal Fighting Type Damage if you wish.",edit,25,False
bring-it-on,Bring It On!,,PTU 1.05 Editation,[],"Prerequisites: Cheers, Adept Charm",Scene x3 - Free Action,"All Cheered Allies become Excited. Targets cannot have more than one instance of the Excited condition at a time. As a Free Action, an Excited Ally may give up the Excited condition when...",edit,7,False
calculated-assault,Calculated Assault,,PTU 1.05 Editation,[],Prerequisites: Smart Scheme Rank 1,At-Will - Free Action,,edit,37,True
cavaliers-reprisal,Cavalier's Reprisal,,PTU 1.05 Editation,"[""+Speed""]","Prerequisites: Ride as One, Expert Acrobatics or Athletics",1 AP - Free Action,You or your Mount(whichever was not hit by the triggering attack) may make a Struggle Attack against the triggering foe as a Free Action.,edit,22,False
cheerleader,Cheerleader,,PTU 1.05 Editation,"[""Class""]","Prerequisites: Inspired Training, Novice Charm",Cheerleader At-Will - Extended Action,Your Pokémon loses 2 Tutor Points and gains the Friend Guard Ability.,edit,7,False
cheers,Cheers,,PTU 1.05 Editation,[],Prerequisites: Cheerleader,X AP - Swift Action,"The targets are Cheered for 1 full round. While Cheered, the target's Combat Stages cannot be lowered by Foes' attacks, Abilities, or Features. This Feature costs 0 AP if the triggering effect affects only one ally, and costs 1 AP if it affects two or more. You may use Cheers as a Free Action when you use [Orders], but if you do, Cheers affects only the targets of the [Orders].",edit,7,False
chronicler,Chronicler,,PTU 1.05 Editation,"[""Class""]",Prerequisites: Novice Perception,"Chronicler 1 AP - Swift Action, Interrupt","You make a Record of the target. Records can be placed in an Archive as an Extended Action. When you take Chronicler, you gain one Archive. Archives:",edit,14,False
cinematic-analysis,Cinematic Analysis,,PTU 1.05 Editation,[],"Prerequisites: 4 Chronicler Features, Master Perception",Daily x3 - Free Action,You analyze a Record in one of your Archives. Cinematic Analysis's eﬀect depends on the Archive the Record is in. Each of these effects may only be used once per Scene.,edit,15,False
clear-shot,Clear Shot,,PTU 1.05 Editation,"[""+Attack"", ""Weapon""]","Prerequisites: Marksman, Expert Perception or Combat",Scene x2 - Swift Action,"The target is considered Vulnerable against this attack, and you increase your Critical Hit range by +4 for this attack.",edit,46,False
coaching,Coaching,,PTU 1.05 Editation,"[""+HP""]",Prerequisites: Training Regime,1 AP - Free Action,Your Pokémon gains a bonus based on the type of Combat maneuver they are making. This Feature may be triggered once per Scene per Pokémon.,edit,27,False
combat-medic,Combat Medic,,PTU 1.05 Editation,"[""+Defense or Special Defense"", ""Hobbyist""]","Prerequisites: Adept Medicine Education, Novice Combat",1 AP - Free Action,"You may make a Struggle Attack against an adjacent foe as a Free Action. This Struggle Attack counts as an Attack of Opportunity for any Features or Edges you may have, but does not count against the number of Attacks of Opportunity you may make per round.",edit,59,False
commander,Commander,,PTU 1.05 Editation,"[""Class""]",Prerequisites: Novice Command,Commander Static,"You may use [Orders] that have targets to target any Ally, even if normally those [Orders] would only let you apply the effect to your own Pokemon. Any other conditions still apply.",edit,33,False
complex-orders,Complex Orders,,PTU 1.05 Editation,"[""Orders""]","Prerequisites: Commander, at least two Features with the [Orders] Tag that have targets",At-Will - Shift Action,You may choose a different Order to give to each Target. You must pay all AP costs and follow Frequency restrictions for all Orders used in this way.,edit,33,False
cool-expert,Cool Expert,,PTU 1.05 Editation,"[""Ranked 2""]","Rank 1 Prerequisites: Style Expert, Cool as Chosen Stat, Novice Command | Rank 2 Prerequisites: Expert Command",Cool Conduct 1 AP - Special,"Your Pokémon with at least 3d6 in their Cool Stat from Poffins may activate Cool Conduct as a Standard Action to perform one of the following Moves. They must still follow frequency limits as usual for these Moves. Rank 1: Focus Energy, Noble Roar",edit,35,False
coordinator,Coordinator,,PTU 1.05 Editation,"[""Class"", ""+Any""]","Prerequisites: Grace, Novice Charm, Command, Guile, Intimidate, or Intuition",Coordinator X AP - Free Action,"Your Pokémon may re-roll a single Appeal Roll or Damage Roll, and must use the new result. The first time per day you use this Feature, it costs 0 AP. Each time thereafter, the cost increases by 1 AP. The cost of this Feature resets when you take an Extended Rest.",edit,19,False
corrupt-blood,Corrupt Blood,,PTU 1.05 Editation,"[""+Defense""]",Prerequisites: Miasmic,Static,"You are immune to the Poisoned and Badly Poisoned statuses and resist Poison-type attacks one step further. You are treated as if you were Poison-Type for the conditional effects of Items, Moves, Features, and Abilities.(This does not grant you STAB).",edit,1,False
crippling-shot,Crippling Shot,,PTU 1.05 Editation,"[""+Attack"", ""Weapon""]","Prerequisites: Marksman, Expert Perception or Combat",2 AP - Standard Action,"Make a Ranged Weapon Attack with a Damage Base of 8 or lower. If you hit, the target is Slowed for 1 Full Round, loses 1 Speed Combat Stage, and you initiate a Trip Maneuver against the target. You must still hit with the Trip Maneuver, and you may use your Perception Skill to resolve the Opposed Check if you wish.",edit,47,False
cruel-gaze,Cruel Gaze,,PTU 1.05 Editation,"[""+Defense""]","Prerequisites: Roughneck, Expert Intimidate",Static,You learn the Moves Glare and Headbutt.,edit,29,False
crystal-resonance,Crystal Resonance,,PTU 1.05 Editation,[],"Prerequisites: Crystal Artificer, Adept Occult Education",Static,"You roll an additional 3d6 when determining how many Shards you find when Dowsing. Additionally, while you have a Shard in your Main Hand and/or Off-Hand, you gain one of the following benefits, depending on the color of the Shard(s):",edit,11,False
cute-expert,Cute Expert,,PTU 1.05 Editation,"[""Ranked 2""]","Rank 1 Prerequisites: Style Expert, Cute as Chosen Stat, Novice Charm | Rank 2 Prerequisites: Expert Charm",Cute Cuddle 1 AP - Special,"Your Pokémon with at least 3d6 in their Cute Stat from Poffins may activate Cute Cuddle as a Standard Action to perform one of the following Moves. They must still follow frequency limits as usual for these Moves. Rank 1: Charm, Block Rank 2: Teeter Dance, Attract",edit,36,False
dark-soul,Dark Soul,,PTU 1.05 Editation,"[""+Attack or Special Attack""]","Prerequisites: Shade Caller, Master Guile or Stealth",Static,Choose Shadow Tag or Super Luck. You gain the chosen Ability.,edit,52,False
dashing-makeover,Dashing Makeover,,PTU 1.05 Editation,"[""+Any""]",Prerequisites: Fashionista,Bind 2 AP - Extended Action,"When you activate Dashing Makeover, choose one Equipment or Held Item you can create. While this Feature is Bound, the target gains the effects of the chosen item. They do not need to take up an Equipment or Held Item slot to gain this benefit. A target may only be affected by one instance of Dashing Makeover at a time.",edit,16,False
dead-eye-shot,Dead-Eye Shot,,PTU 1.05 Editation,"[""+Attack"", ""Weapon""]","Prerequisites: Marksman, Master Combat or Perception","Scene x2 - Standard, Priority","Use of Dead-Eye Shot must be declared at the start of the round. Nothing happens at this time. At the end of the round, the user may use their Shift Action, and then make a Ranged Weapon Attack and roll twice for Accuracy. You may resolve the attack using either result, but if you choose to use the lower result and the attack hits, it is automatically a Critical Hit.",edit,47,False
decisive-director,Decisive Director,,PTU 1.05 Editation,"[""Orders"", ""+Any""]",Prerequisites: Coordinator,At-Will - Standard Action,Add or subtract X from the target's Initiative until the end of your next turn. X is equal to your highest Coordinator Skill Rank doubled.,edit,19,False
design-time,Design Time,,PTU 1.05 Editation,"[""+Any""]","Prerequisites: 4 Fashionista Features, Two Fashionista Skills at Master",Static,"You gain the Designer Ability. You may create the clothes out of whatever suitable material you like, and you may design the outfit for any Trainer or Pokémon instead of yourself. Using the Designer Ability costs 2000 each time, and you may only have one outfit active at a time; if another is created, any previous outfit loses its potency.",edit,17,False
divination,Divination,,PTU 1.05 Editation,"[""+Special Defense""]",Prerequisites: Oracle,Daily x3 - Extended Action,You may perform an Augury or Scrying.,edit,41,False
divine-wind,Divine Wind,,PTU 1.05 Editation,"[""+HP""]","Prerequisites: Sage's Benediction, Master Occult Education","2 AP - Free Action, Interrupt","Choose a type of Blessing you can generate with a Sage Move. All Blessings you generated of another type become Blessings of the chosen type. This may not be used to generate more uses of a Blessing than the original Move creates. For example, three Lucky Chant Blessings would become two Reflect or Light Screen Blessings, not three. You may only choose a Blessing type once per Scene.",edit,39,False
double-shot,Double Shot,,PTU 1.05 Editation,"[""+Attack"", ""Weapon""]","Prerequisites: Marksman, Adept Combat",1 AP - Standard Action,"You may make two Struggle Attacks, each targeting the same foe. If the first attack gains the benefit of Aiming Down the Sights or Clear Shot, the second attack also gains the same benefits for free.",edit,46,False
dragon-ace,Dragon Ace,,PTU 1.05 Editation,[],"Prerequisites: Type Ace, Dragon as Chosen Type",Tyrant's Roar Scene x2 - Free Action,"Your Pokémon creates a Burst 2, Slowing all Foes in the area for 1 Full Round and causing those foes to lose 1 Combat Stage in all Stats in which they have positive Combat Stages.",edit,9,False
dress-to-impress,Dress to Impress,,PTU 1.05 Editation,"[""Orders""]","Prerequisites: Versatile Wardrobe, two Fashionista Skills at Expert",Scene x2 - Swift Action,Your Pokémon gains the effects of all items in extra slots granted by Versatile Wardrobe for one full round.,edit,17,False
earth-mothers-blessing,Earth Mother's Blessing,,PTU 1.05 Editation,"[""Ranked 2"", ""+Defense""]","Rank 1 Prerequisites: Adept Focus or Intuition | Rank 2 Prerequisites: Ground Out, Master Focus or Intuition",Static,"Each Rank, choose Mud Dweller, Arena Trap, or Lightning Rod. You gain the chosen Ability.",edit,43,False
earth-shaker,Earth Shaker,,PTU 1.05 Editation,"[""Class"", ""+Defense""]","Prerequisites: Elemental Connection (Ground), Novice Intuition, Novice Focus",Earth Shaker Static,"Choose two of Bulldoze, Mud Shot, Mud-Slap, or Sand-Attack. You learn the chosen Moves.",edit,42,False
earthshifter,Earthshifter,,PTU 1.05 Editation,"[""+Defense""]",Prerequisites: Ground Out,Scene x2 - Swift Action,"You initiate a Trip Maneuver against all targets of the Move. The Maneuver automatically hits, and you may use your Focus or Intuition for the opposed check.",edit,43,False
emergency-release,Emergency Release,,PTU 1.05 Editation,"[""+Speed""]","Prerequisites: Juggler, Expert Acrobatics or Guile","2 AP - Shift Action, Interrupt",You may Release a Pokémon as an Interrupt.,edit,23,False
endurance,Endurance,,PTU 1.05 Editation,[],Prerequisites: Tough Tumble Rank 1,Scene - Free Action,"Your Pokémon can ignore up to X meters of falling when calculating falling damage, act without beginning to suffocate for X additional rounds, ignore the Hit Point loss effects from acting while Heavily Injured for X rounds, or not gain the Injury. X is equal to half your number of Tough Dice from Poffins. Endurance may only prevent an Injury once per Pokemon per Scene.",edit,38,False
enduring-soul,Enduring Soul,,PTU 1.05 Editation,"[""Class"", ""+HP""]",Prerequisites: Novice Athletics and Focus,Enduring Soul Static,"Your Pokemon have their HP Base Stat increased by +1, and by +1 more for every 10 Levels they have. You and your Pokemon begin each Scene with Temporary HP equal to the higher of your Athletics or Focus Ranks.",edit,8,False
enticing-beauty,Enticing Beauty,,PTU 1.05 Editation,[],Prerequisites: Beautiful Ballet Rank 1,Scene - Free Action,"All targets hit by the attack become Infatuated with Your Pokémon, regardless of gender.",edit,35,False
expanded-repertoire,Expanded Repertoire,,PTU 1.05 Editation,[],Prerequisites: Adept Combat or Occult Education,,"Choose one Adept Weapon or Arcane Weapon Move of your choice. You may use this Move as a Weapon Move when wielding an appropriate Weapon.(Yes, you may choose an Arcane Weapon Move even if you qualified for the Edge with Combat, and vice-versa, but you must still have the right Weapon Type to use it)",edit,58,False
explosive-runes,Explosive Runes,,PTU 1.05 Editation,"[""+Attack or Special Attack""]","Prerequisites: Glyph, Adept Occult Education",2 AP - Shift Action,"You may use Hidden Power, originating from the location of the targeted Glyph. Use your own Stats and Hidden Power values to calculate damage. Using this Feature causes the Glyph to become visible and glow for a minute afterwards. Additionally, whenever you use Hidden Power, you may have it originate from any Glyph within X meters of you. X is your Occult Education Rank.",edit,48,False
fabulous-max,Fabulous Max,,PTU 1.05 Editation,[],Prerequisites: Beautiful Ballet Rank 1,At-Will - Free Action,,edit,35,True
face-me-whelp,"Face Me, Whelp",,PTU 1.05 Editation,[],"Prerequisites: Close Quarters Mastery, Type-Linked Skill at Expert",Static,"Whenever your Pokemon hits an adjacent foe with a Struggle Attack or a single-target DB8 or lower Fighting-Type attack, that foe becomes Slowed for one full Round.",edit,25,False
fairy-ace,Fairy Ace,,PTU 1.05 Editation,[],"Prerequisites: Type Ace, Fairy as Chosen Type",Fairy Lights At-Will - Special,"Your Fairy-Type Pokemon may activate Fairy Lights as a Standard Action to create 3 Fairy Lights that hover around themselves. Whenever the target is attacked by a foe within 6 meters, they may expend a Fairy Light to either immediately gain Temporary Hit Points equal to their Tick Value + your Type-Linked Skill Rank, or to use the Move Fairy Wind as a Free Action.",edit,24,False
fairy-rite,Fairy Rite,,PTU 1.05 Editation,[],"Prerequisites: Fairy Lights, Type-Linked Skill at Master",Daily x3 - Special,"Your Fairy-Type Pokémon may lose any number of Hit Points as a Free Action, up to a maximum equal to your Pokémon's Level, and heal an Ally within X meters by an amount equal to the lost Hit Points + X. Then, if your Fairy-Type Pokémon has any Fairy Lights, they may immediately expend any number of Fairy Lights. For each Fairy Light expended this way, they may cause themselves or an ally within X meters to gain Hit Points equal to that target's Tick Value + X. X is your Type-Linked Skill Rank. Your Pokemon may choose to activate Fairy Rite as a Standard Action on its turn without creating Fairy Lights.",edit,24,False
fashionista,Fashionista,,PTU 1.05 Editation,"[""Class"", ""+Any""]","Prerequisites: Two of Charm, Command, Guile, Intimidate, or Intuition at Novice",Fashionista At-Will - Extended Action,You may craft any Fashionista Recipe for which you qualify.,edit,16,False
fast-hands,Fast Hands,,PTU 1.05 Editation,[],Prerequisites: Adept Acrobatics or Athletics; 12 Speed,,You may add half your Speed Evasion and half your number of positive Speed Combat Stages to all of your damage rolls(max 3 each).,edit,59,False
fearsome-display,Fearsome Display,,PTU 1.05 Editation,"[""+Defense""]",Prerequisites: Malice,2 AP - Swift Action,The Move gains additional effects. You may only use each of these effects once per Scene.,edit,28,False
fey-trance,Fey Trance,,PTU 1.05 Editation,"[""Orders"", ""Stratagem""]","Prerequisites: Fairy Lights, Type-Linked Skill at Expert",Bind 2 AP - Free Action,"While this Feature is bound, whenever the target uses a Move with the Social Keyword or a Fairy-Type Status Move, one foe hit by the triggering Move becomes Infatuated with your Pokemon, and immediately Shifts towards your Pokemon, forfeiting their next Shift Action. This may aﬀect a specific foe only once per Scene.",edit,24,False
fighting-ace,Fighting Ace,,PTU 1.05 Editation,"[""Orders"", ""Stratagem""]","Prerequisites: Type Ace, Fighting as Chosen Type",Close Quarters Mastery Static,"Your Pokémon's Fighting-Type Moves cause foes to become Marked for 1 full round. Your Fighting-Type Pokémon may also Mark Foes for one full round when hitting with a Grapple, Trip, or Push Maneuver.",edit,25,False
fistful-of-force,Fistful of Force,,PTU 1.05 Editation,[],"Prerequisites: Crystal Artificer, Master Occult Education",Scene - Standard Action,You may destroy the Shard to use the Move Judgment. Judgment's Type must be one of the Types associated with the used Shard. You may choose to add your Occult Education Rank tripled in place of your Special Attack Stat to Judgment's Damage.,edit,12,False
focused-fashion,Focused Fashion,,PTU 1.05 Editation,[],Prerequisites: Style is Eternal,,You can create Focus Bands and Focus Sashes for $2000.,edit,18,False
force-of-will,Force of Will,,PTU 1.05 Editation,[],"Prerequisites: Psionic Sponge, Type-Linked Skill at",Master Daily x3 - Free Action,"Your Pokémon may immediately use another Psychic-Type Status Move from its Move List with a range of Blessing, Field, Hazard, or Self.",edit,26,False
genjutsu,Genjutsu,,PTU 1.05 Editation,"[""+Speed""]","Prerequisites: Ninja, Adept Stealth",At-Will - Standard Action,"You form an Illusion around yourself. This Illusion may be used to hide yourself in a shroud of darkness if in darkness, or to make yourself look like a mundane object (such as a crate, potted plant, or similar). The Illusion can even fool Aura, concealing you from Aura Sight for its duration. However, the Illusion requires complete concentration, and is broken if you take any actions at all. Anyone that interacts with the Illusion directly may make an Occult Education or Intuition Check with a DC equal to 10 plus your Stealth Rank; if they succeed, the Illusion is broken.",edit,40,False
gleeful-steps,Gleeful Steps,,PTU 1.05 Editation,[],Prerequisites: Cute Cuddle Rank 1,At-Will - Free Action,,edit,36,True
glyph,Glyph,,PTU 1.05 Editation,"[""+Attack or Special Attack""]","Prerequisites: Rune Master, Tag Scribe",At-Will - Special,"As an Extended Action, you may set a Cleanse Tag against any ﬂat surface, turning it into a Glyph. Glyphs have HP equal to your Level, and no other stats. Glyphs last until they are destroyed or intentionally deactivated. You may have a number of active Glyphs equal to your Occult Education Rank. When setting a Glyph, you may have the Glyphs be either visible or invisible, as you prefer. At any time, as a Standard Action, you may Channel any Glyph you have set down. This causes the Glyph to become visible if it was not. While you are channeling",edit,47,False
go-fight-win,"Go, Fight, Win!",,PTU 1.05 Editation,"[""Orders""]","Prerequisites: Moment of Action, Expert Charm",Scene x3 - Standard Action,Choose and perform one of the cheers below. You may perform each Cheer only once per Scene.,edit,8,False
grace,Grace,,PTU 1.05 Editation,[],"Prerequisites: Novice Charm, Command, Guile, Intimidate, or Intuition",,"Your Pokémon may consume and benefit from 2 more Poffins each. If this Pokémon is traded to a Trainer without the Grace feature, these extra dice from additional Poffins are not lost, but a Trainer without Grace may not benefit from more than 6 Dice gained from Poffins. You may always use any of the Skills that are prerequisites for Grace in the Introduction Stage of a Contest to roll for Contest Stat Dice of any kind.",edit,58,False
ground-out,Ground Out,,PTU 1.05 Editation,"[""+Defense""]","Prerequisites: Earth Shaker, Expert Focus or Intuition",Static,"Choose two of Drill Run, Spikes, Magnitude, or Mud Bomb. You learn the chosen Moves.",edit,43,False
haunted-wounds,Haunted Wounds,,PTU 1.05 Editation,"[""+Attack"", ""Weapon""]","Prerequisites: Shadow Arms, Master Intimidate or Occult Education",Scene x2 - Free Action,"After one full round, repeat the triggering attack against one target as a Free Action, regardless of range. If this attack hits, it deals damage as if it were resisted one step further. Haunted Wounds may only aﬀect a target once per Scene.",edit,53,False
hawkeye,Hawkeye,,PTU 1.05 Editation,"[""Hobbyist""]",Prerequisites: Adept Perception,,"You gain a +2 bonus on vision-based Perception checks, and you reduce the penalties to Accuracy Checks from being Blinded or Totally Blinded by 3.",edit,58,False
heart-of-darkness,Heart of Darkness,,PTU 1.05 Editation,"[""+Attack or Special Attack""]","Prerequisites: Sharpen Shadows, Master Guile or Stealth",Static,You learn the Moves Night Daze and Punishment.,edit,52,False
highlander,Highlander,,PTU 1.05 Editation,"[""Orders"", ""Stratagem""]","Prerequisites: Tyrant's Roar, Type-Linked Skill at Adept",Bind 2 AP - Standard Action,"While this Feature is Bound, the target gains X Damage Reduction against Dragon, Steel, Flying, and Rock-Type attacks, and gains a +X Bonus to Damage Rolls with Dragon-Typed attacks against targets of these Types. X is equal to your Type-Linked Skill Rank. These bonuses are only applied once, even if a target has two or more of these Types.",edit,10,False
highly-responsive-to-prayers,Highly Responsive to Prayers,,PTU 1.05 Editation,"[""+HP""]",Prerequisites: Mountain of Faith,Scene x3 - Free Action,You may use the Sage Feature as a Free Action targeting one of the triggering allies. Multiple instances of Sage's effect that you use may stack when used this way.,edit,39,False
i-can-use-this,I Can Use This,,PTU 1.05 Editation,[],Prerequisites: Expert Technology Education,,"You may convert any Food, Medicine, Repellent, Poke Ball, or Fashion Item into Scrap of its category, even if you cannot Craft that item.",edit,59,False
immutable-mind,Immutable Mind,,PTU 1.05 Editation,"[""+Special Defense""]","Prerequisites: Mental Resistance, Expert Occult",Education Scene - Free Action,"If the triggering Move was a Status-Class Move, the Move fails. If the triggering Move was a Damaging Move, you resist the Damage one step further.",edit,11,False
innovation,Innovation,,PTU 1.05 Editation,"[""+Any""]",Prerequisites: Coordinator,Daily - Extended Action,"The target loses 1 Tutor Point, and then learns a Move created with Innovation. See the next section for details on creating Moves for this Feature. A Pokémon may only have one Move created by Innovation at a time. If you target your own Pokémon, the Move does not take up a Move Slot.",edit,19,False
inspirational-support,Inspirational Support,,PTU 1.05 Editation,[],"Prerequisites: Cheers, Adept Charm",At-Will - Extended Action,"Your Pokémon loses 2 Tutor Points and gains the Helper Ability. Whenever you or your Pokémon with Friend Guard or Helper target allied Pokemon or Trainers with an Ability or Status Move, the targeted allies become Cheered for 1 full round.",edit,7,False
item-rainbow-gem,Item: Rainbow Gem,,PTU 1.05 Editation,[],"Prerequisites: Rainbow Light, Expert Occult Education",,"You create a Rainbow Gem that may be crafted to be worn as your choice of an Accessory Item, Head Slot Item, or Hand or Off-Hand Item. This item has the same effect as a Focus, except that as a Standard Action, any Trainer with Expert Occult Education Rank or higher may change which Stat the Rainbow Amulet is attuned to.",edit,12,False
keep-fighting,Keep Fighting!,,PTU 1.05 Editation,[],"Prerequisites: 5 Cheerleader Features, Master Charm",Daily x2 - Free Action,"That Ally's Hit Point count is reduced to 1 instead, and they then gain Temporary Hit Points equal to your Charm Rank doubled. Keep Fighting! may only be used once per target per Scene.",edit,8,False
kinjutsu,Kinjutsu,,PTU 1.05 Editation,"[""+Speed""]","Prerequisites: Poison Weapons, Master Stealth",Static,You learn the Moves Substitute and Toxic.,edit,41,False
leadership,Leadership,,PTU 1.05 Editation,"[""Gift""]","Prerequisites: Complex Orders, Expert Command",Static,"Choose one of Ravager Orders, Marksman Orders, Trickster Orders, Guardian Orders, or Precision Orders. You gain the chosen Feature and the Leader Edge, even if you do not meet their prerequisites.",edit,33,False
lean-in,Lean In,,PTU 1.05 Editation,"[""+Speed""]",Prerequisites: Ride as One,Scene x2 - Free Action,Both you and your Mount Resist the attack one step further.,edit,22,False
learn-from-your-mistakes,Learn From Your Mistakes,,PTU 1.05 Editation,[],Prerequisites: Smart Scheme Rank 1,Daily x3 - Free Action,Your Pokémon may re-roll the Skill Check or Accuracy check with a Bonus equal to its number of Smart Dice from Poffins. Learn From Your Mistakes may only be used once per Scene.,edit,37,False
lets-be-friends,Let's Be Friends!,,PTU 1.05 Editation,[],Prerequisites: Cute Cuddle Rank 1,Scene - Free Action,"For one Full Round, your targeted Pokemon is treated in all ways as the targeted foes' Ally for both parties' Moves, Abilities, and Features. The targeted foes may not include your targeted Pokemon as a target of a Damaging Move on their next turn, unless that Move has the Friendly keyword.",edit,37,False
ley-lines,Ley Lines,,PTU 1.05 Editation,"[""+Attack or Special Attack""]","Prerequisites: 4 Rune Master Features including Glyph, Master Occult Education",Scene x2 - Standard Action,"Create a closed polygon by drawing straight lines connecting yourself and the targeted squares, then use the Move Hidden Power. For this use, Hidden Power gains the Friendly Keyword, and affects all Legal Targets within the area of the created polygon. X is equal to your Occult Education Rank doubled.",edit,49,False
living-shadow,Living Shadow,,PTU 1.05 Editation,"[""+Attack or Special Attack""]",Prerequisites: Shade Caller,Static,"Your own Shadow can attack others; you may have your Dark Type Moves originate from any Square adjacent to you. If you are fighting among complete darkness, you may have your Dark Type Moves originate from any square within X meters that is completely dark, where",edit,51,False
macho-charge,Macho Charge,,PTU 1.05 Editation,[],Prerequisites: Tough Tumble Rank 1,At-Will - Free Action,,edit,38,True
malice,Malice,,PTU 1.05 Editation,"[""+Defense""]","Prerequisites: Roughneck, Adept Intimidate",Static,You learn the Moves Mean Look and Chip Away.,edit,28,False
mark-of-vision,Mark of Vision,,PTU 1.05 Editation,"[""+Special Defense""]","Prerequisites: Oracle, Adept Perception",Bind 1 AP - Extended Action,"You mark the target with a mystical power which allows you to close your eyes and focus to perceive the world with their senses from their perspective. You may Bind this Ability multiple times, each time on a different target, but you may only concentrate on one Mark of Vision at a time, and you may only have a number of Marks at one time equal to half your Perception Rank. A target may choose to end this effect at any time, or to deny you access to their senses temporarily without ending the effect entirely. You have a rough sense of how far away and in what direction marked targets are.",edit,42,False
marksman,Marksman,,PTU 1.05 Editation,"[""Class"", ""+Attack"", ""Weapon""]","Prerequisites: Novice Combat, Novice Perception",Marksman Static,You gain the Sniper Ability.,edit,46,False
menace,Menace,,PTU 1.05 Editation,"[""+Defense""]",Prerequisites: Roughneck,At-Will - Swift Action,"Until their next turn, the target has their Initiative lowered to 0. For one full round, attacks against them cause them to lose a Tick of Hit Points and become Vulnerable for one full round on 16+. Menace may only affect each foe once per Scene.",edit,28,False
mental-resistance,Mental Resistance,,PTU 1.05 Editation,"[""+Special Defense""]",Prerequisites: Witch Hunter,Static,"You gain 10 Damage Reduction against Special Psychic, Ghost, and Dark-Type damage; and a +3 bonus on checks made to cure Volatile Status Conditions.",edit,11,False
metamagic,Metamagic,,PTU 1.05 Editation,"[""+Special Attack""]","Prerequisites: Arcanist, Adept Occult Education",1 AP - Swift Action,You may apply a Rank 1 Power Manipulation to your attack.,edit,49,False
mettle,Mettle,,PTU 1.05 Editation,"[""+Defense""]",Prerequisites: Roughneck,Scene x2 - Free Action,Resolve Damage as if the triggering attack was resisted one step further. The triggering foe then loses 2 Combat Stages in the Attack Stat used by the triggering Attack.,edit,28,False
mindbreak,Mindbreak,,PTU 1.05 Editation,[],"Prerequisites: Psionic Sponge, Type-Linked Skill at Adept",2 AP - Swift Action,"The triggering Move gains a bonus to Accuracy and Effect Range equal to the number of Status Moves known by the triggering Pokémon. If the triggering Pokémon is Psychic-Type, the attack also gains a +3 bonus to damage for each Status Affliction, Other Affliction, and Negative Combat Stage the target has, to a maximum of 3 times your Type-Linked Skill Rank.",edit,26,False
mixed-power,Mixed Power,,PTU 1.05 Editation,"[""+Attack or Special Attack"", ""Hobbyist""]","Prerequisites: Level 5, at least 10 Attack and Special Attack",Static,You gain the Twisted Power Ability.,edit,60,False
mobilize,Mobilize,,PTU 1.05 Editation,"[""Orders""]",Prerequisites: Commander,At-Will - Free Action,Use of Mobilize must be declared at the beginning of the Round. The targets cannot provoke Attacks of Opportunity this Round. Mobilize may target the same Ally only once per encounter.,edit,33,False
moment-of-action,Moment of Action,,PTU 1.05 Editation,"[""Orders""]",Prerequisites: Cheerleader,At-Will - Standard Action,Each target gains 1 Temporary Action Point. These Action Points disappear after one full Round.,edit,7,False
mountain-of-faith,Mountain Of Faith,,PTU 1.05 Editation,"[""+HP""]","Prerequisites: Sage, Expert Occult Education",Static,Choose Wishmaster or Soothing Tone. You gain the Chosen Ability and learn its Connected Move.,edit,39,False
mystic-defense,Mystic Defense,,PTU 1.05 Editation,"[""+HP""]",Prerequisites: Sage,Static,You learn the Moves Light Screen and Safeguard.,edit,39,False
natural-fighter,Natural Fighter,,PTU 1.05 Editation,"[""+HP""]",Prerequisites: Survivalist,1 AP - Special,"You and your Pokémon become adept at using the environment to your advantage in battle. You or your Pokémon may activate Natural Fighter as a Standard Action to use one of the Moves below corresponding to the current terrain. Whenever you or your Pokémon use a damaging Move this way, it may be either Physical or Special, adding the appropriate Attack stat. You and your Pokémon must still follow all Frequency limitations for the Move.",edit,29,False
natural-selection,Natural Selection,,PTU 1.05 Editation,"[""+HP""]",Prerequisites: Expert Survival; Traveler or Survival Drive,Static,"You learn the Moves Secret Power and Nature Power. When you take this Feature, choose Physical or Special. Whenever you use these moves, they are treated as the chosen Damage Class, adding the appropriate Attack Stat.",edit,60,False
ninja,Ninja,,PTU 1.05 Editation,"[""Class"", ""+Speed"", ""Gift""]",Prerequisites: Novice Stealth,Ninja Static,You learn the Moves Double Team and Poison Powder.,edit,40,False
ninjas-arsenal,Ninja's Arsenal,,PTU 1.05 Editation,[],Prerequisites: Ninja,At-Will - Extended Action,"You may craft an Antidote, Smoke Ball, Caltrops, or Toxic Caltrops for $100. You are treated as if you know the Moves Smokescreen, Spikes, and Toxic Spikes for any Features or Prerequisites.",edit,40,False
not-yet,Not Yet!,,PTU 1.05 Editation,"[""+HP""]","Prerequisites: Enduring Soul, Expert Athletics or Focus",Scene - Free Action,"Before fainting, Your Pokémon gains an Injury, and may then take their turn as an Interrupt. When the Move is resolved, the Pokémon immediately faints if it would still be Fainted. This cannot be used with the Moves Explosion, Pain Split, or Self-Destruct.",edit,9,False
nuanced-performance,Nuanced Performance,,PTU 1.05 Editation,"[""+Any""]","Prerequisites: Coordinator, one Coordinator Skill at Adept",1 AP - Free Action,"That Move's Frequency is not expended. This does not work with Moves that may fail to activate, such as moves with the Execute keyword. Note: You may activate Nuanced Performance even if your Pokemon's Move missed due to a Move with the Shield Keyword or an effect such as Dodge or Parry.",edit,19,False
observation-party,Observation Party,,PTU 1.05 Editation,[],"Prerequisites: Travel Archive, Adept Perception",Static,"While they are in a Location in your Travel Archive, your Pokémon gain the Keen Eye Ability and gain a +2 bonus to Perception Checks to notice the environment.",edit,15,False
occultism,Occultism,,PTU 1.05 Editation,"[""+Special Defense"", ""Gift""]",Prerequisites: Novice Occult Education,Witch Hunter Static,"You gain the Psionic Sight Feature, even if you do not meet the prerequisites. Additionally, you gain the Mindlock Capability, and you and your Pokémon's attacks gain a +2 bonus to Accuracy against Psychic-, Ghost-, and Dark-Types.",edit,10,False
opportunist,Opportunist,,PTU 1.05 Editation,"[""Hobbyist""]",Prerequisites: Adept Perception or Stealth,,You gain a +2 bonus to Accuracy Checks when making Attacks of Opportunity.,edit,59,False
oracle,Oracle,,PTU 1.05 Editation,"[""Class"", ""+Special Defense""]","Prerequisites: Mystic Senses, Novice Perception",Oracle Static,You gain the Forewarn Ability.,edit,41,False
overrun,Overrun,,PTU 1.05 Editation,"[""+Speed""]","Prerequisites: Conqueror's March, Expert Acrobatics or Athletics",Scene x2 - Free Action,Your Pokémon adds their Speed Stat in addition to their normal attacking Stat to their Damage Roll. The target gains Damage Reduction against this attack equal to their own Speed Stat.,edit,22,False
overwatch,Overwatch,,PTU 1.05 Editation,"[""+Attack"", ""Weapon""]","Prerequisites: Marksman, Adept Perception or Combat",At-Will - Standard Action,"Create a Line X, and place a Blast 3 with at least three meters overlapping the Line's area. X is equal to your Weapon's Range. For one full round, if a foe moves in or out of that area, you may make a Ranged Weapon Attack, Frequency allowing, against that foe as a Free Action. You may not attack a specific foe more than once per round this way. While this is in effect, if you Move from your current location, Overwatch's effect is lost.",edit,46,False
ow-the-edge,Ow The Edge,,PTU 1.05 Editation,"[""Hobbyist"", ""+Any""]",Prerequisites: None,Static,You gain two Edges for which you qualify.,edit,60,False
paleontology,Paleontology,,PTU 1.05 Editation,[],"Prerequisites: Paleontologist, Novice Pokémon Education",Fossil Restoration At-Will - Extended Action,"The resulting Pokémon is born with 2 fewer Tutor Points, and gains its second Basic Ability. If it has only has one Basic Ability, it gains one of its Advanced Abilities, chosen by the GM. This Feature does not affect how the Pokémon continues to gain Abilities.",edit,12,False
parfumier,Parfumier,,PTU 1.05 Editation,"[""+Any""]","Prerequisites: Fashionista, one Fashionista Skill at Expert",Static,"Whenever you create an Incense Held Item, choose Sweet Scent or Aromatic Mist. While holding that Incense Item in an active Held Item slot, the user adds the chosen Move to their Move List.",edit,17,False
peerless-elegance,Peerless Elegance,,PTU 1.05 Editation,"[""+Any"", ""Gift""]","Prerequisites: Decisive Director, one Coordinator Skill at Expert",Static,"You gain the Trickster Orders Feature and the Leader Edge, even if you do not meet the prerequisites.",edit,20,False
phantom-menace,Phantom Menace,,PTU 1.05 Editation,"[""+Attack"", ""Weapon""]","Prerequisites: Shadow Arms, Expert Intimidate or Occult Education",Static,You gain the Moves Shadow Claw and Phantom Force. You may use these Moves as Weapon Attacks when wielding Melee Weapons.,edit,53,False
poison-weapons,Poison Weapons,,PTU 1.05 Editation,"[""+Speed"", ""Weapon""]","Prerequisites: Ninja, Adept Stealth",Static,You learn the Moves Cross Poison and Poison Fang. You may use these Moves as Weapon Attacks when wielding Melee or Short Range Weapons.,edit,40,False
pokemon-caretaking,Pokémon Caretaking,,PTU 1.05 Editation,[],Prerequisites: Novice Pokémon Education,Pusher Static,"Your Pokémon gain the Basic Ranged Attacks, Aura Pulse, Enticing Bait, Extended Invisibility, Far Reading, Precise Treadings, Seismometer, TK Mastery, and Trail Sniffer Poke Edges automatically if they qualify for them, without having to invest any Tutor Points.",edit,13,False
practical-fashion,Practical Fashion,,PTU 1.05 Editation,[],Prerequisites: Dashing Makeover,,"You can create Go-Goggles, Safety Goggles, or Winter Cloaks for $750.",edit,18,False
prescience,Prescience,,PTU 1.05 Editation,"[""+Special Defense""]","Prerequisites: Unveiled Sight, Master Perception",Scene - Free Action,The attack instead misses.,edit,42,False
primordial-power,Primordial Power,,PTU 1.05 Editation,[],"Prerequisites: Ancient Heritage, Expert Pokémon Education",At-Will - Extended Action,The target loses 2 Tutor Points and gains your choice of the Solid Rock or Mountain Peak Ability. You may only target a Pokemon once with Primordial Power.,edit,12,False
psionic-analysis,Psionic Analysis,,PTU 1.05 Editation,"[""+Special Defense"", ""Gift""]","Prerequisites: Witch Hunter, Master Occult Education",Scene - Extended Action,You are able to analyze Psychic Residue and can determine the following information about the Trainer or Pokémon that left the residue:,edit,10,False
psychic-resonance,Psychic Resonance,,PTU 1.05 Editation,[],"Prerequisites: Psionic Sponge, Type-Linked Skill at",Expert Scene x2 - Free Action,"Your Pokémon may use the Move Encore against the triggering foe, as if it was on their Move List.",edit,26,False
ramming-speed,Ramming Speed,,PTU 1.05 Editation,"[""+Speed""]",Prerequisites: Rider,At-Will - Extended Action,"The target loses 2 Tutor Points and gains the Rock Head Ability. For your Pokémon, Rock Head applies to any Move with a Range of Pass, or the Dash keyword, in addition to Physical attacks.",edit,21,False
re-balancing,Re-Balancing,,PTU 1.05 Editation,[],"Prerequisites: Pusher, Master Pokémon Education",Daily x2 - Extended Action,"The target gains one of the following: +1 to all Base Stats, +2 to two different Base Stats, or +3 to a single Base Stat. The target then redistributes their Stat Points. A Pokémon may be targeted by Re-Balancing only once.",edit,14,False
recoup-energy,Recoup Energy,,PTU 1.05 Editation,"[""+Special Attack""]","Prerequisites: Arcanist, Expert Occult Education",Scene x2 - Free Action,"You do not expend the Frequency of the triggering Move. If you applied a Power Manipulation to the triggering Move, you are refunded the AP for the Manipulation or do not expend the Frequency for it.",edit,50,False
reliable-performance,Reliable Performance,,PTU 1.05 Editation,"[""+Any""]","Prerequisites: Nuanced Performance, one Coordinator Skill at Expert",Scene x2 - Swift Action Interrupt,"For appeal rolls, instead of making the Appeal Roll, you gain 1 Appeal Point for each Die you would have rolled. For Accuracy Checks, act as if you had rolled an 11. For Skill Checks, multiply 3.5 by the Skill Rank in question, and use the resulting number as the result of the roll, rounded down. For all rolls, add or subtract any modifiers as normal.",edit,20,False
resilience,Resilience,,PTU 1.05 Editation,"[""+HP""]","Prerequisites: Awareness, Expert Athletics or Focus",Scene x2 - Free Action,"Your Pokémon does not gain a Status Affliction, and the triggering attack does damage as if it was not a Critical Hit. Resilience may only be triggered once per Pokémon per Scene.",edit,9,False
rewrite,Rewrite,,PTU 1.05 Editation,"[""+Attack or Special Attack""]",Prerequisites: Rune Master,Daily - Extended Action,"Reroll the Type for an instance of Hidden Power that the target knows. If you target an Unown, you may transform it into a different letter.",edit,47,False
ride-as-one,Ride as One,,PTU 1.05 Editation,"[""+Speed""]",Prerequisites: Rider,Static,"While you are Mounted, you and your Mount each use the highest of each other's Speed Evasion. If both you and your Mount have the same Speed Evasion, you instead each receive a +1 bonus to Speed Evasion and Movement Capabilities. Whenever one of you receives Initiative, either of you may take your turn. When the next person would receive initiative, the person that did not take their turn then takes it.",edit,22,False
rider,Rider,,PTU 1.05 Editation,"[""Class"", ""+Speed""]","Prerequisites: Mounted Prowess, Agility Training, Novice Acrobatics or Athletics",Rider Static,"While you are Mounted on a Pokemon under the effects of Agility Training, the bonuses from Agility Training are doubled.",edit,21,False
rock-power,Rock Power,,PTU 1.05 Editation,"[""Ranked 2"", ""+Defense""]",Rank 1 Prerequisites: Adept Combat or Survival | Rank 2 Prerequisites: Expert Combat or Survival,Static,"Each Rank, choose one of Cave Crasher, Sturdy, Rock Head, or Sand Veil. You gain the chosen Ability. If you choose Sand Veil, you may consider sand a ""solid surface"" for the purposes of Stone Stance.",edit,45,False
roughneck,Roughneck,,PTU 1.05 Editation,"[""Class"", ""+Defense""]",Prerequisites: Intimidating Presence,Roughneck 1 AP - Free Action,One target of the attack loses a Combat Stage in the Stat of your choice. Roughneck may only be used once per Round.,edit,28,False
round-trip,Round Trip,,PTU 1.05 Editation,"[""+Speed""]","Prerequisites: Juggler, Adept Acrobatics or Guile",1 AP - Free Action,You may immediately switch your Pokémon that just performed a Move for another of your Pokémon. This effect lets Pokémon with the Trapped condition switch out.,edit,23,False
rule-of-cool,Rule of Cool,,PTU 1.05 Editation,[],Prerequisites: Cool Conduct Rank 1,At-Will - Free Action,,edit,36,True
rune-master,Rune Master,,PTU 1.05 Editation,"[""Class"", ""+Attack or Special Attack""]",Prerequisites: Basic Runes,Rune Master Static,"You learn the Move Hidden Power. You gain an additional instance of Hidden Power when you have 3 Rune Master Features, and another when you have 5, to a total of 3 instances. Whenever you use Hidden Power, it may be either Physical or Special, adding the appropriate Attack Stat.",edit,47,False
sacred-shield,Sacred Shield,,PTU 1.05 Editation,"[""+HP""]",Prerequisites: Sage,Static,You learn the Moves Reflect and Lucky Chant.,edit,38,False
sage,Sage,,PTU 1.05 Editation,"[""Class"", ""+HP""]",Prerequisites: Novice Occult Education,Sage X AP - Standard Action,"The target gains Damage Reduction equal to your Occult Education Rank doubled or their Tick Value, whichever is higher, for one full round. If used as a Standard Action on your turn to target one Ally, Sage costs 0 AP. However, you may pay 1 AP to use Sage as an Interrupt, or you may pay 1 AP to use Sage on two different Allies. You may spend 2 AP for both of these effects. Note: Multiple uses of Sage from different Trainers do not stack on the same target.",edit,38,False
sages-benediction,Sage's Benediction,,PTU 1.05 Editation,"[""+HP""]","Prerequisites: Sacred Shield or Mystic Defense, Adept Occult Education",1 AP - Free Action,"The triggering ally gains an additional benefit as follows, depending on the Move used. The benefit takes effect before the Blessing and the attack that triggered it are resolved.",edit,39,False
saw-that-coming,Saw That Coming,,PTU 1.05 Editation,[],Prerequisites: Expert Perception,,You gain +1 Evasion against ranged attacks originating at least 5 meters from you.,edit,58,False
scheme-twist,Scheme Twist,,PTU 1.05 Editation,[],"Prerequisites: Mobilize, Adept Command",Static,"You gain the Rally Ability. When you give [Orders], you may pay 1 AP to activate Rally, ignoring Frequency, targeting only the targets of the [Orders]. A target may only be affected by Rally in this way once per Scene.",edit,33,False
scrap-efficiency,Scrap Efficiency,,PTU 1.05 Editation,[],Prerequisites: Adept Technology Education,,"When converting an item into Scrap, you gain Scrap equal to 75% of the item's cost, instead of 50%.",edit,59,False
shade-caller,Shade Caller,,PTU 1.05 Editation,"[""Class"", ""+Attack or Special Attack""]","Prerequisites: Elemental Connection (Dark), Novice Guile, Novice Stealth",Shade Caller Static,You learn the Moves Faint Attack and Snarl.,edit,51,False
shadow-form,Shadow Form,,PTU 1.05 Editation,"[""+Attack""]","Prerequisites: Silent Assassin, Expert Intimidate or Occult Education",Bind 2 AP - Swift Action,"While this Feature is Bound, your appearance becomes wan and obviously otherworldly. Your natural Weaknesses, Resistances, and Immunities change to match that of the Ghost Type. Additionally, while in Shadow Form, you are immune to the Cursed Status (if you were previously Cursed, you are instantly cured upon going into Shadow Form) and gain the Phasing Capability. You may unbind this Feature as a Swift Action, returning to your normal appearance.",edit,53,False
shards-of-stone,Shards of Stone,,PTU 1.05 Editation,"[""+Defense""]",Prerequisites: Expert Combat or Survival,Static,You learn the Moves Rock Slide and Stealth Rock.,edit,45,False
sharpen-shadows,Sharpen Shadows,,PTU 1.05 Editation,"[""+Attack or Special Attack""]","Prerequisites: Shade Caller, Expert Guile or Stealth",Static,You learn the Moves Dark Pulse and Night Slash.,edit,52,False
silent-assassin,Silent Assassin,,PTU 1.05 Editation,"[""+Attack"", ""Weapon""]","Prerequisites: Apparition, Adept Intimidate or Occult Education",Bind 2 AP - Standard Action,"While this Feature is Bound, your Struggle Attacks and Weapon Attacks Flinch targets on 18+, and may deal Ghost-Type Damage if you wish.",edit,53,False
skill-trainer,Skill Trainer,,PTU 1.05 Editation,[],Prerequisites: Pusher,At-Will - Free Action,"For each of your Pokémon that has been Trained during this time, choose a Skill; that Skill becomes Pushed until an Extended Rest is taken. Pokémon roll +1d6 with Pushed Skills, unless that would cause the Pokémon to roll more than 6d6; if so, that Pokémon rolls with a +3 Bonus instead. A Pokémon may have only one Pushed Skill at a time.",edit,14,False
smart-expert,Smart Expert,,PTU 1.05 Editation,"[""Ranked 2""]","Rank 1 Prerequisites: Style Expert, Smart as Chosen Stat, Novice Guile | Rank 2 Prerequisites: Expert Guile",Smart Scheme 1 AP - Special,"Your Pokémon with at least 3d6 in their Smart Stat from Poffins may activate Smart Scheme as a Standard Action to perform one of the following Moves. They must still follow frequency limits as usual for these Moves. Rank 1: Fake Tears, Calm Mind Rank 2: Taunt, Flatter",edit,37,False
smashing-punishment,Smashing Punishment,,PTU 1.05 Editation,[],"Prerequisites: Close Quarters Mastery, Type-Linked Skill at Master",Daily x3 - Free Action,"The Attack of Opportunity automatically hits, may deal Fighting-Type Damage if you wish, and is a Critical Hit.",edit,25,False
soul-investment,Soul Investment,,PTU 1.05 Editation,"[""+Special Attack"", ""Weapon""]","Prerequisites: Arcanist, Master Occult Education",Bind 2 AP - Extended Action,"Choose one Adept and one Master Arcane Weapon Move. Your Soul Bonded Weapon adds those Moves to your Move List as long as this Feature is Bound. You may only Bind one instance of this Feature at a time, and you may not have multiple instances of the same Move in your Move List.",edit,50,False
speed-demon,Speed Demon,,PTU 1.05 Editation,"[""+Speed""]","Prerequisites: Up to Speed, Expert Acrobatics or Athletics; 20 Speed",Scene - Swift Action,"You gain 3 Speed Tokens. If not spent, these tokens disappear at the end of the Scene. You can spend a Speed Token as a Free Action whenever:",edit,60,False
staying-power,Staying Power,,PTU 1.05 Editation,"[""+HP""]",Prerequisites: Enduring Soul,Scene - Free Action,"Your Pokémon may ""Take a Breather"" even if they are Confused or Enraged, and they do not Trip or have to Shift away from enemies as part of the action. You may choose whether or not your Pokémon resets their Combat Stages to default.",edit,8,False
stone-cold-finish,Stone Cold Finish,,PTU 1.05 Editation,"[""+Defense""]","Prerequisites: Shards of Stone, Master Combat or Survival",Static,You learn the Moves Stone Edge and Head Smash.,edit,45,False
stone-stance,Stone Stance,,PTU 1.05 Editation,"[""+Defense""]",Prerequisites: Stone Warrior,Bind 2 AP - Standard Action,"You adopt one of the stances below, gaining the effects of the stance while this Feature remains bound. You may switch your active Stance as a Standard Action without rebinding your AP. The benefits from this Feature do not apply if you are not standing on a solid surface, such as deep mud or snow, or if you are outright swimming or even ﬂying.",edit,45,False
stone-warrior,Stone Warrior,,PTU 1.05 Editation,"[""Class"", ""+Defense""]","Prerequisites: Elemental Connection (Rock), Novice Combat, Novice Survival",Stone Warrior Static,"Choose two of Accelerock, Rock Tomb, and Wide Guard. You gain the chosen Moves.",edit,45,False
style-expert,Style Expert,,PTU 1.05 Editation,"[""Class"", ""Branch""]","Prerequisites: 3 Pokémon with 3d6 in a specific certain Contest Stat from Poffins | Prerequisites: Fashionista or Coordinator, 1 Pokémon with 3d6 in a specific certain Contest Stat",Style Expert from Poffins Static,"Your Pokémon gain +2d6 to your chosen Contest Stat. These dice are counted as if coming from Poffins. Your Pokémon gain a +5 bonus to damage with attacks that match your chosen Contest Stat. When your Pokémon uses a non-damaging attack that matches your chosen Contest Stat, it gains a +1 bonus to its Evasion for one full round.",edit,34,False
style-flourish,Style Flourish,,PTU 1.05 Editation,"[""Branch""]",Prerequisites: 3 Style Expert Features,1 AP - Free Action,,edit,34,True
style-is-eternal,Style is Eternal,,PTU 1.05 Editation,"[""+Any""]",Prerequisites: Fashionista,Scene - Free Action,The Held Item is instead retained.,edit,16,False
survivalist,Survivalist,,PTU 1.05 Editation,"[""Class"", ""+HP""]",Prerequisites: Novice Survival,Survivalist One Time Use - Extended Action,"Choose a Terrain in which you have spent at least three nights. You gain Naturewalk for that terrain and a +2 bonus to Athletics, Acrobatics, Stealth, Perception, and Survival Checks in that terrain. When you have 2 Survivalist Features, you may choose a second Terrain. When you have 4 Survivalist Features, you may choose a third terrain. When you have 6 Survivalist Features, you may choose a fourth terrain. The terrains are: Grassland, Forest, Wetlands, Ocean, Tundra, Mountain, Cave, Urban, and Desert.",edit,29,False
tag-in,Tag In,,PTU 1.05 Editation,"[""+Speed""]","Prerequisites: Round Trip, Expert Acrobatics or Guile",1 AP - Free Action,The next Pokémon you send out is treated as if the recalled Pokémon had used Baton Pass on it.,edit,23,False
targeted-profiling,Targeted Profiling,,PTU 1.05 Editation,"[""Orders""]","Prerequisites: Profile Archive, Expert Perception",1 AP - Standard Action,"On the target's next turn, it acts as if it had the Mold Breaker Ability against all Pokémon and Trainers in your Profile Archive and gains a +1 bonus to Accuracy Rolls, Critical Hit Range, and Effect Range against these targets.",edit,15,False
tectonic-shift,Tectonic Shift,,PTU 1.05 Editation,"[""+Defense""]","Prerequisites: Ground Out, Master Focus or Intuition",Static,"Pick two of Earthquake, Shore Up, Earth Power, or Sand Tomb. You learn the chosen Moves.",edit,43,False
this-ones-special-i-know-it,"This One's Special, I Know It",,PTU 1.05 Editation,[],Prerequisites: Pusher,Special - Free Action,Choose two of the traits from the list below. The Pokémon is born with these special qualities. This Feature may be activated one time per Pokémon Education Rank above Untrained. Traits:,edit,13,False
this-will-not-stand,This Will Not Stand,,PTU 1.05 Editation,[],"Prerequisites: Tyrant's Roar, Type-Linked Skill at Master",Scene x2 - Free Action,"Your Pokémon may immediately Shift up to your Type-Linked Skill Rank in meters and may then make a Dragon-Typed attack against the triggering foe as an Interrupt. If this attack Faints the triggering foe, your Pokémon may heal one Injury and gain two Ticks of Temporary Hit Points. This Will Not Stand may be used once per Pokemon per Scene.",edit,10,False
through-the-pain,Through The Pain,,PTU 1.05 Editation,"[""Hobbyist""]",Prerequisites: Adept Focus,,You gain a +3 bonus to Focus checks made for Precision Skill Checks and to resist pain.,edit,59,False
tip-the-scales,Tip The Scales,,PTU 1.05 Editation,[],"Prerequisites: Commander, Master Command",Scene x2 - Swift Action,"All targets of the [Orders] gain +1 Combat Stage in their choice of Attack, Special Attack, or Speed, and +1 Combat Stage in Defense or Special Defense. Different targets may choose different stats.",edit,34,False
too-spooky,Too Spooky,,PTU 1.05 Editation,"[""+Attack""]",Prerequisites: Apparition,Static,"Choose Pressure, Omen, or Frighten. You gain the chosen Ability.",edit,53,False
tough-as-nails,Tough as Nails,,PTU 1.05 Editation,"[""+Defense""]","Prerequisites: 3 Roughneck Features, Master Intimidate",Static,You learn the Moves Endure and Slack Off.,edit,29,False
trapper,Trapper,,PTU 1.05 Editation,"[""+HP""]","Prerequisites: Survivalist, Adept Survival",Daily x2 - Extended Action,"You create a consumable item that creates 8 meters of Hazard within 6 meters. All 8 meters must be adjacent with at least one other space of the Hazard. These Hazards cause foes that run into them to become Slowed until the end of their next turn and have an additional effect based on the terrain in which the item was made. When foes run into these Hazards, they are destroyed after their effects resolve. You may create and hold a number of these items equal to half your Survival Rank. If you create any more, one of the older items loses all effect.",edit,30,False
twisted-soul,Twisted Soul,,PTU 1.05 Editation,"[""+Attack or Special Attack""]",Prerequisites: Shade Caller,Static,You gain the Conqueror Ability.,edit,51,False
two-second-preview,Two-Second Preview,,PTU 1.05 Editation,"[""+Special Defense"", ""Gift""]","Rank 1 Prerequisites: 2 Oracle Features, Adept Perception | Rank 2 Prerequisites: Prescience",Static,"Each Rank, you gain one of Dive or All-Seeing Eyes, and one of Hawkeye or Saw That Coming, even if you do not meet the prerequisites.",edit,42,False
unconquerable,Unconquerable,,PTU 1.05 Editation,[],"Prerequisites: Tyrant's Roar, Type-Linked Skill at Expert",Daily x3 - Free Action,Your Pokémon is cured of up to three Status Afflictions. Your Pokemon may activate Unconquerable as a Standard Action on their turn without using an attack. Unconquerable may be used once per Scene per Pokemon.,edit,10,False
unlocked-potential,Unlocked Potential,,PTU 1.05 Editation,"[""+Attack or Special Attack""]","Prerequisites: Words of Power, Expert Occult Education",Scene x2 - Swift Action,"For this use, Hidden Power gains a bonus to damage equal to your Occult Education Rank, and its Range(including any Area of Effect Ranges) is increased by +1. If you used it as a 1 Target 6m Move, it becomes a Ranged Blast 2. If this Feature is used in combination with Ley",edit,48,False
unveiled-sight,Unveiled Sight,,PTU 1.05 Editation,"[""+Special Defense""]",Prerequisites: Oracle,Static,"You gain the Darkvision capability, and you may see through Invisibility and Illusions. You are Immune to and ignore the effects of foes' Moves with the Illusion keyword, and these Moves may not be activated against you. You may target characters removed from the field due to Ghost Step, Phasing, or any Ghost-Type Move as if they were in the square from which they disappeared, and you ignore the effects of the Blender and Stealth Capabilities. Additionally, when you spend AP to increase an Accuracy roll, you gain a +2 bonus instead of +1(this bonus stacks with Instinctive Aptitude).",edit,41,False
up-to-speed,Up To Speed,,PTU 1.05 Editation,[],Prerequisites: 15 Speed,,Increase your Overland Capability by one third of your Speed Evasion(max 2).,edit,59,False
utility-drop,Utility Drop,,PTU 1.05 Editation,"[""+Speed""]","Prerequisites: Ninja's Arsenal, Expert Stealth",At-Will - Swift Action,"You may use a Smoke Ball, Caltrops, or Toxic Caltrops as a Free Action during your Shift. Instead of the Move's usual area of effect, you leave one square of Smokescreen, Spikes, or Toxic Spikes on each square you leave as you Shift. Once you have placed 8 meters of Smoke, Spikes, or Toxic Spikes, you may not place any more.",edit,40,False
versatile-wardrobe,Versatile Wardrobe,,PTU 1.05 Editation,"[""+Any""]","Prerequisites: Fashionista, two Fashionista Skills at Adept",At-Will - Extended Action,"The target loses 2 Tutor Points and then becomes Chic. Chic Pokémon gain two extra Slots with which they can carry Accessories or Off-Hand items. However, the items in these slots have no effect and are not treated as equipped. As a Swift Action on their turn, Chic Pokémon may swap a currently active Accessory or Off-Hand item with an item stored in these slots. Chic Pokémon may not carry multiple items of the same type or with repeated effects. Note: A Chic Pokémon does not become Suppressed until they switch a Choice Item into their active Held Item slot, but even if they then switch the Choice Item out, they remain Suppressed for the remainder of combat.",edit,17,False
vim-and-vigor,Vim and Vigor,,PTU 1.05 Editation,[],"Prerequisites: Shrug Off, Master Athletics or Focus",At-Will - Extended Action,"The target loses 2 Tutor Points, and gains the Vigor Ability.",edit,9,False
walk-it-off,Walk It Off,,PTU 1.05 Editation,"[""+HP""]","Prerequisites: Adept Athletics, Novice Focus",Daily - Standard Action,"You may remove one Injury from yourself, and regain 1/4th of your maximum Hit Points. This Injury removal doesn't count against the natural healing limit on Injuries each day. Use of Walk It Off counts as Taking A Breather for any Features, Abilities, and Moves(but not Status Afflictions or other conditions).",edit,60,False
wall-of-earth,Wall Of Earth,,PTU 1.05 Editation,"[""+Defense""]",Prerequisites: Earth Shaker,X AP - Special,"You create up to 4 meters of wall within 8 Meters. All 4 meters must be adjacent with at least one other space of the wall. You may have up to 8 Meters of wall active at any time. You may use this Feature on your own turn as a Standard Action for no AP cost, or, once per Scene, you may activate this Feature as a Standard Action Interrupt for 2 AP. You may only use this Feature in areas with sufficient sources of soil or mud nearby.",edit,43,False
wilderness-guide,Wilderness Guide,,PTU 1.05 Editation,"[""+HP"", ""Orders""]","Prerequisites: Survivalist, Expert Survival",Scene x2 - Shift Action,Wilderness Guide's effect depends on your current terrain.,edit,30,False
words-of-power,Words of Power,,PTU 1.05 Editation,"[""+Attack or Special Attack""]","Prerequisites: Rune Master, Adept Occult Education",At-Will - Free Action,"Instead of a Burst, you may choose to have Hidden Power be a 1 Target Melee, 1 Target 6m, Line 3, or Cone 2.",edit,48,False
world-of-darkness,World of Darkness,,PTU 1.05 Editation,"[""+Attack or Special Attack""]","Prerequisites: Shade Caller, Adept Guile or Stealth",2 AP - Standard Action,"You create a zone of Shifting Darkness in a Burst 2 around you, which persists until the end of the encounter. All targets without Darkvision attacking from or into the Shifting Darkness receive a -3 penalty to Accuracy. You may count Shifting Darkness as complete darkness for the purposes of activating your Living Shadow. As a Static eﬀect, you also gain the Darkvision Capability.",edit,52,False
you-can-do-better,You Can Do Better,,PTU 1.05 Editation,"[""Hobbyist""]",Prerequisites: Adept Command,,"When an ally within 3 meters of you makes a contested Skill Check, they may add half of your Rank in that Skill to their check.",edit,59,False
you-deserve-a-rest,You Deserve A Rest,,PTU 1.05 Editation,"[""+Speed""]",Prerequisites: Juggler,Scene x2 - Free Action,,edit,23,True
canine,Canine,,Homebrew Especial Classes,"[""+Attack""]","Prerequisite:Police officer, Master Intuition",Extended Action,"Your pokemon may learn the move ""Odor sleuth"". If you pay 1 tutor point, this move no longer takes up a Move Slot.",especial,4,False
capitan,Capitan,,Homebrew Especial Classes,"[""+Attack"", ""Weapon(Physical)""]",Prerequisite:4 police officer features,Static,"When you use physical weapons, you mastered your abilities with them to the edge.",especial,4,False
energetic,Energetic,,Homebrew Especial Classes,"[""+Speed""]","Rank 1 Prerequisite:Hacker, Porygon`s Gift | Rank 2 Prerequisite:Expert Technology","Education, Energetic Rank 1","You receive the moves ""Eerie Impulse"" and ""Lock on"" in Rank 1 of this feature.",especial,2,False
fast-texting,Fast Texting,,Homebrew Especial Classes,"[""+Speed""]",Prerequisite:Hacker,Custo:1 AP,you can make the test of hacking faster. You finish the test in a full round instead of the extended action.,especial,2,False
hacker,Hacker,,Homebrew Especial Classes,"[""Class"", ""+Speed"", ""Gift""]",Prerequisites: Adept Technology Education,Extended Action,"Whenever the hacker is rolling a technology check and this test applies the skill stunt (hacker), it may roll twice and take the best result on both tests. Receive theskill stunt (hacker).",especial,2,False
kevlar,Kevlar,,Homebrew Especial Classes,"[""+Attack"", ""Weapon""]",Prerequisite:Police officer,Extended Action,Your pokemon loses 2 tutor points and gains the ability Bulletproof.,especial,4,False
light-shot-style,Light Shot Style,,Homebrew Especial Classes,"[""+Attack"", ""Weapon(Physical)""]","Prerequisite:Police officer, adept combat",Static,"When you use a light weapon to make a struggle attack, the damaging attack receives 1d6+8 of damage.",especial,4,False
master-hacker,Master Hacker,,Homebrew Especial Classes,"[""+Speed""]","Prerequisite:Fast Texting, Master Technology",Bind - 2 Ap,"You can enter the Digital world without equipment. While the Action points are binded, you can transfer your consciousness to the digital world.",especial,2,False
police-officer,Police officer,,Homebrew Especial Classes,"[""Class"", ""+Attack"", ""Weapon""]","Prerequisites: Novice Combat, Novice Intuition",,"When using a weapon to make a physical attack, adds your combat level to the damage and While with a shield, can change your shield DR for your intuition.",especial,4,False
porygon-s-gift,Porygon`s Gift,,Homebrew Especial Classes,"[""+Speed""]",Prerequisite:Hacker,Extended Action,"The target loses 2 tutor points and receives the ability ""Download"".",especial,2,False
riot-police,Riot Police,,Homebrew Especial Classes,"[""+Attack"", ""Shield""]","Prerequisite:Police officer, adept intuition",1 AP,You receive 2 times your intuition in temporary hit points every time you pay 1AP.,especial,4,False
smith,Smith,,Homebrew Especial Classes,"[""Ranked 2"", ""+Attack or SpAttack""]",Rank 1 Prerequisites: Adept Focus and Adept Athletics or Adept Occult education | Rank 2 Prerequisites: Master Focus and Master Athletics or Master Occult education,,,especial,7,True
stalker,Stalker,,Homebrew Especial Classes,"[""+Speed""]",Prerequisite:Hacker,,"Whenever you do a technology education with the skill stunt (hacker), you don`t need to make another test to hide your tracks. You apply the same test you used to hack to the hiding track test.",especial,2,False
swat-style,Swat Style,,Homebrew Especial Classes,"[""+Attack"", ""Weapon(Physical)""]","Prerequisite:Police officer, adept combat",Static,"When you use a heavy weapon to make a struggle attack, adds +1 DB damage.",especial,4,False
arcane-training,Arcane Training,,Game of Throhs Trainer Options,"[""+Special Attack"", ""Weapon""]","Prerequisites: Novice Occult Education, Elemental | Rank 1 Prerequisites: Novice Focus, Novice Athletics | Rank 2 Prerequisites: Adept Focus, Adept Athletics",Connection or Mystic Senses Static,"You may use Arcane Weapons. Attacks made with your Arcane Weapons share the Type of your El- emental Connection. If you have Mystic Senses, these Attacks deal Normal Type Damage. Arcane Weapon users that qualified through Mystic Senses or Elemen- tal Connection (Normal) gain a +5 Bonus to Damage Rolls and a +2 Bonus to Effect Range when using Ar- cane Weapon Attacks. When wielding an Arcane Weap- on, you may resist Disarm Maneuvers with your Occult Education. Smith [Ranked 2] [+Attack]",got,47,False
type-sync,Type Sync,,Game of Throhs Trainer Options,[],Prerequisites: Elemental Connection; a Type-Linked,"Class*; Adept Medicine, Occult, or Tech Education. Special - Extended Action","The Target gains the Type of your Elemental Connection as an additional Type, or has one of their Types replaced by that Type. See the Type Changes sec- tion (page 436) for more information and suggestions. A Pokémon may be targeted by Type Sync only once. This Feature may be performed One Time for each Rank above Untrained you have of your highest of Medicine, Occult, or Tech Education, up to a maximum of 4 times at Master Rank.",got,47,False
weapon-of-choice,Weapon of Choice,,Game of Throhs Trainer Options,"[""Weapon""]",Prerequisites: A Feature with the [Weapon] tag,Static,"Choose a specific weapon type. You gain a +2 Bonus on Opposed Rolls to prevent being disarmed while wielding weapons of your chosen type. If you would be disarmed anyway, you may pay 1 AP to prevent yourself from being Disarmed",got,47,False
apparition,Apparition,Apparition,Game of Throhs Trainer Options,"[""Class"", ""+Attack"", ""Weapon""]","Prerequisites: Elemental Connection (Ghost), Novice Intimidate, Novice Occult Education",Static,"When wielding Melee Weapons, you may use Occult Education or Intimidate instead of Combat to determine the Damage Base of your Struggle Attacks, to resist Disarm Maneuvers, and to qualify for a Weapon's Moves. Your Weapon Attacks always treat you as having the Reach Capability, and foes may not activate Reaction effects against them that specify being hit by a Melee Attack.",got,77,False
haunted-wounds,Haunted Wounds,Apparition,Game of Throhs Trainer Options,"[""+Attack"", ""Weapon""]","Prerequisites: Shadow Arms, Master Intimidate or",Occult Education Scene x2 - Free Action,"After one full round, repeat the triggering attack against one target as a Free Action, regardless of range. If this attack hits, it deals damage as if it were resisted one step further. Haunted Wounds may only affect a target once per Scene.",got,77,False
phantom-menace,Phantom Menace,Apparition,Game of Throhs Trainer Options,"[""+Attack"", ""Weapon""]","Prerequisites: Shadow Arms, Expert Intimidate or",Occult Education Static,You gain the Moves Shadow Claw and Phantom Force. You may use these Moves as Weapon Attacks when wielding Melee Weapons.,got,77,False
shadow-arms,Shadow Arms,Apparition,Game of Throhs Trainer Options,"[""+Attack"", ""Weapon""]",Prerequisites: Apparition,Static,You learn the Moves Shadow Punch and Shad- ow Sneak. You may use these as Weapon Attacks when wielding Melee Weapons.,got,77,False
shadow-form,Shadow Form,Apparition,Game of Throhs Trainer Options,"[""+Attack""]","Prerequisites: Silent Assassin, Expert Intimidate or",Occult Education Bind 2 AP - Swift Action,"While this Feature is Bound, your appearance becomes wan and obviously otherworldly. Your natural Weaknesses, Resistances, and Immunities change to match that of the Ghost Type. Additionally, while in Shadow Form, you are immune to the Cursed Status (if you were previously Cursed, you are instantly cured upon going into Shadow Form) and gain the Phasing Capability. You may unbind this Feature as a Swift Action, returning to your normal appearance.",got,77,False
silent-assassin,Silent Assassin,Apparition,Game of Throhs Trainer Options,"[""+Attack"", ""Weapon""]","Prerequisites: Apparition, Adept Intimidate or Occult",Education Bind 2 AP - Standard Action,"While this Feature is Bound, your Struggle Attacks and Weapon Attacks deal Ghost-Type Damage, and you gain the Dead Silent Capability.",got,77,False
too-spooky,Too Spooky,Apparition,Game of Throhs Trainer Options,"[""+Attack""]",Prerequisites: Apparition,Static,Choose Pressure or Frighten. You gain the cho- sen Ability.,got,77,False
arcanist,Arcanist,Arcanist,Game of Throhs Trainer Options,"[""Class"", ""+Special Attack"", ""Weapon""]",Prerequisites: Arcane Training,At-Will - Extended Action,"You create a Soul Bond with the target Weapon. You may make a Soul Bond with only one weapon at a time. If you create a new Soul Bond, previously Soul Bound weapons lose the Bond. Soul Bound Weapons gain the following benefits: • Increase the Damage Base and Effect Range of Struggle Attacks and Arcane Weapon Moves made with your Soul Bonded Weapon by +1 for each Occult Education Rank you have above Novice, up to a maximum of +3 at Master Rank. • As a Shift Action, you may beckon your Soul Bonded Weapon to your hands if it is within 10 meters. If it is being held by someone else who does not want to let go of the weapon, make an Occult vs Athletics Op- posed Check. If you win, they their lose grip on your Weapon and it flies to your hand as normal.",got,54,False
metamagic,Metamagic,Arcanist,Game of Throhs Trainer Options,"[""+Special Attack""]","Prerequisites: Arcanist, Adept Occult Education | Prerequisites: Arcanist, Expert Occult Education | Rank 1 Prerequisites: Metamagic | Rank 2 Prerequisites: Authentic Thaumaturgy",1 AP - Swift Action,"You may apply a Rank 1 Power Manipulation to your attack. Authentic Thaumaturgy [+Special Attack] Scene x2 - Swift Action You may apply a Rank 2 Power Manipulation to your attack Signature Manipulations [Ranked 2] [+Special Attack] Static Each Rank, select a Power Manipulation of the same Signature Manipulation Rank you are taking or lower. • For Rank 1 Manipulations, this Manipulation may be used twice per Scene without spending AP to ac- tivate. • For Rank 2 Manipulations, this Manipulation may be used once per Scene without activating Authen- tic Thaumaturgy's Frequency.",got,54,False
recoup-energy,Recoup Energy,Arcanist,Game of Throhs Trainer Options,"[""+Special Attack""]","Prerequisites: Arcanist, Expert Occult Education | Prerequisites: Arcanist, Master Occult Education",Scene x2 - Free Action,"You do not expend the Frequency of the trig- gering Move. If you applied a Power Manipulation to the triggering Move, you are refunded the AP for the Manipulation or do not expend the Frequency for it. Soul Investment [+Special Attack] [Weapon] Bind 2 AP - Extended Action Choose one Novice and one Expert Arcane Weapon Move. Your Soul Bonded Weapon adds those Moves to your Move List as long as this Feature is Bound. You may only Bind one instance of this Feature at a time, and you may not have multiple instances of the same Move in your Move List.",got,54,False
berserker,Berserker,Berserker,Game of Throhs Trainer Options,"[""Class"", ""+HP"", ""Weapon""]","Prerequisites: Novice Combat, Novice Intimidate",Static,You learn the Moves Rage and Flail. You may use these moves as a Weapon Attack when wielding Melee Weapons.,got,49,False
fight-on-and-on,Fight On and On,Berserker,Game of Throhs Trainer Options,"[""+HP""]","Prerequisites: Lessons in Rage and Pain, Adept Combat | Prerequisites: Frenzy, Expert Combat | Prerequisites: Lessons in Rage and Pain, Expert Intim-",Daily - Free Action,"You are not Fainted; you instead Faint upon reaching -50% of your Max Hit Points. If you have 5 or more injuries, you may use this Feature regardless of Frequency. Crash and Smash [+HP][Weapon] Static You learn the Moves Double Edge and Thrash. You may use these moves as a Weapon Attack when wielding Melee Weapons. Push it to the Limit [+HP] idate At-Will - Free Action Immediately gain one Injury before resolving the triggering attack. You gain a Tick of Temporary Hit Points and may cure yourself of a Persistent Status Af- fliction. The triggering attack doubles your damage bo- nus from Lessons in Rage and Pain.",got,49,False
power-of-rage,Power of Rage,Berserker,Game of Throhs Trainer Options,"[""+HP""]","Prerequisites: Berserker | Prerequisites: Berserker, Adept Intimidate | Prerequisites: Berserker, Adept Combat","Static Moves: Choose Enduring Rage, or White Flame. You gain the chosen Ability. Lessons In Rage & Pain Static","While you have at least 1 Injury, add +X to your Damage Rolls with Rage, Flail, Fury Swipes, Thrash, and Weapon Attacks. X is equal to your Intimidate Rank plus the number of Injuries you have. You do not lose Hit Points from being Heavily Injured, and Injuries beyond the 5th do not lower your Maximum Hit Points. Frenzy [+HP] Scene x2 - Free Action You may immediately take your turn with Pri- ority. If you do, you are instantly cured of Slowed and Stuck, and for the rest of this turn gain a +2 Bonus to Critical Hit Range, +2 Bonus to Movement Speed, and +2 Bonus to Acrobatics, Athletics, Combat, and Intim- idate Checks.",got,49,False
druid,Druid,Druid,Game of Throhs Trainer Options,"[""Class"", ""Special""]","Prerequisites: Elemental Connection (Grass), Novice Survival, Novice General Education",Static,"Your powers begin to take after either Flowers, Fungi, or Trees. Depending on your oath, you gain an Ability and Stat Tags. Whenever you gain a Druid Feature, you gain the same Stat Tags.",got,79,False
druids-call,Druid's Call,Druid,Game of Throhs Trainer Options,[],Prerequisites: Green Path | Rank 1 Prerequisites: Druid | Rank 2 Prerequisites: Adept Survival or General Edu- | Rank 3 Prerequisites: Expert Survival or General Ed-,Scene x2 - Standard Action,"6 small saplings, flowery bushes, or mushroom patches (depending on your oath) suddenly grow with- in 6 meters of you, occupying 1 square each. This veg- etation lasts until the end of the encounter, and acts as rough terrain that blocks line of sight for Pokémon and Trainers without the Naturewalk (Forest) Capability. Whenever you use a Move learned through Nature's Embrace, you may have it originate from these Plants as if they were the user. This Feature must be used on soil, or terrain under which soil is hidden by only a few inches (such as most sidewalks, parking lots, gravel or woodchip lots, etc.) Nature's Embrace [Ranked 3] cation ucation Static You learn 2 Moves chosen from the list below, marked with the Rank of this Feature you are gaining or lower.",got,79,False
green-path,Green Path,Druid,Game of Throhs Trainer Options,[],Prerequisites: Druid | Prerequisites: Nature's Embrace Rank 3,Static,"You gain the Naturewalk (Grassland) and Na- turewalk (Forest) capabilities, and you are immune to Moves with the Powder keyword. Overgrowth 2 AP - Swift Action One target of the triggering Move is afflicted with Overgrowth. As long as the target is afflicted, they are one step less Resistant to Grass-Type attacks, to a maximum of neutral damage, and they cannot recov- er Hit Points or gain Temporary Hit Points. Whenever they would do so, you gain those Hit Points or Tempo- rary Hit Points instead. Overgrowth is removed when the target Takes a Breather or is hit by a damaging Fire, Ice, Poison, Flying, or Bug-Type attack. Overgrowth may only affect a target once per Scene.",got,79,False
earth-shaker,Earth Shaker,Earth Shaker,Game of Throhs Trainer Options,"[""Class"", ""+Defense""]","Prerequisites: Elemental Connection (Ground), Novice Intuition, Novice Focus",Static,"Pick two of Bulldoze, Mud Shot, or Sand-Attack. You learn the chosen Moves.",got,81,False
earthen-bond,Earthen Bond,Earth Shaker,Game of Throhs Trainer Options,"[""+Defense""]","Prerequisites: Earth Shaker | Rank 1 Prerequisites: Adept Focus or Intuition | Rank 2 Prerequisites: Ground Out, Master Focus or | Prerequisites: Ground Out",Static,"You gain the Tremorsense Capability, and you gain Naturewalk for Cave, Mountain and Desert. Earth Mother's Blessing [Ranked 2] [+Defense] Intuition Static Each Rank, choose Arena Trap or Lightning Rod. You gain the chosen Ability. Earthshifter [+Defense] 2 AP - Swift Action You initiate a Trip Maneuver against 1 target of the Move. The Maneuver automatically hits, and you may use your Focus or Intuition for the opposed check.",got,81,False
ground-out,Ground Out,Earth Shaker,Game of Throhs Trainer Options,"[""+Defense""]","Prerequisites: Earth Shaker, Expert Focus or Intuition | Prerequisites: Ground Out, Master Focus or Intuition",Static,"Pick two of Drill Run, Magnitude, or Mud Bomb. You learn the chosen Moves. Tectonic Shift [+Defense] Static Pick two of Earthquake, Earth Power, or Sand Tomb. You learn the chosen Moves.",got,81,False
fiery-soul,Fiery Soul,Fire Bringer,Game of Throhs Trainer Options,"[""+Attack or Special Attack""]","Prerequisites: Fire Bringer | Prerequisites: Fire Bringer, Adept Focus or Combat | Prerequisites: Fire Bringer, Expert Focus or Combat | Prerequisites: Fire Breather Rank 2, Master Focus or",Static,"You gain the Heater Capability, and are immune to the Burn condition. Firebrand [+Attack or Special Attack] Static Your Fire-Type Moves Burn Targets on a roll of 19+. If a move already has a chance of Burning foes, Firebrand increases the effect range by +2. Burning Passion [+Attack or Special Attack] Static Choose Flash Fire or Flame Body. You gain the chosen Ability. Blazing Inferno [+Attack or Special Attack] Combat 2 AP - Swift Action You becoming Blazing. While you are Blaz- ing, whenever your Fire-Type Moves Inflict Burn, the Burned target immediately loses a Tick of Hit Points, and loses an additional Combat Stage in Defense. While Blazing, when you hit a foe with a damaging Fire-Type Move, you may choose to automatically burn one target of the Move. If you do, you lose the Blazing Condition after the Move's effects are resolved.",got,73,False
fire-breather,Fire Breather,Fire Bringer,Game of Throhs Trainer Options,"[""Ranked 2"", ""+Attack or Special Attack""]",Rank 1 Prerequisites: Expert Focus or Combat | Rank 2 Prerequisites: Master Focus or Combat,Static,Learn two Fire Bringer Moves from the list be- low. You may choose any Move marked with the Fire Breather Rank you are taking or lower.,got,73,False
fire-bringer,Fire Bringer,Fire Bringer,Game of Throhs Trainer Options,"[""Class"", ""+Attack or Special Attack""]","Prerequisites: Elemental Connection (Fire), Novice Combat",Static,"Choose two of Flame Burst, Flame Wheel, Flame Charge, or Will-O-Wisp. You learn the chosen Moves",got,73,False
fortress,Fortress,Fortress,Game of Throhs Trainer Options,"[""Class"", ""+Defense"", ""Weapon""]","Prerequisites: Novice Combat, Novice Focus",At Will - Free Action,You Mark all targets of the attack until the end of your next turn. Marked foes take a penalty to Attack Rolls against any targets besides you equal to your Focus Rank. A Mark from a different source (such as a second Fortress or a Fighting Type Ace's Pokémon) will overwrite your Mark.,got,57,False
slow-or-steady,Slow or Steady,Fortress,Game of Throhs Trainer Options,"[""+Defense""]",Prerequisites: Fortress | Prerequisites: Fortress | Prerequisites: Stalwart Bastion,Static,"Choose Analytic or Battle Armor. You gain the chosen ability. Stalwart Bastion [+Defense] Bind 2 AP - Standard Action While this Feature is Bound, you and all cardinally adjacent allies gain Damage Reduction equal to your Combat or Focus Rank. Shield Bearer [+Defense] 1 AP - Swift Action You may immediately ready a Shield, and do not become Slowed as a result. You may choose to grant an adjacent Ally the Evasion and Damage Reduction bonuses from your shield instead of gaining them yourself, but these bonuses only apply as long as the ally remains adjacent to you. If you do and the ally Shifts, you may Shift alongside your ally as a Shift Action Interrupt. This cannot cause you to shift more than your normal Movement.",got,57,False
wall-of-iron,Wall of Iron,Fortress,Game of Throhs Trainer Options,"[""+Defense""]","Prerequisites: Fortress, Adept Combat or Focus | Prerequisites: Fortress, Expert Combat or Focus | Prerequisites: Slow or Steady, Expert Combat or Focus",Static,You learn the moves Iron Defense and Protect. Guardian's Punishment [+Defense] Scene x2 - Swift Action Add your Defense Stat to the Damage Roll. The Marked Foe takes a penalty to Damage Rolls equal to your Combat or Focus Rank for 1 full round. Unstoppable Will [+Defense] Static You gain the Discipline Ability.,got,57,False
frost-touched,Frost Touched,Frost Touched,Game of Throhs Trainer Options,"[""Class"", ""+Attack or Special Attack""]","Prerequisites: Elemental Connection (Ice), Novice Athletics, Novice Survival | Prerequisites: Effect: Choose two out of Haze, Ice Shard, Mist, and Powder Snow. You learn the Chosen Moves.",,"Choose two out of Haze, Ice Shard, Mist, and Powder Snow. You learn the Chosen Moves.",got,83,False
the-cold-never-bothered-me-anyway,The Cold Never Bothered Me Anyway,Frost Touched,Game of Throhs Trainer Options,"[""+Attack or Special Attack""]",Prerequisites: Frost Touched | Prerequisites: Frost Touched | Prerequisites: Expert Athletics or Survival,Static,"You gain the Naturewalk (Tundra) Capability, are immune to being Frozen, and do not lose Hit Points from Hail. Glacial Defense [+Attack or Special Attack] Static Choose Ice Shield or Winter's Kiss. You gain the Chosen Ability. Frozen Domain [+Attack or Special Attack] 2 AP - Standard Action Set 6 square meters of Frozen Domain within range 6. All 6 meters must be adjacent with at least one other space of Frozen Domain. All legal targets passing through these squares must make an Acrobatics check with a DC equal to 4 + twice your Survival Rank. On failure, the target is Tripped. Pokémon who are flying, levitating, or have the Naturewalk (Tundra) Capability are immune to this effect. When standing on a square affected by Frozen Domain, you may act as if you were in Hail weather. When a Fire-Type attack originates from or targets a square of Frozen Domain, that square of Frozen Domain melts and is cleared. Frozen Domain is considered a Hazard.",got,83,False
winter-is-coming,Winter is Coming,Frost Touched,Game of Throhs Trainer Options,"[""+Attack or Special Attack""]",Prerequisites: Master Athletics or Survival | Rank 1 Prerequisites: Expert Athletics or Survival | Rank 2 Prerequisites: Master Athletics or Survival,Static,"You gain the Frostbite Ability. Winter's Herald [Ranked 2] [+Attack or Special Attack] Static You may learn two Moves from the list below, marked with the Rank of Winter's Herald you are gain- ing or lower.",got,83,False
enchanting-transformation,Enchanting Transformation,Glamour Weaver,Game of Throhs Trainer Options,"[""+Special Attack""]",Prerequisites: Glamour Weaver,Bind 2 AP - Shift Action,"You perform a magical transformation on yourself. While this Feature is Bound, you gain +5 Damage Resistance against Dragon, Fighting, Dark, and Bug-Typed attacks and your Glamour Weaver Moves have the additional effects below.",got,71,False
fey-law,Fey Law,Glamour Weaver,Game of Throhs Trainer Options,"[""+Special Attack""]",Prerequisites: Glamour Weaver,1 AP - Swift Action,"Choose one of the following: Status-Class, Combat Maneuver, attacks with an unmodified Damage Base 10 or higher, or an Elemental Type. The triggering foe is Bound; they suffer a -X penalty to all rolls made to use attacks with the chosen trait. X is equal to half your Charm or Occult Education Rank. The Bound condition lasts until the end of a Scene. You may unbind someone as a Free Action at any time. A target may not have multiple instances of Bound applied at once.",got,71,False
glamour-mastery,Glamour Mastery,Glamour Weaver,Game of Throhs Trainer Options,"[""+Special Attack""]",Prerequisites: 4 Glamour Weaver Features,Static,Choose Magic Guard or Magic Bounce. You gain the Chosen Ability.,got,71,False
glamour-weaver,Glamour Weaver,Glamour Weaver,Game of Throhs Trainer Options,"[""Class"", ""+Special Attack""]","Prerequisites: Elemental Connection (Fairy), Novice Charm, Novice Occult Education",Static,You learn the Moves Sweet Kiss and Disarming Voice.,got,71,False
lucky-clover-grand-finale,Lucky Clover Grand Finale,Glamour Weaver,Game of Throhs Trainer Options,"[""+Special Attack""]","Prerequisites: Passionato Harmony, Master Charm or",Occult Education Static,You learn the Moves Moonblast and Aromatic Mist.,got,71,False
magical-burst,Magical Burst,Glamour Weaver,Game of Throhs Trainer Options,"[""+Special Attack""]","Prerequisites: Enchanting Transformation, Passionato",Harmony Scene - Standard Action,"Use a Glamour Weaver Move as if it had the range Burst 3, Friendly, Exhaust, Smite. All allies within the area-of-effect gain a Tick of Temporary Hit Points or cure themselves of one Volatile Affliction. Enchanting Transformation immediately becomes Unbound, and the AP used to bind it becomes spent instead of becoming available again.",got,71,False
passionato-harmony,Passionato Harmony,Glamour Weaver,Game of Throhs Trainer Options,"[""+Special Attack""]","Prerequisites: Glamour Weaver, Expert Charm or",Occult Education Static,You learn the Moves Dazzling Gleam and Draining Kiss.,got,71,False
channel-the-dragons-spirit,Channel the Dragon's Spirit,Herald of Pride,Game of Throhs Trainer Options,"[""+Attack""]","Prerequisites: Herald of Pride | Prerequisites: Herald of Pride, Adept Command or | Prerequisites: Bare the Dragon's Claws, Master Com-",1 AP - Free Action,"You may have the triggering attack deal Dragon- Type Damage if you wish. On 18+, all targets can only use At-Will Frequency Moves for one full round Bare the Dragon's Claws [+Attack] [Weapon] Intimidate Static Your learn the Moves Dragon Claw and Dragon Tail. You may use these Moves as Weapon Attacks when wielding Melee Weapons. Call the Dragon's Rage [+Attack] [Weapon] mand or Intimidate Static You learn the Moves Dragon Rush and Outrage. You may use these Moves as Weapon Attacks when wielding Melee Weapons.",got,67,False
herald-of-pride,Herald of Pride,Herald of Pride,Game of Throhs Trainer Options,"[""Class"", ""+Attack"", ""Weapon""]","Prerequisites: Elemental Connection (Dragon), Novice Command, Novice Intimidate",Static,"When wielding Melee Weapons, you may use Command or Intimidate instead of Combat to determine the Damage Base of your Struggle Attacks, to resist Disarm Maneuvers, and to qualify for a Weapon's Moves. Your Weapon Attacks ignore Damage Reduction up to your Command or Intimidate Rank.",got,67,False
noblesse-oblige,Noblesse Oblige,Herald of Pride,Game of Throhs Trainer Options,"[""+Attack""]",Prerequisites: Herald of Pride,Static,You gain the Regal Challenge Ability.,got,67,False
rouse-the-dragons-blood,Rouse the Dragon's Blood,Herald of Pride,Game of Throhs Trainer Options,"[""+Attack""]","Prerequisites: Herald of Pride, Expert Command or | Prerequisites: Herald of Pride, Expert Command or",Intimidate Scene x2 - Free Action,"For 1 full round, the next Herald of Pride Move you use against the triggering foe cannot miss, cannot be Intercepted, and effects that would cause it to miss cannot be activated against it. Sovereignty [+Attack] Intimidate Bind 2 AP - Standard Action While this Feature is bound, you gain a +2 Bonus to Save Checks against Volatile Status Afflictions, and a +2 Bonus to Opposed Checks when defending against being Disarmed, Grappled, Pushed, or Tripped.",got,67,False
hydro-jet,Hydro Jet,Maelstrom,Game of Throhs Trainer Options,"[""+Speed""]",Prerequisites: Call The Current Rank 1,1 AP - Free Action,"Hydro Jet's effect depends on if the triggering Move was Melee or Ranged. • If Melee, the Move gains the Pass keyword and you may change direction during the four meters of Pass (but may still only target any given Pokémon or Trainer once). • If Ranged, the Move becomes a Line 4 instead of its usual range.",got,93,False
maelstrom,Maelstrom,Maelstrom,Game of Throhs Trainer Options,"[""Class"", ""+Speed""]","Prerequisites: Elemental Connection (Water), Novice Athletics, Novice Acrobatics",Static,"You gain the Gilled Capability, and a +2 bonus to your Swim speed. Whenever your Water-Type Moves miss all targets, you gain a Tick of Temporary Hit Points.",got,93,False
oceanic-feeling,Oceanic Feeling,Maelstrom,Game of Throhs Trainer Options,"[""+Speed""]","Prerequisites: Water's Shroud, Master Athletics or Ac- | Rank 1 Prerequisites: Maelstrom | Rank 2 Prerequisites: Adept Athletics or Acrobatics | Rank 3 Prerequisites: Expert Athletics or Acrobatics",robatics Scene x2 - Free Action,"You may activate Oceanic Feeling when either Wash Away or Storm Drain would be triggered to gain that Ability for 1 full round, if you do not already have it, and immediately Trigger it. Activating an Ability this way ignores its usual Frequency. You may use each Ability once per Scene this way. Call The Current [Ranked 3] [+Speed] You learn 2 Moves chosen from the list below, marked with the Rank of this Feature you are gaining or lower.",got,93,False
waters-shroud,Water's Shroud,Maelstrom,Game of Throhs Trainer Options,"[""+Speed""]",Prerequisites: Call The Current Rank 2,Static,Choose Wash Away or Storm Drain. You gain the Chosen Ability.,got,93,False
aiming-down-the-sights,Aiming Down The Sights,Marksman,Game of Throhs Trainer Options,"[""+Attack"", ""Weapon""]","Prerequisites: Marksman | Prerequisites: Marksman, Adept Combat | Prerequisites: Marksman, Adept Perception or Combat",At Will - Shift Action,"Your next Weapon Attack with a long-range Weapon gains +2 to its Accuracy Roll and Critical Hit Range. This effect lasts until used or until the start of your next turn. Double Shot [+Attack] [Weapon] 1 AP - Standard Action You may make two Struggle Attacks with a -2 penalty to Accuracy, each targeting the same foe. If the first attack gains the benefit of Aiming Down the Sights or Clear Shot, the second attack also gains the same benefits for free. Overwatch [+Attack] [Weapon] At-Will - Standard Action Create a Line X, and place a Blast 3 with at least three meters overlapping the Line's area. X is equal to your Weapon's Range. For one full round, if a foe moves in or out of that area, you may make a Ranged Weapon attack, Frequency allowing, against that foe as a Free Ac- tion. You may not attack a specific foe more than once per round this way. While this is in effect, if you Move from your current location, Overwatch's effect is lost.",got,59,False
clear-shot,Clear Shot,Marksman,Game of Throhs Trainer Options,"[""+Attack"", ""Weapon""]","Prerequisites: Marksman, Expert Perception or Combat | Prerequisites: Marksman, Expert Perception or Combat | Prerequisites: Marksman, Master Combat or Perception",Scene x2 - Swift Action,"The target is considered Vulnerable against this attack, and you increase your Critical Hit range by +4 for this attack. Crippling Shot [+Attack] [Weapon] 2 AP - Full Action Make a Ranged Struggle Attack attack with a -2 penalty to Accuracy. If you hit, the attack deals Dam- age as if it was resisted one step, but the target becomes Slowed, loses 1 Speed Combat Stage, and you initiate a Trip Maneuver against the target. You may use your Perception Skill to resolve the Opposed Check if you wish. Dead-Eye Shot [+Attack] [Weapon] Scene x2 - Standard, Priority Use of Dead-Eye Shot must be declared at the start of the round. Nothings happens at this time. At the end of the round, the user may use their Shift Ac- tion, and then make a Ranged Weapon Attack and roll twice for Accuracy. You may resolve the attack using ei- ther result, but if you choose to use the lower result and the attack hits, it is automatically a Critical Hit.",got,59,False
marksman,Marksman,Marksman,Game of Throhs Trainer Options,"[""Class"", ""+Attack"", ""Weapon""]","Prerequisites: Novice Combat, Novice Perception",Static,You gain the Sniper Ability.,got,59,False
corrupt-blood,Corrupt Blood,Miasmic,Game of Throhs Trainer Options,"[""+Defense""]","Prerequisites: Miasmic | Prerequisites: Miasmic | Prerequisites: Adept Guile or Stealth | Prerequisites: Vile Body, Expert Stealth or Guile",Static,"You are immune to the Poisoned and Badly Poi- soned statuses and resist Poison-type attacks one step further. Flexible Form [+Defense] Static Your body becomes more malleable, and even your bones are able to flex when required. You do not gain Injuries from taking Massive damage, and you gain a +2 Bonus to any Acrobatics or Athletics Check made to bend, squeeze, or otherwise contort your body -in- cluding those to avoid Trip or Grapple maneuvers. Vile Body [+Defense] Static Choose Absorb Force, Poison Point, or Poison Touch. You gain the chosen Ability. Miasma's Call [+Defense] Static You learn the moves Acid Armor and Sludge Bomb.",got,87,False
miasma-unleashed,Miasma Unleashed,Miasmic,Game of Throhs Trainer Options,"[""+Defense""]","Prerequisites: Miasma's Call, Master Stealth or Guile | Prerequisites: Miasma's Call, Master Stealth or Guile",Static,You learn the moves Sludge Wave and Toxic. Miasmic Spray [+Defense] 2 AP - Swift Action The Effect of this feature depends on the trigger- ing move.,got,87,False
miasmic,Miasmic,Miasmic,Game of Throhs Trainer Options,"[""Class"", ""+Defense""]","Prerequisites: Elemental Connection (Poison), Novice Stealth, Novice Guile",Static,You learn the Moves Acid and Clear Smog.,got,87,False
blinding-brightness,Blinding Brightness,Prism,Game of Throhs Trainer Options,"[""+Special Attack""]","Prerequisites: Prism | Prerequisites: Prism, Expert Charm or General Edu- | Prerequisites: Sparkle, Master Charm or General Ed- | Prerequisites: Prism",Static,You gain the Illuminate Ability. Sparkle [+Special Attack] cation Static You learn the Moves Tri-Attack and Weather Ball. Rainbow Surge [+Special Attack] ucation Static You learn the Moves Hyper Beam and Morning Sun. Lucent Mirage [+Special Attack] Static You gain the Illusionist Capability.,got,85,False
luminous-aura,Luminous Aura,Prism,Game of Throhs Trainer Options,"[""+Special Attack""]","Prerequisites: Blinding Brightness, Adept Charm or",General Education Static,Choose Starlight or Sunglow. You gain the Cho- sen Ability.,got,85,False
prism,Prism,Prism,Game of Throhs Trainer Options,"[""Class"", ""+Special Attack""]","Prerequisites: Elemental Connection (Normal), Novice General Education, Novice Charm",Static,You learn the Moves Flash and Swift.,got,85,False
prismatic-alignment,Prismatic Alignment,Prism,Game of Throhs Trainer Options,"[""+Special Attack""]","Prerequisites: 4 Prism Features, Master Charm or Gen-",eral Education 2 AP - Swift Action,The effect of this Feature depends on the Trig- gering Move. You may only use Prismatic Alignment with each Move once per Scene.,got,85,False
explosive-runes,Explosive Runes,Rune Master,Game of Throhs Trainer Options,"[""+Attack or Special Attack""]","Prerequisites: Adept Occult Education, Glyph, Hidden",Power 1 AP - Standard Action,"You may use Hidden Power, originating the at- tack from the location of the targeted Glyph. Use your own Stats and Hidden Power values to calculate dam- age. Using this Feature causes the Glyph to become vis- ible and glow for a minute afterwards.",got,52,False
hidden-power,Hidden Power,Rune Master,Game of Throhs Trainer Options,"[""+Attack or Special Attack""]",Prerequisites: Rune Master | Prerequisites: Hidden Power | Prerequisites: Rune Master,Static,"You learn the Move Hidden Power. Whenever you use Hidden Power, it may be either Physical or Spe- cial, adding the appropriate Attack Stat. Rewrite [+Attack or Special Attack] Daily Reroll the Type for an instance of Hidden Pow- er the target knows If you target an Unown, you may transform the target into a different letter. Glyph [+Attack or Special Attack] At-Will - Extended Action You may set the target Unown against any flat surface, and turn the Unown into a glyph. Glyphs have HP equal to your Level, and no other stats. Glyphs last until they are destroyed or intentionally de-activated, at which time the Unown returns to Unown Space, dis- appearing forever. You may have a number of active Glyphs equal to your Occult Education Rank. When setting a Glyph, you may have the Glyphs be either visi- ble or invisible, as you prefer. At any time, as a Standard Action, you may Channel any Glyph youhave set down. This causes the Glyph's eye to open and become visi- ble if it was not. While you are channeling a Glyph, you are able to see through the Glyph, listen through it, and project your voice through it.",got,51,False
rune-master,Rune Master,Rune Master,Game of Throhs Trainer Options,"[""Class"", ""+Attack or Special Attack""]","Prerequisites: Own 2 Unown, Novice Occult Education",Static,"You gain the Gather Unown capability, and your Unown gain the Letter Press Capability. When using Gather Unown, you are treated as a level 20 Pokémon.",got,51,False
sentry-runes,Sentry Runes,Rune Master,Game of Throhs Trainer Options,"[""+Attack or Special Attack""]","Prerequisites: Expert Occult Education, Explosive","Runes, Hidden Power 1 AP - Standard Action","The target Glyph becomes an Unown of your Trainer Level, its Stats allocated as you wish. This Un- own knows a single instance of Hidden Power, identical to your own. The Glyph can fight on its own without needing you to command it. At the end of the encoun- ter, or after 5 minutes, the Unown returns to Unown Space forever, destroying the Glyph. You may only have one Glyph active in this way at a time; if various Alarm Glyphs are triggered to become Sentries at the same time, only one does so; the others will do so once the previous one has been destroyed if the Trigger condi- tion is still being met.",got,52,False
words-of-power,Words of Power,Rune Master,Game of Throhs Trainer Options,"[""+Attack or Special Attack""]","Prerequisites: Adept Occult Education, Hidden Power | Prerequisites: Glyph",Static,"Instead of a Burst, you may choose to have Hid- den Power be a 1 Target Melee, 1 Target 6m, or Cone 2. Additionally, you and your Prime Unown always have STAB on Hidden Power as if you or they were of the same Type. Alarm Runes [+Attack or Special Attack] Bind 1 AP - Standard Action You give the Glyph a Trigger, which may be as vague or as precise as you like (i.e.: ""If anyone enters the room"", ""if James peeks in my diary"", ""If a Torkoal uses Surf while I scream the word ‘Gelato'""). If the trigger is met within the Rune's 30 meters, the Rune will become visible, and will begin screeching loudly, alerting any- one nearby. You are capable of hearing this screeching noise in your head, regardless of your current distance. Glyphs will remember their Triggers as long as the AP spent on the Feature is Bound. If you have the Explosive Runes or Sentry Runes Features, you may instruct this Glyph to automatically use the chosen Feature as a Free Action when it is triggered if you have the AP to spend. You may have only one Glyph use Explosive Runes per round, even if multiple Runes are triggered at the same time.",got,51,False
shade-caller,Shade Caller,Shade Caller,Game of Throhs Trainer Options,"[""Class"", ""+Attack or Special Attack""]","Prerequisites: Elemental Connection (Dark), Novice Guile, Novice Stealth",Static,You learn the Moves Faint Attack and Snarl.,got,65,False
twisted-soul,Twisted Soul,Shade Caller,Game of Throhs Trainer Options,"[""+Attack or Special Attack""]","Prerequisites: Shade Caller | Prerequisites: Shade Caller | Prerequisites: Shade Caller, Expert Guile or Stealth | Prerequisites: Sharpen Shadows, Master Guile or",Static,"You gain the Twisted Power Ability. Living Shadow [+Attack or Special Attack] Static Your own Shadow can attack others; you may have your Dark Type Moves originate from any Square adjacent to you. If you are fighting among complete darkness, you may have your Dark Type Moves origi- nate from any square within X meters that is completely dark, where X is the higher of your Guile or Stealth Rank. Attacks originating from Living Shadow do not trigger effects that rely on being hit with a melee attack. Sharpen Shadows [+Attack or Special Attack] Static You learn Dark Pulse and Night Slash Heart of Darkness [+Attack or Special Attack] Stealth Static You learn Night Daze and Punishment",got,65,False
world-of-darkness,World of Darkness,Shade Caller,Game of Throhs Trainer Options,"[""+Attack or Special Attack""]","Prerequisites: Shade Caller, Adept Guile or Stealth | Prerequisites: Shade Caller, Master Guile or Stealth",2 AP - Standard Action,"You create a zone of Shifting Darkness in a Burst 2 around you, which persists until the end of the en- counter. All targets without Darkvision attacking from or i nto the Shifting Darkness receive a -3 penalty to Ac- curacy. You may count Shifting Darkness as complete darkness for the purposes of activating your Living Shadow. As a Static effect, you also gain the Darkvision Capability. Dark Soul [+Attack or Special Attack] Static Choose Shadow Tag or Super Luck. You gain the chosen Ability.",got,65,False
nimble-steps,Nimble Steps,Skirmisher,Game of Throhs Trainer Options,"[""+Speed""]",Prerequisites: Skirmisher | Prerequisites: Skirmisher | Prerequisites: Skirmisher,Static,"You may perform the Disengage Maneuver as a Swift Action. Counter Stance [+Speed] At-Will - Free Action, Interrupt You perform an Attack of Opportunity against them. Harrier [+Speed] At-Will - Free Action Until the end of your next turn, that foe is con- sidered Flanked, is Slowed, and cannot take actions as Priority or Interrupt. Harrier may only be used on a foe once per Scene.",got,61,False
skirmisher,Skirmisher,Skirmisher,Game of Throhs Trainer Options,"[""Class"", ""+Speed"", ""Weapon""]","Prerequisites: Novice Combat, Novice Acrobatics",Static,Choose Flutter or Vanguard. You gain the Chosen Ability.,got,61,False
weapon-finesse,Weapon Finesse,Skirmisher,Game of Throhs Trainer Options,"[""+Speed"", ""Weapon""]","Prerequisites: Counter Stance, Adept Combat or Acro- | Prerequisites: Harrier, Adept Combat or Acrobatics | Prerequisites: 4 Skirmisher Features, Master Combat",batics 2 AP - Swift Action,"After the attack is resolved, you may immediate- ly use a Disarm, Trip, or Push Maneuver against that foe as a Free Action. The Maneuver automatically hits, but you must still make an Opposed Roll. Outmaneuver [+Speed] Scene x3 - Free Action Add half your Evasion to your Accuracy Roll for the attack, and all foes hit by the attack have their Initia- tive reduced by your full Evasion value. Swift Strikes [+Speed] [Weapon] or Acrobatics 1 AP - Standard Action, Special Use a Weapon Attack as if it had the Priority Key- word. If the Move already had the Priority Keyword, use it as if it had the Priority (Advanced) Keyword instead.",got,61,False
magnetize,Magnetize,Spark Master,Game of Throhs Trainer Options,"[""+Speed""]","Prerequisites: Storm Wizard Rank 1, Adept Acrobatics | Prerequisites: Master Acrobatics or Focus | Prerequisites: Storm Wizard Rank 1, Adept Focus",Static,"You gain the Magnetic Capability and may use this magnetism to stick to surfaces with significant met- al content (ex: metal walls obviously, concrete with met- al I-beams inside, etc). You may use your Overland to traverse any such surfaces, even if that means walking vertically up a wall or upside down on a ceiling. You may choose not to be Pushed when on such a surface. Body of Lightning [+Speed] Static Choose Volt Absorb or Motor Drive. You gain the Chosen Ability. Bottled Lightning [+Speed] 2 AP - Standard Action Choose one of your Electric Type Moves with a target. You Charge the target item with this Move. Bot- tled Lightning counts as using the Move for frequency purposes. You may expend this Charge as a Swift Ac- tion on your turn to use the Move the item was charged with, originating from the item. If a Pokémon or Train- er touches a Charged item, you may instead activate this Swift Action as if it had the Priority keyword. At the end of a Scene, all items lose their Charge, and you may only have X items Charged at a time where X is half your Focus Rank.",got,69,False
spark-master,Spark Master,Spark Master,Game of Throhs Trainer Options,"[""Class"", ""+Speed""]","Prerequisites: Elemental Connection (Electric), Novice Focus, Novice Acrobatics",Static,Choose Static or Electrodash. You gain the Chosen Ability.,got,69,False
storm-wizard,Storm Wizard,Spark Master,Game of Throhs Trainer Options,"[""Ranked 3"", ""+Speed""]",Rank 1 Prerequisites: Spark Master | Rank 2 Prerequisites: Expert Acrobatics or Focus | Rank 3 Prerequisites: Master Acrobatics or Focus,Static,"You may learn two Moves from the list below, marked with the Storm Wizard Rank you are gaining or lower.",got,69,False
champion-of-steel,Champion of Steel,Steelheart,Game of Throhs Trainer Options,"[""+Defense"", ""Weapon""]",Prerequisites: Steelheart,1 AP - Free Action,The attack or Move increases your Defense by 1 Combat Stage on 16+ and you may have it deal Steel- Type Damage if you wish.,got,91,False
master-of-arms,Master of Arms,Steelheart,Game of Throhs Trainer Options,"[""+Defense"", ""Weapon""]","Prerequisites: Steelheart, Expert Athletics or Focus",Static,You learn the Call to Arms and Unlimited Steel Works Talents.,got,91,False
reactive-armour,Reactive Armour,Steelheart,Game of Throhs Trainer Options,"[""+Defense""]","Prerequisites: Steelheart, Adept Athletics or Focus | Prerequisites: Steelheart, Expert Athletics or Focus",Scene x2 - Free Action,"All foes within a Burst 1 lose Hit Points equal to double your Athletics or Focus Rank, and you gain Damage Reduction equal to double your Athletics or Focus Rank for one full round. Impenetrable [+Defense] Static You gain the Bulletproof Ability.",got,91,False
steel-wind,Steel Wind,Steelheart,Game of Throhs Trainer Options,"[""+Defense"", ""Weapon""]",Prerequisites: Steelheart,Static,You learn the Moves Bullet Punch and Metal Claw. You may use these Moves as Weapon Attacks when wielding Melee Weapons.,got,91,False
steelheart,Steelheart,Steelheart,Game of Throhs Trainer Options,"[""Class"", ""+Defense"", ""Weapon""]","Prerequisites: Elemental Connection (Steel), Novice Athletics, Novice Focus",Static,"When wielding metal Melee Weapons, you may use Athletics or Focus instead of Combat to determine the Damage Base of your Struggle Attacks, to qualify for a Weapon's Moves, and to resist Disarm Checks. Whenever your Weapon Attacks hit a foe who has previously hit you with a Melee attack in the same round, the foe loses a Tick of Hit Points.",got,91,False
unlimited-steel-works,Unlimited Steel Works,Steelheart,Game of Throhs Trainer Options,[],"Prerequisites: Steelheart, Master Athletics or Focus",At-Will - Extended Action,"You may replace the Move(s) granted by the target Weapon with any other standard Weapon Moves, within Limitations. Weapons may still only grant one Adept and one Master Move at a maximum. Man of Steel [+Defense] [Weapon] Static You learn the Moves Meteor Mash and King's Shield. You may use these Moves as Weapon Attacks when wielding Melee Weapons.",got,91,False
shards-of-stone,Shards of Stone,Stone Warrior,Game of Throhs Trainer Options,"[""+Defense""]","Prerequisites: Expert Combat or Survival | Prerequisites: Shards of Stone, Master Combat or Sur- | Prerequisites: Stone Stance, Master Combat or Survival",Static,"You learn the Moves Rock Slide and Stealth Rock Stone Cold Finish [+Defense] vival Static You learn the Moves Stone Edge and Head Smash. Stone Stance Mastery [+Defense] Static Whenever you bind Stone Stance, you may choose two Stances and apply the effects of both.",got,89,False
stone-stance,Stone Stance,Stone Warrior,Game of Throhs Trainer Options,"[""+Defense""]",Prerequisites: Stone Warrior,Bind 2 AP - Standard Action,"You adopt one of the stances below, gaining the effects of the stance while this Feature remains bound. You may switch your active Stance as a Standard Action without rebinding your AP. The benefits from this Fea- ture do not apply if you are not standing on a solid sur- face, such as deep mud or snow, or if you are outright swimming or even flying.",got,89,False
stone-warrior,Stone Warrior,Stone Warrior,Game of Throhs Trainer Options,"[""Class"", ""+Defense""]","Prerequisites: Elemental Connection (Rock), Novice Combat, Novice Survival",Static,You learn the Moves Rock Tomb and Wide Guard.,got,89,False
how-to-shoot-web,How To Shoot Web,Swarmlord,Game of Throhs Trainer Options,[],"Prerequisites: Swarmlord | Prerequisites: Enhanced Embrace Rank 2, Expert",Static,You gain the Threaded and Wallclimber Capa- bilities. Broodlord Command or Survival Static You gain the following Ability based on your Embrace. Arachnid's Embrace: Tinted Lens Monarch's Embrace: Compound Eyes,got,63,False
pheromone-markers,Pheromone Markers,Swarmlord,Game of Throhs Trainer Options,[],Prerequisites: Enhanced Embrace Rank 1 | Rank 1 Prerequisites: Swarmlord | Rank 2 Prerequisites: Adept Command or Survival | Rank 3 Prerequisites: Expert Command or Survival,1 AP - Free Action,"The triggering foe gains 1 Pheromone Stack. Your Bug-Type attacks gain a +2 bonus to Accuracy Rolls and +1 Critical Hit range against foes for each Pheromone Stack they have. Once per Scene per foe, when they gain their third or higher Pheromone Stack, you may choose to roll 1d6. On a result of 1 or 2, the foe becomes Con- fused; on a result of 3 or 4 the foe becomes Suppressed; on a result of 5 or 6 the foe becomes Enraged. Enhanced Embrace Static Learn two Moves from the list below at the Rank of Enhanced Embrace you are taking or lower. Moves marked with an Embrace require that Embrace to be chosen. Rank 1 Moves Move Prerequisites Defend Order None Fury Cutter None Fell Needle None Struggle Bug Monarch Sticky Web Arachnid",got,63,False
swarmlord,Swarmlord,Swarmlord,Game of Throhs Trainer Options,"[""Class""]","Prerequisites: Elemental Connection (Bug), Novice Survival, Novice Command",Static,"Your powers begin to take after either Arachnid's Embrace or Monarch's Embrace. Depending on your Embrace, you gain an Ability and Stat Tag. Whenever you gain a Swarmlord Feature, you gain the same Stat Tag.",got,63,False
one-with-the-winds,One With the Winds,Wind Runner,Game of Throhs Trainer Options,"[""+Speed""]","Prerequisites: Adept Perception | Prerequisites: One With the Winds, Adept Acrobatics | Prerequisites: Raging Winds Rank 1, Master Acrobatics",Bind 2 AP - Standard Action,"You summon a windy breeze that follows you around. Your sense of touch is extended through this wind, and you can guide it by thought, using it to per- ceive the shape and texture of objects as long as the wind can reach, even through very small cracks and holes. The range of this effect is equal to your Acrobatics Rank plus Perception Rank in meters. Flight [+Speed] 1 AP - Swift Action You gain a Sky Speed equal to your Levitate Speed plus your Acrobatics or Perception Rank for the remainder of the round. Gale Speed [+Speed] or Perception Static Choose Celebrate or Gale Wings. You gain the chosen Ability.",got,75,False
raging-winds,Raging Winds,Wind Runner,Game of Throhs Trainer Options,"[""Ranked 3"", ""+Speed""]",Rank 1 Prerequisites: Wind Runner | Rank 2 Prerequisites: Expert Acrobatics or Perception | Rank 3 Prerequisites: Master Acrobatics or Perception,Static,"You may learn two Moves from the list below, marked with the Raging Winds Rank you are gaining or lower.",got,75,False
wind-runner,Wind Runner,Wind Runner,Game of Throhs Trainer Options,"[""Class"", ""+Speed""]","Prerequisites: Elemental Connection (Flying), Novice Acrobatics, Novice Perception",Static,You gain the Levitate Ability. You have a total Levitate Speed equal to 4 plus half of the higher of your Acrobatics or Perception Rank.,got,75,False
backpacker,Backpacker,Backpacker,May 2015 Playtest,"[""Class"", ""+Speed""]",Prerequisites: Traveler,Static,You gain the Skill Enhancement Edge. You then gain an instance of the Skill Stunt Edge for each of the two Skills you chose with Skill Enhancement.,may2015,3,False
call-to-adventure,Call to Adventure,Backpacker,May 2015 Playtest,[],,Static,"You gain the Instinctive Aptitude Edge, even if you do not meet its prerequisites. If you already have this Edge, gain another Edge for which you qualify. During Combat or tense situations (never Extended Actions), if you spend AP to add a bonus to a Skill Check, you may add +1d6 instead of +2.",may2015,3,False
equipment-savant,Equipment Savant,Backpacker,May 2015 Playtest,"[""+Speed""]","Prerequisites: Backpacker, Expert Survival",2 AP - Swift Action,"Use or Equip an Item or piece of Equipment which would normally require a Standard Action to use or equip. You may not make an Attack with a Weapon this way - using other Items or Equipment that requires ""Attacks"" (such as Cap Cannons or Poké Balls) is acceptable.",may2015,3,False
handyman,Handyman,Backpacker,May 2015 Playtest,[],,Static,"Whenever you use an item or a non-Weapon piece of equipment which calls for a Skill Check or has an effect or prerequisite based on a Skill Rank, you may substitute Survival for the used Skill. This does not affect prerequisites for Books.",may2015,3,False
heros-journey,Hero's Journey,Backpacker,May 2015 Playtest,"[""Ranked 3"", ""+Speed""]","Rank 1 Prerequisites: Backpacker | Rank 2 Prerequisites: Backpacker, Adept Survival | Rank 3 Prerequisites: Backpacker, Expert Survival | Rank 4 Prerequisites: Backpacker, Expert Survival",Static,"Each Rank, you may gain two Backpacker Talents for which you qualify.",may2015,3,False
item-mastery,Item Mastery,Backpacker,May 2015 Playtest,"[""+Speed""]",Prerequisites: Backpacker,Static,You learn the Moves Fling and Recycle.,may2015,3,False
movement-mastery,Movement Mastery,Backpacker,May 2015 Playtest,[],,Static,"Choose one of Art of Stealth, Athletic Initiative, Mounted Prowess, Nimble Movement, Slippery, Stamina, Swimmer, or Wallrunner. You gain the chosen Edge, even if you do not meet the prerequisites. Additionally, you may take any of these Edges in the future as if you did meet the prerequisites.",may2015,3,False
wear-it-better,Wear it Better,Backpacker,May 2015 Playtest,[],Prerequisites: Expert Survival,Static,While wearing Body Equipment worth at least,may2015,4,False
capsule-science,Capsule Science,Gadgeteer Research Field,May 2015 Playtest,[],"Prerequisites: Improvised Gadgets, Expert Technology",Education Static,"You learn the Cap Cannon, Cap Ammo, and Wonder Launcher recipes, and you gain the following additional effects when using those items.",may2015,5,False
enhanced-capsules,Enhanced Capsules,Gadgeteer Research Field,May 2015 Playtest,[],"Prerequisites: Capsule Science, Master Technology",Education Daily x3 - Extended Action,"Choose one of the Capabilities below which the target Pokémon has. You create a consumable item with the effect below, depending on the chosen Capability. All unused items created with Enhanced Capsules are rendered inert after an Extended Rest (including modifications to other items).",may2015,5,False
i-meant-to-do-that,I Meant to Do That,Gadgeteer Research Field,May 2015 Playtest,[],"Prerequisites: Improvised Gadgets, Adept Technology",Education At-Will - Special,"Choose one of your equipped items you created with Improved Gadgets. It is destroyed and cannot be repaired, and that instance of Improvised Gadgets is immediately Unbound. Use the effect below corresponding to the Capability granted by the chosen item.",may2015,5,False
improvised-gadgets,Improvised Gadgets,Gadgeteer Research Field,May 2015 Playtest,[],Prerequisites: Novice Technology Education,Bind 2 AP - Extended Action,"Choose one of the Capabilities listed in the Target line that the target Pokémon has. You create a Main or Off-Hand Equipment Item usable by Trainers that grants the user the chosen Capability. Whenever a Trainer makes Struggle Attacks using Zapper through this Item, they may choose to use your Technology Education Rank tripled in place of an offensive Stat. When this Feature is Unbound, the Equipment Item breaks and cannot be repaired. You may only have X instances of this Feature Bound at once, where X is equal to half your Technology Education Rank.",may2015,5,False
bookworm,Bookworm,General Research Field,May 2015 Playtest,[],Prerequisites: Breadth of Knowledge,Static,"You gain X Study Points, where X is equal to 2 plus one more for every other General Research Feature you have. You may Drain Study Points to benefit from studying Books, instead of Draining your Action Points. Study Points are restored to your maximum after an Extended Rest, just like Action Points.",may2015,7,False
breadth-of-knowledge,Breadth of Knowledge,General Research Field,May 2015 Playtest,[],Prerequisites: Novice General Education,Static,"You gain three Edges for which you qualify. These Edges must be used to gain a Skill Edge with an Education Skill, or to gain an Edge that has an Education Skill as a Prerequisite that you meet.",may2015,7,False
echoes-of-the-future,Echoes of the Future,General Research Field,May 2015 Playtest,[],"Prerequisite: Breadth of Knowledge, Master General",Education Daily x2 - Free Action,You may roll twice and keep the best result.,may2015,7,False
well-read,Well Read,General Research Field,May 2015 Playtest,[],"Prerequisites: Bookworm, Expert General Education",Static,"You may use your General Education Rank to qualify for Books, instead of the Book's usual Skill Prerequisites, provided you have the normal Prerequisite at at least Novice Rank.",may2015,7,False
engineer,Engineer,Engineer Research Field,Sci-Fi Trainer Options,[],Prerequisites: Pokébot Training,At-Will - Extended Action,You may craft any Engineer Recipe for which you qualify.,porygon,80,False
experimental-ai,Experimental AI,Engineer Research Field,Sci-Fi Trainer Options,[],"Prerequisites: Engineer, Master Tech Education",Static,"Increase the maximum complexity of all Pokébots you create by 2, and increase the maximum complexity of Pokébots you can control by 2.",porygon,80,False
firmware-update,Firmware Update,Engineer Research Field,Sci-Fi Trainer Options,[],Prerequisites: Robofighter,,You can create and install Advanced Combat and Advanced Utility Parts for Pokébots.,porygon,80,False
futuretech,Futuretech,Engineer Research Field,Sci-Fi Trainer Options,[],Prerequisites: Experimental AI,,You can create and install Wired Compatibility Cores for Pokébots.,porygon,80,False
kitbash-king,Kitbash King,Engineer Research Field,Sci-Fi Trainer Options,[],Prerequisites: Overclocked,,You can create and install Sympathetic Drives and Repair Nanites for Pokébots.,porygon,80,False
overclock,Overclock,Engineer Research Field,Sci-Fi Trainer Options,[],"Prerequisites: Engineer, Expert Technology Educa-",tion Scene - Swift Action,"The target is cured of all Persistent Statuses, resets all negative Combat Stages to default, and gains two Ticks of Temporary Hit Points. For the rest of the Scene, it deals and takes additional damage with all attacks equal to your Technology Education Rank.",porygon,80,False
robofighter,Robofighter,Engineer Research Field,Sci-Fi Trainer Options,[],"Prerequisites: Engineer, Adept Technology Educa-",tion Bind 2 AP - Standard Action,"As long as this feature is Bound, you can command your Pokébot using a Standard Action rather than a Pokémon turn. Your Pokébots may still only act once a round.",porygon,80,False
robotics-101,Robotics 101,Engineer Research Field,Sci-Fi Trainer Options,[],Prerequisites: Engineer,,"You can create a Small Pokébot for $1000, a Medium Pokébot for $2000, or a Large Pokébot for",porygon,80,False
code-injection,Code Injection,Glitch Bender,Sci-Fi Trainer Options,"[""+Special Defense""]",,Prerequisites; Corrupt Reality 1 AP - Standard Action,"You may use any of the Glitches below. They are treated as a Status-Class attack with an AC of 2. You may only use each Glitch once per Scene, and each target may only be affected by Code Injection once per Scene. • Object Not Found: The target may not benefit from Equipment, Held Items, and consumable Items for one full round. • Access Denied: The target is Slowed and may only take At-Will actions for one full round. • Blue Screen: The target is Blinded and Vulnera- ble for one full round.",porygon,86,False
corrupt-reality,Corrupt Reality,Glitch Bender,Sci-Fi Trainer Options,"[""+Special Defense""]","Prerequisites: Glitch Bender, Adept Perception,","Occult Education, or Focus Scene - Free Action",You may force the foe to reroll that roll.,porygon,86,False
glitch-bender,Glitch Bender,Glitch Bender,Sci-Fi Trainer Options,"[""Class"", ""+Special Defense""]","Prerequisites: Glitched Existence, Novice Focus,","Occult Education, or Perception Static",You gain the Synchronize Ability.,porygon,86,False
glitch-burst,Glitch Burst,Glitch Bender,Sci-Fi Trainer Options,"[""+Special Defense""]","Prerequisites: Glitch Shuffle, Master Perception,","Occult Education, or Focus 2 AP - Swift Action","Glitch Burst's effect depends on the trigger- ing Move. • Disable: The target of Disable is also Suppressed. • Snatch: Regain one use of a Glitch Bender Move. This may only affect each Move once per Scene. • Metronome: Generate three random Moves instead of one, and choose which Move to use. • Topsy-Turvy: The target of Topsy-Turvy be- comes Confused. They are automatically cured of this Confusion at the end of their next turn. The Glitch Pokémon concept in Chapter 2 pairs well with this class.",porygon,86,False
glitch-shuffle,Glitch Shuffle,Glitch Bender,Sci-Fi Trainer Options,"[""+Special Defense""]","Prerequisites: Glitch Bender, Expert Perception,","Occult Education, or Focus Static",You learn the Moves Metronome and Topsy- Turvy,porygon,86,False
i-am-error,I Am Error,Glitch Bender,Sci-Fi Trainer Options,"[""+Special Defense""]",Prerequisites: Glitch Bender,2 AP - Free Action,"Roll 1d10 and change which Status Affliction is gained according to the following chart. If the target already has that Status Affliction, roll again.",porygon,86,False
null-error,Null Error,Glitch Bender,Sci-Fi Trainer Options,"[""+Special Defense""]",Prerequisites: Glitch Bender,Static,You learn the Moves Disable and Snatch.,porygon,86,False
advanced-cases,Advanced Cases,Jailbreaker Research Field,Sci-Fi Trainer Options,[],Prerequisites: Fusion Cases,,"You may create a Zap Case for $500, a Devil Case for $1000, or a Storage Case for $5000.",porygon,82,False
basic-cases,Basic Cases,Jailbreaker Research Field,Sci-Fi Trainer Options,[],Prerequisites: Jailbreaker,,"You may create a Contest Case, Lock Case, or Medicine Case for $200.",porygon,82,False
case-specialist,Case Specialist,Jailbreaker Research Field,Sci-Fi Trainer Options,[],"Prerequisites: Jailbreaker, Adept Technology Educa-",tion 1 AP - Swift Action,"The Case has additional effects according to its type(s). • Spray Case: After resolving the effects of the Case, the target loses a Tick of Health Points for each Persistent or Volatile Status Affliction they have. This may only affect a target once per Scene. • Flash Case: The Case uses the Move Flash as a Burst 2 instead of a Cone 2 • Bounce Case: The Poké Ball bounces an addi- tional time. This may not cause it to hit a target more than once. • Zap Case: The target can only use At-Will actions until the end of their next turn. This may only affect a target once per Scene.",porygon,82,False
fusion-cases,Fusion Cases,Jailbreaker Research Field,Sci-Fi Trainer Options,[],"Prerequisites: Jailbreaker, Master Technology Edu-",cation At-Will - Extended Action,You combine the two Poké Ball Cases into a single Fusion Case with both effects and types. Fu- sion Cases may not be used as Ingredients for this Feature.,porygon,82,False
jailbreaker,Jailbreaker,Jailbreaker Research Field,Sci-Fi Trainer Options,[],Prerequisites: Basic Balls,At-Will - Extended Action,You may craft any Poké Ball Case Recipe for which you qualify.,porygon,82,False
poke-ball-mods,Poké Ball Mods,Jailbreaker Research Field,Sci-Fi Trainer Options,[],Prerequisites: Jailbreaker,Static,You may craft any of the Poké Ball Modifica- tions on the next page.,porygon,82,False
trick-cases,Trick Cases,Jailbreaker Research Field,Sci-Fi Trainer Options,[],Prerequisites: Case Specialist,,"You may create a Spray Case, Flash Case, or Bounce Case for $400.",porygon,82,False
digital-avatar,Digital Avatar,Sci-Fi General,Sci-Fi Trainer Options,[],Prerequisites: Datajack Augmentation,,The Pokémon may dive into computer sys- tems and networks and gains a 3d6 in Technology Education if it did not previously have a Technology Education Skill.,porygon,77,False
dream-architect,Dream Architect,Sci-Fi General,Sci-Fi Trainer Options,[],"Prerequisites: Adept Intuition, Pokémon Education,",or Technology Education,You know how to operate Dream Machines and can use them to study and influence a Pokémon's dreams.,porygon,76,False
emergency-repairs,Emergency Repairs,Sci-Fi General,Sci-Fi Trainer Options,[],Prerequisites: Novice Technology Education,,You may repair vehicles as a standard action by making a Technology Education roll. You pay the amount of your roll and repair that much Hit Point damage to the vehicle. If the vehicle has any Breaches you may Patch one of them. Patched Breaches no longer count towards Breach Security but still count toward Breach Capacity.,porygon,76,False
glitched-existence,Glitched Existence,Sci-Fi General,Sci-Fi Trainer Options,[],"Prerequisites: Exposure to Glitch Phenomena, GM",Permission,You gain +2 to all Skill rolls to deal with Glitch phenomena.,porygon,76,False
gravity-training,Gravity Training,Sci-Fi General,Sci-Fi Trainer Options,[],Prerequisites: None,,"The Pokémon gains two steps to allocate in any direction to expand its Gravitic Tolerance capa- bility. If it has none, it may acquire one by allocating steps starting from its Home Gravity.",porygon,77,True
pokebot-training,Pokébot Training,Sci-Fi General,Sci-Fi Trainer Options,[],Prerequisites: Novice Technology,,You may control a Pokébot with Complexity up to your Technology Rank by using a Pokémon turn.,porygon,76,False
psychic-navigator,Psychic Navigator,Sci-Fi General,Sci-Fi Trainer Options,[],"Prerequisites: Elemental Connection (Psychic),",Adept Perception or Focus,You gain the Psychic Navigator Capability.,porygon,76,True
quick-case,Quick Case,Sci-Fi General,Sci-Fi Trainer Options,[],Prerequisites: Novice Technology Education,,You may remove a Case from a Poké Ball as a Swift Action. You may apply a Case to a Poké Ball as a Shift Action. (Normally these would be Shift and Standard Actions respectively),porygon,76,False
shock-resistance,Shock Resistance,Sci-Fi General,Sci-Fi Trainer Options,[],Prerequisites: Novice Technology Education,,You don't suffer Augmentation Shock from Electric Type damage unless it is Massive Damage.,porygon,76,False
trainer-edges,Trainer Edges,Sci-Fi General,Sci-Fi Trainer Options,[],"Prerequisites: Adept Technology Education, Novice","General Edges Defensive Hacking Focus, Datajack Augmentation",You may add your Focus Ranks as additional Damage Reduction while in digital battles. You may apply this Damage Reduction to Technology Educa- tion attacks.,porygon,76,False
type-sync,Type Sync,Sci-Fi General,Sci-Fi Trainer Options,[],Prerequisites: Elemental Connection; a Type-Linked,"Class*; Adept Medicine, Occult, or Tech Education. Special - Extended Action","The Target gains the Type of your Elemental Connection as an additional Type, or has one of their Types replaced by that Type. See the Type Changes section (page 436) for more information and sugges- tions. A Pokémon may be targeted by Type Sync only once. This Feature may be performed One Time for each Rank above Untrained you have of your highest of Medicine, Occult, or Tech Education, up to a max- imum of 4 times at Master Rank.",porygon,77,False
vehicle-training,Vehicle Training,Sci-Fi General,Sci-Fi Trainer Options,[],Prerequisites: Appropriate body type,,The Pokémon may drive vehicles that are appropriately outfitted to the species as a standard action.,porygon,77,False
body-augments,Body Augments,Upgrader Research Field,Sci-Fi Trainer Options,[],Prerequisites: Efficient Installation,,You may build and install the Medical Nano- bots Augmentation for $1000 and the Wired Reflex- es Augmentation for $1500.,porygon,84,False
datajack,Datajack,Upgrader Research Field,Sci-Fi Trainer Options,[],Prerequisites: Upgrader,,You may build and install the Datajack Augmentaion for $250.,porygon,84,False
dermal-augments,Dermal Augments,Upgrader Research Field,Sci-Fi Trainer Options,[],Prerequisites: Experimental Designs,,You may build and install the Dermal Plating Augmentation for $2000 and the Thermal-Optic Camo Augmentation for $4000.,porygon,84,False
efficient-installation,Efficient Installation,Upgrader Research Field,Sci-Fi Trainer Options,[],"Prerequisites: Upgrader, Expert Technology Edu",Static,You and your Pokémon gain a +2 boost to their maximum Augmentation Capacity and count their used Capacity as 2 lower for the purposes of Augmentation Shock. You and your Pokémon can install multiple Augmentations in the same Slot.,porygon,84,False
emergency-reactivation,Emergency Reactivation,Upgrader Research Field,Sci-Fi Trainer Options,[],"Prerequisites: Upgrader, Adept Technology Edu",1 AP - Free Action,The triggering user does not suffer Augmenta- tion Shock and their Augmentations are not disabled. This Feature may affect a target only once per Scene.,porygon,84,False
experimental-designs,Experimental Designs,Upgrader Research Field,Sci-Fi Trainer Options,[],"Prerequisites: Upgrader, Master Technology Edu",At-Will - Extended Action,"Choose an Augmentation the target has and apply the upgrade below. Experimental Designs may affect a target twice. • Enhanced Sight: The user gains the X-Ray Vision Capability. • Smart Vision: The user learns the Move Feint without taking a Move Slot. • Synthetic Muscle: The user recovers from Injuries twice as fast and heals one more Injury per day. • Embedded Weaponry: The weapon is Fine and gains Deadly Strike as a Master Move. • Wired Reflexes: The user gains one more Reflex Point per Scene and may also spend Reflex Points to gain +2 Critical Hit Range for one full round. • Medical Nanobots: Once a Scene, the user may cure themselves of all Persistent Status Afflictions as a Standard Action. • Dermal Plating: The user may also activate Dermal Plating to resist Special Damage. • Thermal-Optic Camo: While active, the user is invisible to Aura Reading and Thought Detection.",porygon,84,False
eye-augments,Eye Augments,Upgrader Research Field,Sci-Fi Trainer Options,[],Prerequisites: Upgrader,,You may build and install the Enhanced Sight Augmentation for $1000 and Smart Vision Augmentation for $1500.,porygon,84,False
limb-augments,Limb Augments,Upgrader Research Field,Sci-Fi Trainer Options,[],Prerequisites: Emergency Reactivation,,You build and install the Synthetic Muscle Augmentation for $1000 and the Embedded Weap- onry Augmentation for $2000.,porygon,84,False
upgrader,Upgrader,Upgrader Research Field,Sci-Fi Trainer Options,[],"Prerequisites: Novice Medicine Edu, Novice Tech-",nology Edu At-Will - Extended Action,You may craft any Augmentation Recipe for which you qualify and install them on yourself and willing Pokémon and Trainers.,porygon,84,False
bring-it-on,Bring It On!,Cheerleader,September 2015 Playtest,[],"Prerequisites: Cheers, Adept Charm",1 AP - Free Action,You may trigger Bring It On! whenever...,sep2015,3,False
cheerleader,Cheerleader,Cheerleader,September 2015 Playtest,"[""Class""]","Prerequisites: Inspired Training, Novice Charm",At-Will - Extended Action,Your Pokémon loses 2 Tutor Points and gains the Friend Guard Ability.,sep2015,3,False
cheers,Cheers,Cheerleader,September 2015 Playtest,[],Prerequisites: Cheerleader,X AP - Swift Action,"The target or targets of the triggering [Orders] are Cheered for 1 full round. While Cheered, the target's Combat Stages cannot be lowered by foe's attacks, features, or abilities. This Feature costs 0 AP if the triggering effect affects only one ally, and costs 1 AP if it affects two or more.",sep2015,3,False
go-fight-win,"Go, Fight, Win!",Cheerleader,September 2015 Playtest,"[""Orders""]","Prerequisites: Moment of Action, Expert Charm",Scene x3 - Standard Action,Choose and perform one of the cheers below. You may perform each Cheer only once per Scene.,sep2015,3,False
inspirational-support,Inspirational Support,Cheerleader,September 2015 Playtest,[],"Prerequisites: Cheers, Adept Charm",Static,"Whenever your Pokémon with Friend Guard targets an Ally with an Ability or Status Move, the targeted Ally becomes Cheered.",sep2015,3,False
keep-fighting,Keep Fighting!,Cheerleader,September 2015 Playtest,[],"Prerequisites: 5 Cheerleader Features, Master Charm",Daily x2 - Free Action,"That Ally's Hit Point count is reduced to 1 instead, and then gains Temporary Hit Points equal to your Charm Rank doubled.",sep2015,3,False
moment-of-action,Moment of Action,Cheerleader,September 2015 Playtest,"[""Orders""]",Prerequisites: Cheerleader,At-Will - Standard Action,Each target gains 1 Temporary Action Point. These Action Points disappear after one full Round.,sep2015,3,False
affliction-techniques,Affliction Techniques,Medic,September 2015 Playtest,[],"Prerequisites: Patch Cure, Expert Medicine Education",1 AP - Free Action,"If the target successfully cures the target of its linked Status Affliction, the item has additional effects.",sep2015,7,False
field-clinic,Field Clinic,Medic,September 2015 Playtest,[],Prerequisites: Adept Medicine Education,,"Whenever your party Sets Up Camp, you may spend $200 worth of Medical Scrap to set up a Field Clinic. While using the Field Clinic, all members gain the following benefits;",sep2015,7,False
front-line-healer,Front Line Healer,Medic,September 2015 Playtest,[],Prerequisites: Medic,Static,"When you apply a Restorative, you gain +5 Damage Reduction for 1 full round. Whenever you use Combat Medic's Primer's Rank 2 effect, you may apply the same effect on yourself. Damage Reduction from this Feature does not stack with itself.",sep2015,6,False
gotta-catch-em-all,Gotta Catch ‘Em All,Medic,September 2015 Playtest,[],Prerequisites: Advanced Capture Techniques Rank 3,Static,"Every time you Capture a Wild Pokémon that is a member of an evolutionary family of which you own no other Pokémon, you gain 1 Collector Stack. Whenever you make a Capture Roll, you may spend up to three Collector Stacks to gain an equal bonus to your Capture Roll, or you may spend three Collector Stacks to re-roll entirely.",sep2015,8,False
im-a-doctor,I'm a Doctor,Medic,September 2015 Playtest,"[""Ranked 2"", ""Gift""]","Rank 1 Prerequisites: Medic | Rank 2 Prerequisites: Medic, Adept Medicine",Education Static,"Each Rank, you gain one of Field Clinic or Medic Training and one of Nurse or First Aid Expertise.",sep2015,6,False
incandescence,Incandescence,Medic,September 2015 Playtest,"[""Orders"", ""Stratagem""]","Prerequisites: Brightest Flame, Type-Linked Skill at",Expert Bind 2 AP - Standard Action,"While this Feature is Bound, the target gains the Mixed Power Poké Edge effect when using damag- ing Fire-Type Attacks. If the target already has Mixed Power, they instead add their entire Attack and Special Attack Stats to all damaging Fire-Type Attacks, instead of one or the other. This does not stack with Twisted Power.",sep2015,9,False
medic,Medic,Medic,September 2015 Playtest,[],Prerequisites: Novice Medicine Education,Static,"You are always considered to have access to a First Aid Manual and a Combat Medic's Primer, and are always considered to be Binding their Rank 1 Effects without actually using any AP.",sep2015,6,False
medical-techniques,Medical Techniques,Medic,September 2015 Playtest,[],"Prerequisites: Medic, Adept Medicine Education",1 AP - Free Action,"The target of the triggering action gains a Tick of Hit Points, plus an additional amount of Hit Points equal to your Medicine Education Rank.",sep2015,6,False
mixed-power,Mixed Power,Medic,September 2015 Playtest,[],"Prerequisites: Level 10, Invested at least 5 Level-Up Stat",Points into both Attack and Special Attack,The user gains the Twisted Power Ability.,sep2015,9,False
nurse,Nurse,Medic,September 2015 Playtest,[],Prerequisites: Expert Medicine Education,Drain 2 AP - Free Action,"During this Extended Rest, Pokémon and Trainers in your care gain the benefits listed below. The AP Drain cost from triggering this Feature is applied after the Extended Rest is completed and AP Drain has otherwise been restored.",sep2015,7,False
proper-care,Proper Care,Medic,September 2015 Playtest,[],"Prerequisites: I'm a Doctor, Field Clinic, Expert",Medicine Education Static,"You gain additional bonuses to using Restoratives and Features while in a Field Clinic, Poke Center, Hospital, or other dedicated healing space that lets you access supplies.",sep2015,6,False
stay-with-us,Stay With Us!,Medic,September 2015 Playtest,[],"Prerequisites: Front Line Healer, Master Medicine","Education Daily x3 - Full Action, Reaction","You must be able to Shift to your target to use this Feature. If you can, you immediately do so, and may apply a Potion, Super Potion, Hyper Potion, Energy Powder, or Energy Root. Though damage, injuries, and all other effects of the triggering attack are finalized before this Feature is applied, do not determine if the target has been Fainted, Killed, or gained Injuries from Hit Point Markers until after the effects of the action chosen through use of this Feature has been resolved.",sep2015,6,False
