id,name,type,frequency_text,ac,damage_base,damage_dice,damage_set,class,range_text,effect_text,source_id,source_page,needs_review
absorb,Absorb,Grass,At-Will,2,2,1d6+3,7,Special,"4, 1 Target","After the target takes damage, the user gains Hit Points equal to half of the damage they dealt to the target.",core,380,False
accelerock,Accelerock,Rock,At-Will,2,4,1d8+6,1,Physical,"Melee, 1 Target, Priority",,sumo,22,False
acid,Acid,Poison,At-Will,2,4,1d8+6,11,Special,Cone 2,Acid lowers the target's Special Defense 1 Combat Stage on 18+.,core,414,False
acid-armor,Acid Armor,Poison,Scene,,,,,Status,"Self, Set-Up","The user becomes Liquefied. While Liquefied, the user is Slowed and cannot take Standard Actions except to Resolve the effect of Acid Armor, and the user's Movement is never obstructed by rough or slow terrain, and they can shift even through the smallest openings. Furthermore, while liquefied, the user is completely immune to all Physical damage, and becomes completely invisible if fully submerged in any liquid. The user gains +1 Defense Combat Stage, and then stops being liquified.",core,414,False
acid-spray,Acid Spray,Poison,EOT,2,4,1d8+6,11,Special,"4, 1 Target",Acid Spray lowers the target's Special Defense 2 Combat Stages.,core,414,False
acrobatics,Acrobatics,Flying,EOT,2,6,2d6+8,15,Physical,"Melee, Dash, 1 Target","If the user is not holding an item, Acrobatics instead has a Damage Base of 11 (3d10+10 / 27).",core,373,False
acupressure,Acupressure,Normal,EOT,2,,,,Status,"Melee, 1 Target or Self","Roll 1d6. On a result of 1, raise the target's Attack 2 Combat Stages. On a result of 2, raise the target's Defense 2 Combat Stages. On a result of 3, raise the target's Special Attack 2 Combat Stages. On a result of 4, raise the target's Special Defense 2 Combat Stages. On a result of 5, raise the target's Speed 2 Combat Stages. On a result of 6, raise the target's Accuracy by +2.",core,391,False
aerial-ace,Aerial Ace,Flying,EOT,,6,2d6+8,15,Physical,"Melee, 1 Target",Aerial Ace cannot miss.,core,373,False
aeroblast,Aeroblast,Flying,Daily,3,10,3d8+10,24,Special,Line 6,Aeroblast is a Critical Hit on an Even-Numbered Roll.,core,373,False
after-you,After You,Normal,Scene x2,,,,,Status,"6, 1 Target","After You is a Swift Action. The target takes their turn for the round immediately after the user finishes their turn, ignoring Initiative. After You may only affect a target that has not yet acted that round and can only affect willing targets.",core,391,False
agility,Agility,Psychic,EOT,,,,,Status,Self,Raise the user's Speed 2 Combat Stages.,core,418,False
air-cutter,Air Cutter,Flying,At-Will,2,6,2d6+8,15,Special,Cone 2,Air Cutter is a Critical Hit on 18+.,core,373,False
air-slash,Air Slash,Flying,EOT,3,8,2d8+10,19,Special,"6, 1 Target",Air Slash Flinches the target on 15+.,core,373,False
ally-switch,Ally Switch,Psychic,Scene,,,,,Status,"6, 1 Target, Interrupt","Ally Switch may be declared during a foe's turn as an Interrupt. The user chooses one willing ally within 6 meters; the target and the user switch places. If the ally was a target of a Move, the user is now the target; If the user was a target of a Move, the ally is now the target.",core,418,False
amnesia,Amnesia,Psychic,EOT,,,,,Status,Self,Raise the user's Special Defense 2 Combat Stages.,core,418,False
anchor-shot,Anchor Shot,Steel,EOT,2,8,2d8+10,19,Physical,"Melee, 1 Target",The Target is Trapped for 2 rounds. Anchor Shot may only be used from the user's Anchor Token.,sumo,23,False
ancient-power,Ancient Power,Rock,EOT,2,6,2d6+8,15,Special,"6, 1 Target, Spirit Surge","On 19+, the user has each of its stats raised by +1 Combat Stage.",core,426,False
apple-acid,Apple Acid,Grass,EOT,2,8,2d8+10,19,Special,Cone 2,The target's Special Defense is lowered by 1 CS.,new,11,False
aqua-jet,Aqua Jet,Water,At-Will,2,4,1d8+6,11,Physical,"Melee, 1 Target, Priority",None,core,432,False
aqua-ring,Aqua Ring,Water,Scene,,,,,Status,"Self, Coat",Aqua Ring covers the user in a Coat that heals the user at the beginning of their turn. The user is healed a Tick of Hit Points each turn.,core,432,False
aqua-tail,Aqua Tail,Water,EOT,4,9,2d10+10,21,Physical,"Melee, Pass",None,core,432,False
arcane-fury,Arcane Fury,Normal,EOT,3,3,1d6+5,9,Special,Cone 2,Arcane Fury's Targets become Vulnerable on 19+.,got,44,False
arcane-ray,Arcane Ray,Normal,EOT,2,3,1d6+5,9,Special,"WR, 1 Target, Double Strike",Arcane Ray Flinches the target on 19+.,edit,54,False
arcane-storm,Arcane Storm,Normal,Scene x2,2,6,2d6+8,15,Special,"WR, Blast 3",All targets of Arcane Storm are Slowed and Vulnerable for 1 Full Round.,got,45,False
arm-thrust,Arm Thrust,Fighting,EOT,4,2,1d6+3,7,Physical,"Melee, 1 Target, Five Strike",None,core,363,False
aromatherapy,Aromatherapy,Grass,Scene,,,,,Status,Burst 1,All allies in the burst are cured of one status condition of their choice.,core,380,False
aromatic-mist,Aromatic Mist,Fairy,EOT,,,,,Status,Burst 1,All allies in Aromatic Mist's area of effect have their Special Defense raised 1 Combat Stage.,core,360,False
assist,Assist,Normal,Scene x2,,,,,Status,Self,Randomly select another Pokémon on the user's roster and then randomly select a Move that Pokémon knows. Assist's user uses that Move immediately.,core,391,False
assurance,Assurance,Dark,At-Will,2,6,2d6+8,15,Physical,"Melee, 1 Target","When you hit with Assurance, if Assurance's target has already been damaged by a Move on the same round Assurance is being used, Assurance has a Damage Base of 12 (3d12+10 / 30) instead. This effect may trigger only once per Scene per Target.",core,350,False
astonish,Astonish,Ghost,At-Will,2,3,1d6+5,9,Physical,"Melee, 1 Target","Astonish Flinches the target on 15+. Once per scene, if the target is unaware of the user's presence, Astonish automatically Flinches the target.",core,377,False
attack-order,Attack Order,Bug,EOT,2,9,2d10+10,21,Physical,"6, 1 Target",Attack Order is a Critical Hit on 18+.,core,337,False
attract,Attract,Normal,Scene x2,2,,,,Status,"3, 1 Target, Social",Attract Infatuates the target if its gender is the opposite of the user's. Attract fails when used by or against Genderless targets.,core,391,False
aura-sphere,Aura Sphere,Fighting,EOT,,8,2d8+10,19,Special,"8, 1 Target, Aura",Aura Sphere cannot miss.,core,363,False
aura-wheel,Aura Wheel,Electric,Scene x2,2,11,3d10+10,27,Physical,"Melee, 1 Target",The user's Speed is increased 1 CS.,new,7,False
aurora-beam,Aurora Beam,Ice,At-Will,2,7,2d6+10,17,Special,"6, 1 Target",Aurora Beam lowers the target's Attack 1 Combat Stage on 18+.,core,388,False
aurora-veil,Aurora Veil,Ice,Scene,,,,,Status,Blessing,"Blessing - Any user affected by Aurora Veil may activate it when receiving Damage to resist the Damage one step. Aurora Veil may be activated 2 times, and then disappears.",sumo,18,False
autotomize,Autotomize,Steel,EOT,,,,,Status,Self,"For the remainder of the Encounter, the user's Weight Class is one value lower, to a minimum of 1. If the user can, the user's Speed is raised by +2 Combat Stages.",core,429,False
avalanche,Avalanche,Ice,EOT,2,6,2d6+8,15,Physical,"Melee, 1 Target","When declaring Avalanche, the user does nothing and may not Shift. At the end of the round, the user Shifts and uses Avalanche on any legal target. If the target damaged the user this round, Avalanche has a Damage Base of 12 (4d10+15 / 40) instead.",core,388,False
baby-doll-eyes,Baby-Doll Eyes,Fairy,EOT,2,,,,Status,"4, 1 Target, Priority, Social",The target's Attack is lowered 1 Combat Stage.,core,360,False
backswing,Backswing,Normal,EOT,2,7,2d6+10,17,Physical,"Melee, 2 Targets",None,core,288,False
bane,Bane,Normal,Scene x2,2,4,1d8+6,11,Special,"WR, 1 Target",The target loses a Tick of Hit Points at the start of their next three turns and suffers a -2 penalty to all Save Checks on those turns.,got,45,False
baneful-bunker,Baneful Bunker,Poison,Scene,,,,,Status,"Self, Interrupt, Shield, Trigger","If the user is hit by an attack, the user may use Baneful Bunker. The user is instead not hit by the Move. You do not take any damage nor are you affected by any of the Move's effects. In addition, if the triggering attack was Melee ranged, the attacker is Poisoned.",sumo,20,False
barrage,Barrage,Normal,At-Will,4,2,1d6+3,7,Physical,"6, 1 Target, Five Strike",None,core,391,False
barrier,Barrier,Psychic,Scene x2,,,,,Status,Hazard,"The user creates a Barrier of psychic energy. The user places up to 4 segments of Barrier; each segment must be continuous with another segment, and at least one must be adjacent to the user. These barriers count as blocking terrain and last until the end of the encounter or until they are destroyed. Each Barrier segment is 2 meters tall, 1 meter wide, and 2 centimeters thick. Each segment has 20 Hit Points, 15 Damage Reduction, and takes damage as if it was Psychic Typed.",core,418,False
bash,Bash!,Normal,EOT,2,7,2d6+10,17,Physical,"WR, 1 Target",Bash! lowers the target's Initiative to 0 for 1 full round on 15+.,core,288,False
baton-pass,Baton Pass,Normal,At-Will,,,,,Status,Self,"The user is replaced with another Pokémon from their trainer's roster. All Combat Stage, Coats, and [Stratagems] on Baton Pass' user are transferred to the replacement. Baton Pass may be used to switch even if the user is Trapped.",core,391,False
beak-blast,Beak Blast,Flying,Scene x2,2,10,3d8+10,24,Physical,"6, 1 Target, Priority","Beak Blast must be declared at the start of the round. If the user is hit by a Melee attack this round, their attacker is Burned. At the end of the round, the user may shift and attack with Beak Blast.",sumo,14,False
beat-up,Beat Up,Dark,EOT,,,,,Physical,"Melee, 1 Target","The user and up to two allies adjacent to the target may each make a Struggle Attack against the target. These Struggle Attacks hit for Dark-Type Damage instead of their usual Type. Beat Up may trigger Pack Hunt only once, no matter the number of attacks.",core,350,False
behemoth-bash,Behemoth Bash,Steel,Scene x2,2,10,3d8+10,24,Physical,"Melee, 1 Target","The DB of Behemoth Bash increases by +2 for each positive CS the target has, to a maximum of DB 20.",new,15,False
behemoth-blade,Behemoth Blade,Steel,Scene x2,2,10,3d8+10,24,Physical,"Melee, 1 Target","The DB of Behemoth Blade increases by +2 for each positive CS the target has, to a maximum of DB 20.",new,15,False
belch,Belch,Poison,Scene x2,4,12,3d12+10,30,Special,Cone 2,Belch cannot be used if the user has not traded in a Digestion Buff during this Scene.,core,414,False
belly-drum,Belly Drum,Normal,Scene,,,,,Status,Self,"The user gains +6 Attack Combat Stages, and loses Hit Points equal to ½ of their Max Hit Points.",core,391,False
bestow,Bestow,Normal,At-Will,,,,,Status,"Melee, 1 Target","The user gives its held item to the target, unless the target is already holding an item. Using Bestow is a Swift Action.",core,392,False
bide,Bide,Normal,Scene,,,,,Physical,"Burst 1, Friendly","The user may use Bide as a Reaction Move upon being Hit by a Damaging Move. During their next available turn, the user may Shift and then use Bide, causing all Adjacent foes to lose X HP, where X is the amount of Damage taken since declaring use of Bide (Loss of life through effects such as Poison is not ‘Damage').",core,392,False
bind,Bind,Normal,Static,,,,,Static,,"The user gains a +1 Bonus to Accuracy Rolls made to initiate Grapple Maneuvers, and +2 to Skill Checks made to initiate Grapple Maneuvers or gain Dominance. Whenever the user gains Dominance in a Grapple, the target of the Grapple loses a Tick of Hit Points.",core,392,True
bite,Bite,Dark,At-Will,2,6,2d6+8,15,Physical,"Melee, 1 Target",Bite Flinches the target on 15+.,core,350,False
blade-trap,Blade Trap,Steel,Scene,,,,,Status,"Self, Interrupt, Shield, Trigger","If the user is hit by an attack, the user may use Blade Trap. The user is instead not hit by the Move. You do not take any damage nor are you affected by any of the Move's effects. In addition, if the triggering attack was Melee ranged, the attacker becomes Vulnerable for one full round. 34",got,34,False
blast-burn,Blast Burn,Fire,Daily x2,4,15,4d10+20,45,Special,"Close Blast 3, Smite, Exhaust",None,core,369,False
blaze-kick,Blaze Kick,Fire,EOT,4,9,2d10+10,21,Physical,"Melee, 1 Target","Blaze Kick Burns the target on 19+, and is a Critical Hit on 18+.",core,369,False
bleed,Bleed!,Normal,Scene x2,2,9,2d10+10,21,Physical,"WR, 1 Target",The target loses a Tick of Hit Points at the start of their next three turns.,core,290,False
blizzard,Blizzard,Ice,Scene x2,7,11,3d10+10,27,Special,"4, Ranged Blast 2, Smite","Blizzard Freezes all legal target on 15+. If the target is in Hailing Weather, Blizzard cannot miss.",core,388,False
block,Block,Normal,At-Will,2,,,,Status,"Melee, 1 Target",The target is Stuck and Trapped until the beginning of your next turn.,core,392,False
blue-flare,Blue Flare,Fire,Scene x2,5,13,4d10+10,35,Special,"10, 1 Target, Smite",Blue Flare Burns the target on 17+.,core,369,False
body-press,Body Press,Fighting,Scene x2,2,8,2d8+10,19,Physical,"Melee, 1 Target",The user's Defense Stat is added to the damage roll instead of the Attack Stat.,new,9,False
body-slam,Body Slam,Normal,Scene x2,2,9,2d10+10,21,Physical,"Melee, 1 Target",Body Slam Paralyzes the target on 15+.,core,392,False
bolt-beak,Bolt Beak,Electric,Scene x2,2,9,2d10+10,21,Physical,"Melee, 1 Target","Against targets with a lower initiative that have not yet acted this round, Bolt Beak deals +10 damage.",new,7,False
bolt-strike,Bolt Strike,Electric,Scene x2,5,13,4d10+10,35,Physical,"10, 1 Target, Smite",Bolt Strike Paralyzes the target on 17+.,core,356,False
bone-club,Bone Club,Ground,At-Will,5,7,2d6+10,17,Physical,"Melee, 1 Target",Bone Club Flinches the target on 18+.,core,385,False
bone-rush,Bone Rush,Ground,EOT,4,3,1d6+5,9,Physical,"Melee, 1 Target, Five Strike",None,core,385,False
bonemerang,Bonemerang,Ground,EOT,3,5,1d8+8,13,Physical,"6, Double Strike",None,core,385,False
boomburst,Boomburst,Normal,Scene,2,14,4d10+15,40,Special,"Burst 1, Sonic",None,core,392,False
bounce,Bounce,Flying,Scene x2,4,9,2d10+10,21,Physical,"Melee, 1 Target, Dash, Full Action","The user first Shifts, gaining a +1 Bonus to Movement Speed and to their Jump Capabilities. After the user Shifts, they may attack with Bounce. The target becomes Vulnerable, and is Paralyzed on 16+.",core,373,False
branch-poke,Branch Poke,Grass,At-Will,2,4,1d8+6,11,Physical,"2, 1 Target",,new,11,False
brave-bird,Brave Bird,Flying,Scene x2,2,12,3d12+10,30,Physical,"Melee, Dash, Push, Recoil 1/3",The target is pushed back 2 meters.,core,373,False
breaking-swipe,Breaking Swipe,Dragon,EOT,2,6,2d6+8,15,Physical,Close Blast 2,The target's Attack is lowered 1 CS.,new,6,False
brick-break,Brick Break,Fighting,At-Will,2,8,2d8+10,19,Physical,"Melee, 1 Target",Light Screen and Reflect may not be activated in response to Brick Break.,core,363,False
brine,Brine,Water,Scene x2,2,7,2d6+10,17,Special,"6, 1 Target","If the target's Hit Points are under 50%, Brine's Damage Base is increased to Damage Base 13 (4d10+10 / 35).",core,432,False
brutal-swing,Brutal Swing,Dark,EOT,2,6,2d6+8,15,Physical,Burst 1,,sumo,8,False
bubble,Bubble,Water,At-Will,2,4,1d8+6,11,Special,Burst 1,Bubble lowers the target's Speed on 16+.,core,432,False
bubble-beam,Bubble Beam,Water,At-Will,2,8,3d6+10,21,Special,"4, 1 Target",Bubble Beam lowers the target's Speed on 18+.,core,432,False
bug-bite,Bug Bite,Bug,At-Will,2,6,2d6+8,15,Physical,"Melee, 1 Target","If the target has a stored Digestion Buff or has traded in a Digestion Buff this Scene, the user may gain the effects of the Digestion Buff. This does not count towards the usual limit on the user's Digestion Buffs.",core,346,False
bug-buzz,Bug Buzz,Bug,Scene x2,2,9,2d10+10,21,Special,"Cone 2 or Close Blast 2, Sonic, Smite",Bug Buzz lowers the Special Defense of all targets on 19+.,core,346,False
bulk-up,Bulk Up,Fighting,EOT,,,,,Status,Self,Raise the user's Attack 1 Combat Stage and raise the user's Defense 1 Combat Stage.,core,363,False
bulldoze,Bulldoze,Ground,EOT,2,6,2d6+8,15,Physical,Burst 1,All Legal Targets are lowered 1 Speed Combat Stage.,core,385,False
bullet-punch,Bullet Punch,Steel,At-Will,2,4,1d8+6,11,Physical,"Melee, 1 Target, Priority",None.,core,429,False
bullet-seed,Bullet Seed,Grass,EOT,4,3,1d6+5,9,Physical,"6, 1 Target, Five Strike",None,core,380,False
bullseye,Bullseye,Normal,EOT,2,6,2d6+8,15,Physical,"WR, 1 Target",Bullseye is a Critical Hit on 16+.,core,288,False
burn-up,Burn Up,Fire,Daily x2,2,13,4d10+10,35,Special,"Burst 1, Smite","Until the end of the encounter, the user loses its Fire-Type. Pure Fire-Types instead become Normal-Type.",sumo,13,False
calm-mind,Calm Mind,Psychic,EOT,,,,,Status,Self,Raise the user's Special Attack 1 Combat Stage and raise the user's Special Defense 1 Combat Stage.,core,418,False
camouflage,Camouflage,Normal,EOT,,,,,Status,Self,"The user changes their Type to match the field. Forests and grassy areas change the user into Grass- Type. Watery areas change the user into Water-Type. Caves and Mountains could change the user into Rock- Type or Ground-Type. An icy terrain would turn the user into Ice-Type. A building may change the user into Steel-Type or Normal-Type. Weather affects what Type the user becomes. Use common sense, if you are having difficult determining what type the user should become, consult the GM.",core,392,False
captivate,Captivate,Normal,Scene,2,,,,Status,"Cone 2, Friendly, Social",Captivate lowers the target's Special Attack 2 Combat Stages. Captivate may not affect something that is the same gender as the user or something that is genderless.,core,393,False
charge,Charge,Electric,EOT,,,,,Status,Self,"If the user performs an Electric Move on their next turn that deals damage, add its Damage Dice Roll an extra time to the damage. Raise the user's Special Defense 1 Combat Stage.",core,356,False
charge-beam,Charge Beam,Electric,At-Will,4,5,1d8+8,13,Special,"6, 1 Target","If Charge Beam successfully hits a target, roll 1d20. On a roll of 7+, the user's Special Attack is raised by +1 Combat Stage.",core,356,False
charm,Charm,Fairy,EOT,2,,,,Status,"6, 1 Target, Social",Charm lowers the target's Attack 2 Combat Stages.,core,360,False
chatter,Chatter,Flying,At-Will,2,7,2d6+10,17,Special,"4, 1 Target, Sonic",Chatter confuses all targets on 16+.,core,373,False
cheap-shot,Cheap Shot,Normal,EOT,2,5,1d8+8,13,Physical,"WR, 1 Target",Cheap Shot cannot miss.,core,288,False
chip-away,Chip Away,Normal,EOT,2,7,2d6+10,17,Physical,"Melee, 1 Target","Ignore any Armor, Damage Reduction, or changes in the target's Defense or Special Defense (such as from Combat Stages) when calculating damage.",core,393,False
circle-throw,Circle Throw,Fighting,At-Will,4,6,2d6+8,15,Physical,"Melee, 1 Target, Push","The target is Pushed 6 meters minus their Weight Class. On 15+, the target is also Tripped.",core,363,False
clamp,Clamp,Water,Static,,,,,Static,,"The user gains a +1 Bonus to Accuracy Rolls made to initiate Grapple Maneuvers, and +2 to Skill Checks made to initiate Grapple Maneuvers or gain Dominance. Whenever the user gains Dominance in a Grapple, the target of the Grapple loses a Tick of Hit Points.",core,432,True
clanging-scales,Clanging Scales,Dragon,Scene x2,2,11,3d10+10,27,Special,"6, 1 Target or Burst 1","The user adds half their Defense Stat to Clanging Scale's Damage Roll. After the Move is resolved, the user's Defense is lowered by 1 CS.",sumo,9,False
clangorous-soul,Clangorous Soul,Dragon,Scene,,,,,Status,Self,The user loses 1/3rd of their Max Hit Points and has each of its stats raised by +1 Combat Stage.,new,6,False
clear-smog,Clear Smog,Poison,Scene x2,,5,1d8+8,13,Special,"6, 1 Target","The target's Combat Stages are reset to their default, and all Coats on the target are destroyed. Clear Smog cannot miss.",core,414,False
close-combat,Close Combat,Fighting,Scene x2,2,12,3d12+10,30,Physical,"Melee, 1 Target, Dash",The user's Defense and Special Defense are each lowered by -1 Combat Stage.,core,363,False
coil,Coil,Poison,Scene x2,,,,,Status,Self,"Raise the user's Attack 1 Combat Stage, raise the user's Defense 1 Combat Stage, and the user gains +1 Accuracy.",core,414,False
comet-punch,Comet Punch,Normal,At-Will,4,2,1d6+3,7,Physical,"Melee, 1 Target, Five Strike",None,core,393,False
cone-of-force,Cone of Force,Normal,Scene x2,2,6,2d6+8,15,Special,"Cone 2, Push","Cone of Force Pushes all targets 2 meters, and lowers their Evasion by -2 for 1 full round..",got,45,False
confide,Confide,Normal,At-Will,2,,,,Status,"4, 1 Target, Social",The target's Special Attack is lowered 1 Combat Stage.,core,393,False
confuse-ray,Confuse Ray,Ghost,Scene x2,2,,,,Status,"6, 1 Target",The target is Confused.,core,377,False
confusion,Confusion,Psychic,At-Will,2,5,1d8+8,13,Special,"6, 1 Target",Confusion Confuses the target on 19+.,core,418,False
constrict,Constrict,Normal,At-Will,2,1,1d6+1,4,Physical,"Melee, 1 Target","Constrict lowers the target's Speed 1 Combat Stage. Constrict may be used as a Swift Action against targets the user is Grappling, and automatically hits when performed this way.",core,393,False
conversion,Conversion,Normal,At-Will,,,,,Status,Self,The user becomes the elemental Type of their choice as long as they have a Move that is the same elemental Type until the end of the encounter. Replace all other Types.,core,393,False
conversion2,Conversion2,Normal,At-Will,,,,,Status,Self,The user becomes the elemental Type of their choice as long as the Type resists the elemental Type of the Move it last took damage from until the end of the encounter. Replace all other Types.,core,393,False
copycat,Copycat,Normal,Scene x2,,,,,Status,"4, 1 Target",Use the Move the target has used on their last turn. You may choose new targets for the Move. Copycat cannot miss.,core,393,False
core-enforcer,Core Enforcer,Dragon,Daily x2,2,10,3d8+10,24,Special,"6, Ranged Blast 1, Spirit Surge","Each target has its Ability disabled until the end of the encounter. If a target has more than one Ability, you choose one of them to disable.",sumo,9,False
cosmic-power,Cosmic Power,Psychic,EOT,,,,,Status,Self,Raise the user's Defense 1 Combat Stage and raise the user's Special Defense 1 Combat Stage.,core,419,False
cotton-guard,Cotton Guard,Grass,Scene,,,,,Status,Self,Raise the user's Defense 3 Combat Stages.,core,380,False
cotton-spore,Cotton Spore,Grass,EOT,2,,,,Status,"Burst 1, Powder",All Legal Targets have their Speed lowered 2 Combat Stages.,core,380,False
counter,Counter,Fighting,Scene x2,,,,,Physical,"Melee, 1 Target, Reaction, Trigger","Counter may be used as a Reaction when the user is hit by a damaging Physical Attack. Resolve the Triggering Attack, with Counter's user resisting the attack one step further. After the attack is resolved, if Counter's user was not Fainted, the triggering foe then loses Hit Points equal to twice the amount of Hit Points lost by the user from the triggering attack. Note that Counter is Physical, and while it cannot miss, it cannot hit targets immune to Fighting-Type Moves.",core,363,False
court-change,Court Change,Normal,Daily,,,,,Status,Field,All Blessings and Hazards swap which side that they belong to.,new,12,False
covet,Covet,Normal,At-Will,2,6,2d6+8,15,Physical,"Melee, 1 Target","Covet takes the target's Held Item or Accessory Slot Item and attaches it to Covet's user, if the user is not holding anything.",core,394,False
crabhammer,Crabhammer,Water,EOT,4,10,3d8+10,24,Physical,"Melee, 1 Target",Crabhammer is a Critical Hit on 18+.,core,432,False
crafty-shield,Crafty Shield,Fairy,Scene,,,,,Status,"Burst 2, Interrupt, Shield, Trigger","If the user or an Ally within 2 meters of Crafty Shield's user is hit by a Status Move, you may use Crafty Shield as an Interrupt. All targets in Crafty Shield's area- of-effect including the user, are instead not hit by the triggering Move and do not suffer any of its effects.",core,360,False
cross-chop,Cross Chop,Fighting,Scene x2,4,10,3d8+10,24,Physical,"Melee, 1 Target",Cross Chop is a Critical Hit on 16+.,core,364,False
cross-poison,Cross Poison,Poison,EOT,2,7,2d6+10,17,Physical,"Melee, Pass","Cross Poison is a Critical Hit on 18+, and Poisons the target on 19+.",core,414,False
crunch,Crunch,Dark,EOT,2,8,2d8+10,19,Physical,"Melee, 1 Target",Crunch lowers the target's Defense 1 Combat Stage on 17+,core,350,False
crush-claw,Crush Claw,Normal,EOT,3,7,2d6+10,17,Physical,"Melee, 1 Target, Dash",Crush Claw lowers the target's Defense 1 Combat Stage on Even-Numbered Rolls.,core,394,False
crush-grip,Crush Grip,Normal,Scene,2,12,3d12+10,30,Physical,"Melee, 1 Target","For every 10% the target is below their full Hit Points, Crush Grip's Damage Base is reduced by 1.",core,394,False
curse,Curse,Ghost,See Text,,,,,Status,Self,"If the user is not a Ghost Type, Curse has a Frequency of EOT, and when used the user lowers its Speed by -1 Combat Stage, but raises Attack and Defense by +1 Combat Stage each. If the user is a Ghost Type, Curse has a Frequency of Scene, and when used the user loses 1/3rd of their Max Hit Points and a target Pokémon or Trainer within 8 meters of the user becomes Cursed. This Hit Point loss cannot be prevented in any way.",core,377,False
cut,Cut,Normal,At-Will,3,5,1d8+8,13,Physical,"Melee, Pass",Cut ignores up to 5 Damage Reduction (Defenses are not Damage Reduction).,core,394,False
dark-pulse,Dark Pulse,Dark,EOT,2,8,2d8+10,19,Special,"8, 1 Target, Aura",Dark Pulse Flinches the target on 17+,core,350,False
dark-void,Dark Void,Dark,EOT,10,,,,Status,Melee 1,"The target falls Asleep. Once per Scene, Dark Void may be used as if its range were ""Burst 5, Friendly"" instead.",sumo,8,False
darkest-lariat,Darkest Lariat,Dark,EOT,2,9,2d10+10,21,Physical,"Melee, 1 Target",This Move ignores the target's positive Defense Combat Stages and all Damage Reduction.,sumo,8,False
dazzling-gleam,Dazzling Gleam,Fairy,EOT,2,8,2d8+10,19,Special,Cone 2,None,core,360,False
deadly-strike,Deadly Strike,Normal,Scene x2,2,6,2d6+8,15,Physical,"WR, 1 Target","If Deadly Strike Hits, it is a Critical Hit.",core,290,False
decorate,Decorate,Fairy,Scene,,,,,Status,"Melee, 1 Target",The target gains +2 CS in both Attack and Special Attack.,new,8,False
defend-order,Defend Order,Bug,EOT,,,,,Status,Self,Raise the user's Defense and Special Defense 1 Combat Stage each.,core,346,False
defense-curl,Defense Curl,Normal,At-Will,,,,,Status,Self,"The user's Defense is raised 1 Combat Stage and they become Curled Up until the end of the Scene or they are Recalled or Take a Breather. When using the Moves Rollout or Ice Ball while Curled Up, the user gains a +10 bonus to the damage rolls of those Moves.",sep2015,4,False
defog,Defog,Flying,Daily x2,,,,,Status,"Field, Weather","The Weather becomes Clear, and all Blessings, Coats, and Hazards are destroyed. Clear Weather is the default weather, conferring no innate bonuses or penalties of any sort.",core,374,False
destiny-bond,Destiny Bond,Ghost,EOT,,,,,Status,"Burst 10, Friendly","All enemy targets in the burst become Bound to the user until the end of the user's next turn. If a Bound target causes the user to Faint through a Damaging Attack, the Bound target immediately faints after their attack is resolved.",core,377,False
detect,Detect,Fighting,Scene,,,,,Status,"Self, Interrupt, Shield, Trigger","If the user is hit by a Move, the user may use Detect. The user is instead not hit by the Move. You do not take any damage nor are you affected by any of the Move's effects.",core,364,False
diamond-storm,Diamond Storm,Rock,Scene,3,10,3d8+10,24,Physical,"Close Blast 3, Friendly, Smite","On Even-Numbered Rolls, Diamond Storm raises the User's Defense by 1 Combat Stage.",core,426,False
dig,Dig,Ground,EOT,2,8,2d8+10,19,Physical,"Burst 1, Set-Up, Full Action, Groundsource","The user shifts 25 meters underground and their turn ends. The user may shift horizontally using their burrow or overland speed, and then shifts 25 meters straight up. Upon reaching the surface, the user attacks with Dig, creating a Burst 1.",core,385,False
disable,Disable,Normal,Scene,,,,,Status,"1 Target, Trigger",Disable may be used as a Free Action that does not take up a Command whenever the user is hit by a Move. That Move becomes Disabled for the attacker.,core,394,False
disarming-voice,Disarming Voice,Fairy,At-Will,,4,1d8+6,11,Special,Burst 1,Disarming Voice cannot miss.,core,360,False
discharge,Discharge,Electric,EOT,2,8,2d8+10,19,Special,All Cardinally Adjacent Targets,Discharge Paralyzes all legal targets on 15+.,core,356,False
dive,Dive,Water,Scene x2,2,8,2d8+10,19,Physical,"Burst 1, Set-Up, Full Action","The user moves underwater and their turn ends. The user must be in water at least 10 meters deep to use Dive. While underwater, the user may not be targeted by Moves. The user may shift horizontally using their underwater speed, and then may shift straight up until reaching a target. The user then attacks with Dive, creating a Burst 1.",core,433,False
dizzy-punch,Dizzy Punch,Normal,At-Will,2,7,2d6+10,17,Physical,"Melee, 1 Target",Dizzy Punch Confuses the target on 17+,core,394,False
doom-desire,Doom Desire,Steel,Scene x2,,14,4d10+15,40,Special,"10, 1 Target","Doom Desire does nothing on the turn it is used. At the end of the user's next turn, Doom Desire hits, even if the user is no longer on the field. Doom Desire cannot miss.",core,429,False
double-hit,Double Hit,Normal,EOT,3,4,1d8+6,11,Physical,"Melee, 1 Target, Double Strike",None,core,395,False
double-iron-bash,Double Iron Bash,Steel,Scene x2,2,6,2d6+8,15,Physical,"Melee, 1 Target, Double Strike",Double Iron Bash Flinches the targets on 15+. This move is affected by Iron Fist.,new,15,False
double-kick,Double Kick,Fighting,At-Will,3,3,1d6+5,9,Physical,"Melee, 1 Target, Double Strike",None,core,364,False
double-slap,Double Slap,Normal,At-Will,4,2,1d6+3,7,Physical,"Melee, 1 Target, Five Strike",None,core,395,False
double-swipe,Double Swipe,Normal,EOT,2,4,1d8+6,11,Physical,"WR, 2 Targets; or WR, 1 Target, Double Strike",None Limitations: None,core,288,False
double-team,Double Team,Normal,Scene,,,,,Status,"Self, Illusion, Coat",The user gains 3 activations of Double Team. The user may either activate Double Team when being targeted by an attack to increase their Evasion by +2 against that attack; or when making an attack to increase their Accuracy by +2 for that attack.,core,395,False
double-edge,Double-Edge,Normal,Scene x2,2,12,3d12+10,30,Physical,"Melee, 1 Target, Dash, Recoil 1/3",None,core,395,False
draco-meteor,Draco Meteor,Dragon,Scene,4,13,4d10+10,35,Special,"8, Ranged Blast 3, Smite",Lower the user's Special Attack 2 Combat Stages after damage.,core,354,False
dragon-ascent,Dragon Ascent,Flying,Scene x2,2,12,3d12+10,30,Physical,"Melee, 1 Target, Dash",The user's Defense and Special Defense are each lowered by -1 Combat Stage.,core,374,False
dragon-breath,Dragon Breath,Dragon,EOT,2,6,2d6+8,15,Special,"6, 1 Target",Dragon Breath Paralyzes the Target on 15+.,core,354,False
dragon-claw,Dragon Claw,Dragon,At-Will,2,8,2d8+10,19,Physical,"Melee, 1 Target",None,core,354,False
dragon-dance,Dragon Dance,Dragon,EOT,,,,,Status,Self,Raise the user's Attack 1 Combat Stage and raise the user's Speed 1 Combat Stage.,core,354,False
dragon-darts,Dragon Darts,Dragon,EOT,2,5,1d8+8,13,Physical,"6, 1 Target, Double Strike; or 6, 2 Targets",,new,6,False
dragon-hammer,Dragon Hammer,Dragon,EOT,2,9,2d10+10,21,Physical,"Melee, 1 Target or Line 3",,sumo,9,False
dragon-pulse,Dragon Pulse,Dragon,EOT,2,9,2d10+10,21,Special,"8, 1 Target, Aura",None,core,354,False
dragon-rage,Dragon Rage,Dragon,At-Will,2,,Special,,Special,"4, 1 Target","If it hits, Dragon Rage causes the target to lose 15 Hit Points. Dragon Rage is Special and interacts with other moves and effects as such (Special Evasion may be applied to avoid it, Mirror Coat can reflect it, etc.).",core,354,False
dragon-rush,Dragon Rush,Dragon,Scene x2,4,10,3d8+10,24,Physical,"Melee, 1 Target, Dash, Push, Smite",The target is Pushed 3 meters. Dragon Rush Flinches the target on 17+.,core,354,False
dragon-tail,Dragon Tail,Dragon,At-Will,3,6,2d6+8,15,Physical,"Melee, 1 Target, Push","The target is Pushed 6 meters minus their Weight Class. On a roll of 15+, the target is also Tripped.",core,354,False
drain-punch,Drain Punch,Fighting,Scene x2,2,8,2d8+10,19,Physical,"Melee, 1 Target, Aura","After the target takes damage, the user gains HP equal to half of the damage they dealt to the target.",core,364,False
draining-kiss,Draining Kiss,Fairy,EOT,2,5,1d8+8,13,Special,"Melee, 1 Target","After the target takes damage, the user gains Hit Points equal to half of the damage they dealt to the target.",core,360,False
dream-eater,Dream Eater,Psychic,EOT,2,10,3d8+10,24,Special,"Melee, 1 Target","Dream Eater can only target Sleeping Pokémon or Trainers. After the target takes damage, the user gains Hit Points equal to half of the damage they dealt to the target. Dream Eater does not wake up sleeping targets.",core,419,False
drill-peck,Drill Peck,Flying,At-Will,2,8,2d8+10,19,Physical,"Melee, 1 Target, Dash",None,core,374,False
drill-run,Drill Run,Ground,At-Will,3,8,2d8+10,19,Physical,"Melee, 1 Target",Drill Run is a Critical Hit on 18+.,core,385,False
drum-beating,Drum Beating,Grass,EOT,2,8,2d8+10,19,Physical,"4, 1 Target",The target's Speed is lowered by 1 CS.,new,11,False
dual-chop,Dual Chop,Dragon,EOT,3,5,1d8+8,13,Physical,"Melee, 1 Target, Double Strike",None,core,355,False
dynamax-cannon,Dynamax Cannon,Dragon,Scene x2,2,10,3d8+10,24,Special,"6, 1 Target","The DB of Dynamax Cannon increases by +2 for each positive CS the target has, to a maximum of DB 20.",new,6,False
dynamic-punch,Dynamic Punch,Fighting,At-Will,9,10,3d8+10,24,Physical,"Melee, 1 Target",Dynamic Punch Confuses the target. Dynamic Punch ignores the target's Evasion if they are Flanked.,core,364,False
earth-power,Earth Power,Ground,EOT,2,9,2d10+10,21,Special,"6, 1 Target, Groundsource",Earth Power lowers the Special Defense of all Legal Targets 1 Combat Stage on 16+.,core,385,False
earthquake,Earthquake,Ground,Scene,2,10,3d8+10,24,Physical,"Burst 3, Groundsource","Earthquake can hit targets that are underground, including those using the Move Dig.",core,386,False
echoed-voice,Echoed Voice,Normal,EOT,2,4,1d8+6,11,Special,"3, 1 Target, Sonic","If Echoed Voice was used by any Pokémon or Trainer in the Encounter on the previous round, increase its Damage Base by +4. If Echoed Voice was used by any Pokémon or Trainers during both the previous two rounds, increase its Damage Base by +8.",core,395,False
eerie-impulse,Eerie Impulse,Electric,EOT,2,,,,Status,"6, 1 Target",The target's Special Attack is lowered 2 Combat Stages.,core,356,False
egg-bomb,Egg Bomb,Normal,Scene x2,6,10,3d8+10,24,Physical,"5, Blast 2",None.,core,395,False
electric-terrain,Electric Terrain,Electric,Daily x2,,,,,Status,Field,"The field becomes Electrified for 5 rounds. While Electrified, Pokémon and Trainers touching the ground are immune to Sleep, and Electric-Type attacks used by Pokémon and Trainers touching the ground gain a +10 Bonus to Damage Rolls.",core,356,False
electrify,Electrify,Electric,EOT,,,,,Status,"6, 1 Target","Until the end of the user's next turn, the target's damaging Water-Type attacks and Melee attacks of any Type deal Electric-Type Damage instead of their usual Type.",core,356,False
electro-ball,Electro Ball,Electric,Scene x2,2,6,2d8+6,15,Special,"10, 1 Target","The user adds their Speed Stat, including Combat Stages, in addition to their Special Attack when determining the damage dealt by Electro Ball. The Defender in turn subtracts both their Special Defense and Speed Stats from the damage dealt before applying Type Effectiveness.",core,357,False
electroweb,Electroweb,Electric,EOT,3,6,2d6+8,15,Special,"4, Ranged Blast 2",All Legal Targets are lowered 1 Speed Combat Stage.,core,357,False
embargo,Embargo,Dark,At-Will,2,,,,Status,"6, 1 Target","The target cannot use or benefit from held items for the remainder of the encounter. Embargo may only affect one target at a time; if Embargo is used on a new target, the previous target is freed from the effect.",core,350,False
ember,Ember,Fire,At-Will,2,4,1d8+6,11,Special,"4, 1 Target",Ember Burns the target on 18+.,core,369,False
encore,Encore,Normal,Scene x2,2,,,,Status,"4, 1 Target, Social","Roll 1d6. On a result of 1 or 2, the target becomes Confused; on a result of 3 or 4 the target becomes Suppressed; on a result of 5 or 6 the target becomes Enraged.",core,395,False
endeavor,Endeavor,Normal,Scene,2,,See Effect,,Physical,"Melee, 1 Target, Dash",The target loses a Tick of Hit Points for each Injury the user has.,core,395,False
endure,Endure,Normal,Daily,,,,,Status,"Self, Reaction, Trigger","If the user is hit by a damaging Move, you may use Endure as a Free Action. If the Move would bring Endure's user down to 0 Hit Points or less, Endure's user instead is set to 1 Hit Point.",core,396,False
energy-ball,Energy Ball,Grass,EOT,2,9,2d10+10,21,Special,"8, 1 Target",Energy Ball lowers the foe's Special Defense 1 Combat Stage on 17+.,core,380,False
energy-blast,Energy Blast,Normal,EOT,3,4,1d8+6,11,Special,"WR, Blast 2",You gain +1 Special Attack on 19+.,got,44,False
energy-sphere,Energy Sphere,Normal,EOT,3,4,1d8+6,11,Special,Burst 1,You gain +1 Special Defense Combat Stage on 19+.,got,44,False
energy-vortex,Energy Vortex,Normal,Scene x2,4,2,1d6+3,7,Special,"WR, 1 Target",The target is put in a Vortex.,got,45,False
enervation,Enervation,Normal,Scene x2,4,9,2d10+10,21,Special,"WR, 2 Targets","If Enervation hits, all legal targets become Vulnerable for 1 full round. Enervation Suppresses all legal targets on 15+.",edit,55,False
entrainment,Entrainment,Normal,Scene,2,,,,Status,"4, 1 Target",The target gains one of the user's Abilities for 3 turns.,core,396,False
eruption,Eruption,Fire,Daily,4,15,4d10+20,45,Special,Burst 1*,"For each 10% of Hit Points the user is missing, Eruption's Damage Base is reduced by 1. Eruption creates a 1 meter burst, but also affects an area 10 meters tall straight up.",core,369,False
eternabeam,Eternabeam,Dragon,Scene,4,16,5d10+20,50,Special,"Line 6, Smite, Exhaust",,new,6,False
explosion,Explosion,Normal,Daily,2,25,6d12+60,100,Physical,Burst 2,The user's Hit Points are set to -50% of their full Hit Point value. This Hit Point loss cannot be prevented or reduced in any way. The user's loyalty toward its trainer may be lowered.,core,396,False
extrasensory,Extrasensory,Psychic,EOT,2,8,2d8+10,19,Special,"5, 1 Target",Extrasensory Flinches the target on 19+.,core,419,False
extreme-speed,Extreme Speed,Normal,EOT,2,8,2d8+10,19,Physical,"Melee, 1 Target, Dash, Priority",None,core,396,False
fairy-lock,Fairy Lock,Fairy,Scene,,,,,Status,"Burst 3, Friendly",All legal targets become Trapped and Slowed while the user remains in the encounter. This effect ends if the user switches or is Fainted.,core,360,False
fairy-wind,Fairy Wind,Fairy,At-Will,2,4,1d8+6,11,Special,"6, 1 Target",None,core,361,False
fake-out,Fake Out,Normal,At-Will,2,4,1d8+6,11,Physical,"Melee, 1 Target, Priority","You may only use Fake Out with Priority upon joining an encounter; if you do, Fake Out Flinches the target. Switching out resets the requirement of joining an encounter.",core,396,False
fake-tears,Fake Tears,Dark,EOT,2,,,,Status,"8, 1 Target, Social",Lower the target's Special Defense 2 Combat Stages.,core,351,False
false-surrender,False Surrender,Dark,EOT,,8,2d6+8,19,Physical,"Melee, 1 Target",False Surrender cannot miss.,new,5,False
false-swipe,False Swipe,Normal,At-Will,2,4,1d8+6,11,Physical,"Melee, Pass",False Swipe's damage cannot bring a target lower than 1 Hit Point.,core,396,False
facade,Façade,Normal,EOT,2,7,2d6+10,17,Physical,"Melee, 1 Target","If the user is afflicted with a Persistent Status Affliction, Façade's Damage Base is doubled to DB 14 (4d10+15 / 40).",core,396,False
feather-dance,Feather Dance,Flying,EOT,2,,,,Status,"Burst 1, Friendly",All legal targets have their Attack lowered 2 Combat Stages.,core,374,False
feint,Feint,Normal,Scene,,,,,Status,Trigger,"If a foe uses a Move with the Shield Keyword in response to one of your actions, you may activate Feint to cause the triggering Move to Fail. Feint is activated as a Free Action.",core,396,False
feint-attack,Feint Attack,Dark,EOT,,6,2d6+8,15,Physical,"Melee, 1 Target",Feint Attack cannot miss.,core,351,False
fell-stinger,Fell Stinger,Bug,At-Will,2,5,1d8+8,13,Physical,"Melee, 1 Target","If the user successfully knocks out a target with Fell Stinger, raise their Attack by 2 Combat Stages.",sumo,7,False
fiery-dance,Fiery Dance,Fire,EOT,2,8,2d8+10,19,Special,"4, 1 Target","If Fiery Dance successfully hits a foe, it raises the user's Special Attack by 1 Combat Stage on Even- Numbered Rolls.",core,369,False
final-gambit,Final Gambit,Fighting,Scene,2,,,,Special,"Melee, 1 Target",Final Gambit lowers the user to 0 Hit Points and causes them to Faint. Final Gambit then deals 1 point of damage to the target for every Hit Point lost by the user. Final Gambit does not cause items to activate.,core,364,False
fire-blast,Fire Blast,Fire,Scene x2,4,11,3d10+10,27,Special,"6, 1 Target, Smite",Fire Blast burns the target on 19+.,core,369,False
fire-fang,Fire Fang,Fire,At-Will,3,7,2d6+10,17,Physical,"Melee, 1 Target","Fire Fang Burns or Flinches on 18-19 during Accuracy Check; flip a coin to determine whether the foe gets Burned or Flinches. On 20 during Accuracy Check, the foe is Burned and Flinches.",core,370,False
fire-lash,Fire Lash,Fire,EOT,2,8,2d8+10,19,Physical,"2, 1 Target",The target's Defense is lowered by 1 Combat Stage.,sumo,13,False
fire-pledge,Fire Pledge,Fire,Scene,2,8,2d8+10,19,Special,"6, 1 Target, Pledge","If an ally uses Grass Pledge or Water Pledge, you may use Fire Pledge as Priority (Advanced) immediately after their turn to target the same foe. If used in conjunction with Grass Pledge, Fire Hazards are created in a Burst 1 around the target. If used in conjunction with Water Pledge, a Rainbow is created that lasts for 5 rounds. Consult the Pledge keyword for additional details.",core,370,False
fire-punch,Fire Punch,Fire,At-Will,2,8,2d8+10,19,Physical,"Melee, 1 Target",Fire Punch Burns the target on 19+ during Accuracy Check.,core,370,False
fire-spin,Fire Spin,Fire,Scene x2,4,4,1d8+6,11,Special,"3, 1 Target",The target is put in a Vortex.,core,370,False
first-impression,First Impression,Bug,At-Will,2,9,2d10+10,21,Physical,"Melee, 1 Target, Priority","You may only use First Impression with Priority upon joining an encounter; if you do, First Impression Flinches the target. Switching out resets the requirement of joining an encounter.",sumo,7,False
fishious-rend,Fishious Rend,Water,Scene x2,2,9,2d10+10,21,Physical,"Melee, 1 Target","Against targets with a lower initiative that have not yet acted this round, Fishious Rend deals +10 damage.",new,16,False
fissure,Fissure,Ground,Daily,,,,,Status,"5, 1 Target, Execute, Groundsource","Roll 1d100. This roll may not be modified in any way. If you roll X or lower, the target Faints. X is equal to 30 + The User's Level - The Target's Level.",core,386,False
flail,Flail,Normal,EOT,2,7,2d6+10,17,Physical,"Melee, 1 Target","For each Injury the user has, Flail's Damage Base is increased by +1.",core,397,False
flame-burst,Flame Burst,Fire,At-Will,2,7,2d6+10,17,Special,"6, 1 Target",Any Trainers or Pokémon cardinally adjacent to the target lose 5 Hit Points.,core,370,False
flame-charge,Flame Charge,Fire,At-Will,2,5,1d8+8,13,Physical,"Melee, 1 Target, Dash",Raise the user's Speed 1 Combat Stage.,core,370,False
flame-wheel,Flame Wheel,Fire,At-Will,2,6,2d6+8,15,Physical,"Melee, 1 Target, Dash",Flame Wheel Burns the target on 19+.,core,370,False
flamethrower,Flamethrower,Fire,EOT,2,9,2d10+10,21,Special,"4, 1 Target",Flamethrower Burns the target on 19+.,core,371,False
flare-blitz,Flare Blitz,Fire,Scene x2,2,12,3d12+10,30,Physical,"Melee, 1 Target, Dash, Recoil 1/3",Flare Blitz Burns the target on 19+.,core,371,False
flash,Flash,Normal,EOT,2,,,,Status,Cone 2,The Accuracy of all Legal Targets is lowered by -1.,core,397,False
flash-cannon,Flash Cannon,Steel,EOT,2,8,2d8+10,19,Special,"6, 1 Target",Flash Cannon lowers the target's Special Defense by 1 Combat Stage on 17+.,core,429,False
flatter,Flatter,Dark,At-Will,2,,,,Status,"6, 1 Target, Social",The target's Special Attack is raised by +1 Combat Stage. Flatter Confuses the target.,core,351,False
fleur-cannon,Fleur Cannon,Fairy,Scene,4,13,4d10+10,35,Special,"Line 9, Smite",Lower the user's Special Attack 2 Combat Stages after damage.,sumo,11,False
fling,Fling,Dark,Scene x2,,,,,Physical,"6, 1 Target, Fling","The user throws a held item, determining the effect of Fling.",core,351,False
floral-healing,Floral Healing,Fairy,Daily x2,,,,,Status,"Melee, 1 Target, Healing","The target regains Hit Points equal to half of its full Hit Point value. If the field is Grassy Terrain, the target gains 2/3 of its full Hit Point value instead.",sumo,11,False
flower-shield,Flower Shield,Fairy,Scene,,,,,Status,Burst 2,All Grass Type Pokémon in Flower Shield's area of effect have their Defense raised by +2 Combat Stages.,core,361,False
fly,Fly,Flying,At-Will,3,8,2d8+10,19,Physical,"Melee, Dash, Set-Up","The user is moved up 25 meters into the air. The user may shift twice while in the air, using their overland or sky speed, and then comes down next to a legal target, and attacks with Fly.",core,374,False
flying-press,Flying Press,Fighting,EOT,3,10,3d8+10,24,Physical,"Melee, 1 Target, Dash","Flying Press may deal Flying Type damage if the user wishes. Note: If Flying Press is Move Sync'd, it only changes the Fighting Type portion of the Move. You can still only choose between that Type and Flying Type; you cannot shift Flying Press to change the Flying part to another Type.",sumo,12,False
focus-blast,Focus Blast,Fighting,Scene x2,7,12,3d12+10,30,Special,"6, 1 Target, Smite, Aura",Focus Blast lowers the target's Special Defense 1 Combat Stage on 18+.,core,365,False
focus-energy,Focus Energy,Normal,At-Will,,,,,Status,Self,"The user becomes Pumped. While Pumped, the user's Critical Range is extended by 2, or 18+ if the Critical Range is not otherwise extended. Being switched will cause this effect to end.",core,397,False
focus-punch,Focus Punch,Fighting,Scene x2,2,15,4d10+20,45,Physical,"Melee, 1 Target, Priority (Limited), Aura","Use of Focus Punch must be declared as a Priority (Limited) action at the beginning of the round. Nothing happens at this time. At the end of the round, if the target hasn't been hit by an attack dealing damage equal to at least 25% of the user's Maximum Hit Points, the user may Shift and use Focus Punch. Focus Punch's Frequency is not expended if it is negated by an attack.",core,365,False
follow-me,Follow Me,Normal,Scene,,,,,Status,"Burst 5, Social","Until the end of the user's next turn, all Foes must target the user when using a Move that targets their opponents. This effect ends if the user is Fainted or Switched out.",core,397,False
force-palm,Force Palm,Fighting,At-Will,2,6,2d6+8,15,Physical,"Melee, 1 Target, Aura",Force Palm Paralyzes the target on 18+.,core,365,False
foresight,Foresight,Normal,Scene x2,,,,,Status,"Self, Swift Action","Foresight may be activated as a Swift Action on the user's turn. For the rest of the turn, the user's Normal-Type and Fighting-Type Moves can hit and affect Ghost-Type targets, and the user can see through the Illusion Ability, Moves with the Illusion keyword, and effects created by the Illusionist Capability, ignoring all effects from those.",core,397,False
forests-curse,Forest's Curse,Grass,Daily,2,,,,Status,"6, 1 Target",The target gains the Grass Type in addition to its other Types for 5 turns.,core,380,False
foul-play,Foul Play,Dark,Scene x2,2,10,3d8+10,24,Physical,"Melee, 1 Target","The target reveals its Attack stat. When calculating damage, add the target's Attack stat instead of the user's Attack stat.",core,351,False
freeze-shock,Freeze Shock,Ice,Scene,4,14,4d10+15,40,Physical,"10, Single Target, Set-Up, Full Action","The user may shift, then ends their turn. The user uses Freeze Shock. Freeze Shock paralyzes on 15+.",core,388,False
freeze-dry,Freeze-Dry,Ice,EOT,2,7,2d6+10,17,Special,"6, 1 Target.","When calculating Weakness and Resistance for Freeze-Dry, Water-Typed targets calculate damage as if Water was weak to Ice.",core,388,False
frenzy-plant,Frenzy Plant,Grass,Daily x2,4,15,4d10+20,45,Special,"3, 5 Targets, Smite, Exhaust",None,core,380,False
frost-breath,Frost Breath,Ice,EOT,3,6,2d6+8,15,Special,"4, 1 Target","If Frost Breath hits, it is a Critical Hit.",core,388,False
frustration,Frustration,Normal,At-Will,,,,,Physical,"Melee, 1 Target",Frustration's Damage Base is equal to 9 minus the user's Loyalty Value. Using Frustration may make your Pokémon dislike you.,core,397,False
furious-strikes,Furious Strikes,Normal,Scene x2,2,3,1d6+5,9,Physical,"WR, 1 Target, Five Strike","For each hit rolled on your Five Strike roll, the target of the attack has their Evasion reduced by 1 for one full round.",core,290,False
fury-attack,Fury Attack,Normal,At-Will,4,2,1d6+3,7,Physical,"Melee, 1 Target, Five Strike",None,core,397,False
fury-cutter,Fury Cutter,Bug,At-Will,3,4,1d8+6,11,Physical,"Melee, 1 Target","If Fury Cutter is used successfully and consecutively on the same target, the Damage Base is increased by +4 to a maximum of 16. For example, the first hit would have a DB of 4; the second hit a DB of 8; the third hit a DB of 12; the fourth and further hits a DB of 16. If Fury Cuter misses or fails to damage its target, its Damage Base resets.",core,346,False
fury-swipes,Fury Swipes,Normal,EOT,5,3,1d6+5,9,Physical,"Melee, 1 Target, Five Strike",None,core,397,False
fusion-bolt,Fusion Bolt,Electric,Scene x2,2,10,3d8+10,24,Physical,"8, 1 Target, Smite","If Fusion Flare was used this round or last round by any participant of the encounter, Fusion Bolt has its Damage Base increased by +3.",core,357,False
fusion-flare,Fusion Flare,Fire,Scene x2,2,10,3d8+10,24,Special,"8, 1 Target, Smite","If Fusion Bolt was used this round or last round by any participant of the encounter, Fusion Flare has its Damage Base increased by +3.",core,371,False
future-sight,Future Sight,Psychic,Scene x2,,12,3d12+10,30,Special,"10, 1 Target","Future Sight does nothing on the turn it is used. At the end of the user's next turn, Future Sight hits, even if the user is no longer on the field. Future Sight cannot miss.",core,419,False
gastro-acid,Gastro Acid,Poison,Scene,2,,,,Status,"4, 1 Target","The target's Ability is disabled until the end of the encounter. If the target has more than one Ability, you choose one of them to disable.",core,415,False
gear-grind,Gear Grind,Steel,EOT,3,5,1d8+8,13,Physical,"Melee, 1 Target, Double Strike",None,core,429,False
gear-up,Gear Up,Steel,Scene x2,,,,,Status,Burst 4,All targets that are Steel-Typed receive +1 Attack and Special Attack Combat Stages,new,15,False
geomancy,Geomancy,Fairy,Scene,,,,,Status,"Self, Set-Up","The user may not shift this round. The user may create as many squares of Rough Terrain as it wants within a Burst 3 as plants burst through the ground, regardless of the surface material. The user raises its Special Attack, Special Defense, and Speed by 2 Combat Stages each.",core,361,False
giga-drain,Giga Drain,Grass,Scene x2,2,8,2d8+10,19,Special,"6, 1 Target","After the target takes damage, the user gains Hit Points equal to half of the damage they dealt to the target.",core,381,False
giga-impact,Giga Impact,Normal,Daily x2,4,15,4d10+20,45,Physical,"Melee, 1 Target, Dash, Exhaust, Smite",None,core,398,False
glaciate,Glaciate,Ice,EOT,3,7,2d6+10,17,Special,Burst 2,"All Legal Targets have their Speed lowered 1 Combat Stage. On an Even-Numbered Roll, all Legal Targets on the ground are Slowed.",core,389,False
glare,Glare,Normal,Scene x2,2,,,,Status,"4, 1 Target, Social",Glare Paralyzes the target.,core,398,False
glitterdust,Glitterdust,Normal,Scene x2,2,10,3d8+10,24,Special,Cone 2,Glitterdust Blinds all legal targets for 1 full round on 15+. All foes within 3 meters become Suppressed. Ability: Life Force Daily x3 - Swift Action The user gains two Ticks of Hit Points. Ability: Absorb Force Scene - Free Action The user takes damage as if the attack was resisted one step further.,edit,56,False
gouge,Gouge,Normal,Scene x2,2,5,1d8+8,13,Physical,"WR, 1 Target, Double Strike","If both hits of Gouge successfully hit the target, the target gains an Injury.",core,290,False
grass-knot,Grass Knot,Grass,EOT,2,,See Effect,,Special,"5, 1 Target, Weight Class",Grass Knot's Damage Base is equal to twice the target's Weight Class.,core,381,False
grass-pledge,Grass Pledge,Grass,Scene,2,8,2d8+10,19,Special,"6, 1 Target, Pledge","If an ally uses Fire Pledge or Water Pledge, you may use Grass Pledge as Priority (Advanced) immediately after their turn to target the same foe. If used in conjunction with Fire Pledge, Fire Hazards are created in a Burst 1 around the target. If used in conjunction with Water Pledge, the target and all foes adjacent to the target are slowed and have their Speed reduced by 2 Combat Stages. Consult the Pledge keyword for additional details.",core,381,False
grass-whistle,Grass Whistle,Grass,Scene x2,6,,,,Status,"6, 1 Target, Sonic",The target falls Asleep.,core,381,False
grassy-terrain,Grassy Terrain,Grass,Daily x2,,,,,Status,Field,"The area becomes Grassy for 5 rounds. While Grassy, all Pokémon and Trainers standing on the ground recover a Tick of Hit Points at the start of every turn, and Grass-Type attacks performed by grounded Pokémon and Trainers gain a +10 bonus to Damage Rolls.",core,381,False
grav-apple,Grav Apple,Grass,EOT,2,8,2d8+10,19,Physical,"6, 1 Target",The target's Defense is lowered by 1 CS.,new,11,False
gravity,Gravity,Psychic,Daily x2,,,,,Status,Field,"For 5 rounds, the area is considered Warped. While Warped, Moves that involve the user being airborne may not be used. Pokémon cannot use Sky or Levitate Capabilities to end their turn at an altitude higher than 1 meter. Flying-Types and Pokémon with the Ability Levitate are no longer immune to Ground- Type Moves. All Accuracy Rolls receive a +2 Bonus.",core,419,False
growl,Growl,Normal,At-Will,2,,,,Status,"Burst 1, Friendly, Sonic, Social",Growl lowers all Legal Targets Attack 1 Combat Stage.,core,398,False
growth,Growth,Normal,EOT,,,,,Status,Self,"Raise the user's Attack 1 Combat Stage and raise the user's Special Attack 1 Combat Stage. If it is Sunny, double the amount of Combat Stages gained.",core,398,False
grudge,Grudge,Ghost,Daily,,,,,Status,"6, 1 Target, Interrupt","You may use Grudge as an Interrupt when a Damaging Attack causes the user to faint. Grudge is activated as a Free Action (does not take up a Command). The attack is resolved as usual, and the user Faints. The attacker that caused the user to Faint becomes Suppressed for the remainder of the encounter; switching and Taking a Breather does not end Suppression when used this way.",core,377,False
guard-split,Guard Split,Psychic,Scene,,,,,Status,"Melee, 1 Target","The target loses 5 Defense and 5 Special Defense. If they do, the user gains 5 Damage Reduction. These effects last until the end of the scene.",core,419,False
guard-swap,Guard Swap,Psychic,Scene,,,,,Status,"Melee, 1 Target","The user and the target trade Combat Stage values for the Defense Stat, and then for the Special Defense Stat.",core,419,False
guillotine,Guillotine,Normal,Daily,,,,,Status,"Melee, 1 Target, Execute","Roll 1d100. This roll may not be modified in any way. If you roll X or lower, the target Faints. X is equal to 30 + The User's Level - The Target's Level.",core,398,False
gunk-shot,Gunk Shot,Poison,Daily x2,5,12,3d12+10,30,Physical,"6, 1 Target, Smite",Gunk Shot Poisons the Target on 15+.,core,415,False
gust,Gust,Flying,At-Will,2,4,1d8+6,11,Special,"4, 1 Target","If the target is airborne as a result of Fly or Sky Drop, Gust can hit them, ignoring Range and has a Damage Base of 8 instead.",core,374,False
gyro-ball,Gyro Ball,Steel,Scene x2,2,6,2d6+8,15,Physical,"6, 1 Target","The target reveals their Speed Stat (including Combat Stages). If it is higher than the user's (again, including Combat Stages), subtract the user's Speed Stat from the target's, and apply the difference as Bonus Damage.",core,429,False
hail,Hail,Ice,Daily x2,,,,,Status,"Field, Weather","The weather changes to Hail for 5 rounds. While it is Hailing, all non-Ice Type Pokémon lose a Tick of Hit Points at the beginning of their turn.",core,389,False
hammer-arm,Hammer Arm,Fighting,EOT,3,10,3d8+10,24,Physical,"Melee, 1 Target",The user lowers their Speed 1 Combat Stage.,core,365,False
harden,Harden,Normal,At-Will,,,,,Status,Self,Raise the user's Defense 1 Combat Stage.,core,398,False
haze,Haze,Ice,Scene x2,,,,,Status,Field,The Combat Stages of the user and all Pokémon and Trainers in the encounter are set to their default state (usually 0).,core,389,False
head-charge,Head Charge,Normal,Scene x2,2,12,3d12+10,30,Physical,"Melee, 1 Target, Push, Recoil 1/3",The target is Pushed back 2 meters.,core,398,False
head-smash,Head Smash,Rock,Scene,5,15,4d10+20,45,Physical,"Melee, 1 Target, Dash, Push, Recoil 1/3",The target is pushed 2 meters.,core,426,False
headbutt,Headbutt,Normal,EOT,2,7,2d6+10,17,Physical,"Melee, 1 Target",Headbutt Flinches the target on 15+.,core,398,False
heal-bell,Heal Bell,Normal,Scene,,,,,Status,"Burst 3, Sonic",All targets are cured of any Persistent Status ailments.,core,399,False
heal-block,Heal Block,Psychic,EOT,2,,,,Status,"6, 1 Target","Until the end of the encounter, the target may not gain Hit Points or Temporary Hit Points from any source. This effect ends if the target is switched out or Takes a Breather.",core,420,False
heal-order,Heal Order,Bug,Daily x2,,,,,Status,Self,The user regains Hit Points equal to half of its full Hit Point value.,core,346,False
heal-pulse,Heal Pulse,Psychic,Daily x2,,,,,Status,"6, 1 Target, Aura",Restores 50% of the target's max Hit Points. Heal Pulse's user may not target itself with Heal Pulse.,core,420,False
healing-wish,Healing Wish,Psychic,Daily,,,,,Status,"6, 1 Target","The user immediately Faints, lowering its HP to 0. The user takes no Injuries from HP Markers when using Healing Wish. The target is immediately cured of up to 3 injuries, healed to their Maximum Hit Points, and has the Frequency of all Moves restored. Healing Wish may target a Pokémon in a Poké Ball. Healing Wish does not restore the Frequency of Healing Wish or Lunar Dance. Injuries healed through Healing Wish count toward the total number of Injuries that can be healed each day, and this healing is limited by the same.",core,420,False
heart-stamp,Heart Stamp,Psychic,EOT,2,6,2d6+8,15,Physical,"Melee, 1 Target",Heart Stamp Flinches the target on 15+.,core,420,False
heart-swap,Heart Swap,Psychic,Daily,,,,,Status,"10, 2 Targets",The targets trade Combat Stage values for each Stat.,core,420,False
heat-crash,Heat Crash,Fire,EOT,2,4,1d8+6,11,Physical,"Melee, 1 Target, Dash","For each weight class the user is above the target, increase Heat Crash's Damage Base by +2.",core,371,False
heat-wave,Heat Wave,Fire,Scene x2,4,10,3d8+10,24,Special,"Close Blast 3, Smite",Heat Wave Burns all Legal Targets on 18+.,core,371,False
heavy-slam,Heavy Slam,Steel,EOT,2,4,1d8+6,11,Physical,"Melee, 1 Target","For each weight class the user is above the target, increase Heavy Slam's damage base by +2.",core,429,False
helping-hand,Helping Hand,Normal,EOT,,,,,Status,"4, 1 Target, Priority","Helping Hand grants the target +2 on their next Accuracy Roll this round, and +10 to the next Damage Roll this round.",core,399,False
hex,Hex,Ghost,EOT,2,7,2d6+10,17,Special,"6, 1 Target","Once a Scene, if Hex's target has a Status Affliction, you may have Hex's Damage Base be 13 instead (4d10+10 / 35).",core,377,False
hidden-power,Hidden Power,Normal,EOT,2,6,2d6+8,15,Special,Burst 1,"When a Pokémon first obtains the Move Hidden Power, roll 1d20. Hidden Power's Elemental Type will be changed from Normal to Bug on a result of 1; Dark on 2; Dragon on 3; Electric on 4; Fairy on 5; Fighting on 6; Fire on 7; Flying on 8; Ghost on 9; Grass on 10; Ground on 11; Ice on 12; Normal on 13; Poison on 14; Psychic on 15; Rock on 16; Steel on 17; Water on 18; and on 19 or 20, reroll until you roll another number. This effect is permanent -if Hidden Power is forgotten and relearned, the chosen Type remains the same.",core,399,False
high-horsepower,High Horsepower,Ground,Scene x2,3,10,3d8+10,24,Physical,"Melee, 1 Target","High Horsepower may be used as a Free Action at the end of a Sprint Maneuver taken as a Standard Action, as long as the user Shifted at least 3 meters in a straight line towards the target. When used this way, High Horsepower gains Smite.",sumo,17,False
high-jump-kick,High Jump Kick,Fighting,EOT,3,13,4d10+10,35,Physical,"Melee, Dash, 1 Target","If High Jump Kick misses, the user loses Hit Points equal to 1/4th of their Max Hit Points. A failure to hit due to a Move with the Shield keyword does not count as a miss. This Move cannot be used if Gravity is in effect.",core,365,False
hold-hands,Hold Hands,Normal,Scene x2,,,,,Status,"Melee, 1 Target","The target and the user each gain three Ticks of Temporary Hit Points, and a +2 Bonus to Save Checks for 1 full round.",sep2015,4,False
hone-claws,Hone Claws,Dark,At-Will,,,,,Status,Self,"The user's Accuracy is raised by +1, and the user gains +1 Attack Combat Stage.",core,351,False
horn-attack,Horn Attack,Normal,At-Will,2,7,2d6+10,17,Physical,"Melee, 1 Target, Dash",None,core,399,False
horn-drill,Horn Drill,Normal,Daily,,,,,Status,"Melee, 1 Target, Execute","Roll 1d100. This roll may not be modified in any way. If you roll X or lower, the target Faints. X is equal to 30 + The User's Level - The Target's Level.",core,399,False
horn-leech,Horn Leech,Grass,Scene x2,2,8,2d8+10,19,Physical,"Melee, 1 Target, Dash","After the target takes damage, the user gains Hit Points equal to half of the damage they dealt to the target.",core,381,False
howl,Howl,Normal,EOT,,,,,Status,Burst 1,The user and all allies in the Burst have their Attack CS raised by 1.,new,12,False
hurricane,Hurricane,Flying,Scene x2,7,11,3d10+10,27,Special,"Burst 1, Smite","Hurricane Confuses its target on 15+. If the target is in Sunny Weather, Hurricane's Accuracy Check is 11. If the target is in Rainy Weather, Hurricane cannot miss. If the target is airborne as a result of Fly or Sky Drop, Hurricane cannot miss.",core,374,False
hydro-cannon,Hydro Cannon,Water,Daily x2,4,15,4d10+20,45,Special,"Line 9, Smite, Exhaust",None,core,433,False
hydro-pump,Hydro Pump,Water,Scene x2,4,11,3d10+10,27,Special,"6, 1 Target, Push",The target is pushed away from the user 3 meters.,core,433,False
hyper-beam,Hyper Beam,Normal,Daily x2,4,15,4d10+20,45,Special,"10, 1 Target, Exhaust, Smite",None,core,400,False
hyper-fang,Hyper Fang,Normal,At-Will,4,8,2d8+10,19,Physical,"Melee, 1 Target",Hyper Fang Flinches the target on 19+,core,400,False
hyper-voice,Hyper Voice,Normal,Scene x2,2,9,2d10+10,21,Special,"Close Blast 3, Sonic, Smite","All Legal Targets are pushed back to the squares immediately outside the blast, away from the user.",core,400,False
hyperspace-fury,Hyperspace Fury,Dark,Daily,2,10,3d8+10,24,Physical,Burst 2,Interrupts may not be triggered against Hyperspace Fury. The user's Defense is lowered by -1 Combat Stage.,sumo,8,False
hyperspace-hole,Hyperspace Hole,Psychic,Daily,2,8,2d8+10,19,Special,"Melee, 3 Targets","Make and resolve of Hyperspace Hole's attacks separately. In between each attack, the user may Shift using their Teleporter capability, ending the Shift next to a legal target. Interrupts may not be triggered against Hyperspace Hole.",sumo,21,False
hypnosis,Hypnosis,Psychic,Scene x2,6,,,,Status,"4, 1 Target",The target falls Asleep.,core,420,False
ice-ball,Ice Ball,Ice,At-Will,4,3,1d6+5,9,Physical,"Melee, 1 Target","The user continues to use Ice Ball on each of its turns until they miss any target with Ice Ball, or are not able to hit any target with Ice Ball during their turn. Each successive use of Ice Ball increases Ice Ball's Damage Base by +3 to a maximum of DB 15.",core,389,False
ice-beam,Ice Beam,Ice,EOT,2,9,2d10+10,21,Special,"4, 1 Target",Ice Beam Freezes on 19+ during Accuracy Check.,core,389,False
ice-burn,Ice Burn,Ice,Scene,4,14,4d10+15,40,Special,"10, Single Target, Set-Up, Full Action","The user may shift, then ends their turn. The user uses Ice Burn. Ice Burn Burns on 15+.",core,389,False
ice-fang,Ice Fang,Ice,At-Will,3,7,2d6+10,17,Physical,"Melee, 1 Target","Ice Fang Freezes or Flinches on 18+ during Accuracy Check; flip a coin to determine whether the foe gets Frozen or Flinches. On 20 during Accuracy Check, the foe is Frozen and Flinches.",core,389,False
ice-hammer,Ice Hammer,Ice,EOT,4,10,3d8+10,24,Physical,"Melee, 1 Target",The user's Speed is lowered by 1 Combat Stage.,sumo,18,False
ice-punch,Ice Punch,Ice,At-Will,2,8,2d8+10,19,Physical,"Melee, 1 Target",Ice Punch Freezes the target on 19+ during Accuracy Check.,core,389,False
ice-shard,Ice Shard,Ice,At-Will,2,4,1d8+6,11,Physical,"4, 1 Target, Priority",None,core,390,False
icicle-crash,Icicle Crash,Ice,EOT,4,8,2d8+10,19,Physical,"6, 1 Target",Icicle Crash Flinches the target on 15+.,core,390,False
icicle-spear,Icicle Spear,Ice,EOT,4,3,1d6+5,9,Physical,"6, 1 Target, Five Strike",None,core,390,False
icy-wind,Icy Wind,Ice,EOT,3,6,2d6+8,15,Special,Cone 2,All Legal Targets have their Speed lowered 1 Combat Stage.,core,390,False
imprison,Imprison,Psychic,Scene x2,,,,,Status,"10, 1 Target",The target is Locked for the rest of the Scene. A Locked target may not use any Moves the user knows. Imprison cannot miss.,core,420,False
incinerate,Incinerate,Fire,At-Will,2,6,2d6+8,15,Special,Line 3,"If a target is holding a Held Item or Main or Off- Hand item, they must either drop it immediately or lose a Tick of Hit Points. This may only cause a target to lose at most one Tick of Hit Points, no matter how many items they were holding.",core,371,False
inferno,Inferno,Fire,At-Will,9,10,3d8+10,24,Special,"6, 1 Target",Inferno Burns the target. Inferno ignores the target's Evasion if there are no other combatants or Rough or Blocking Terrain within 2 meters of the target.,core,371,False
infestation,Infestation,Bug,Scene x2,4,4,1d8+6,11,Special,"3, 1 Target",The target is put in a Vortex.,core,347,False
ingrain,Ingrain,Grass,Scene,,,,,Status,"Self, Coat","Ingrain applies a Coat to the user, which has the following effect; the user cannot be pushed or pulled, and cannot be switched out. At the beginning of each of the user's turn, the user gains a Tick of Hit Points.",core,381,False
instruct,Instruct,Psychic,Scene x2,,,,,Status,"Melee, 1 Target","The target immediately reuses the attack it performed last, ignoring frequency, as a Free Action. They may choose new targets for the copied attack. Instruct may not be used if the Target's last Move was Instruct.",sumo,21,False
ion-deluge,Ion Deluge,Electric,Scene,,,,,Status,"5, Ranged Blast 3, Interupt",An ion cloud is dispersed in the targeted area. All Normal-Type Moves targeting into or originating from the area become Electric-Typed Moves.,core,357,False
iron-defense,Iron Defense,Steel,EOT,,,,,Status,Self,Raise the user's Defense 2 Combat Stages.,core,429,False
iron-head,Iron Head,Steel,EOT,2,8,2d8+10,19,Physical,"Melee, 1 Target, Dash",Iron Head Flinches the target on 15+.,core,430,False
iron-tail,Iron Tail,Steel,Scene x2,6,10,3d8+10,24,Physical,"Melee, 1 Target, Smite",Iron Tail lowers the target's Defense 1 Combat Stage on 15+.,core,430,False
jaw-lock,Jaw Lock,Dark,Scene x2,2,8,2d6+8,19,Physical,"Melee, 1 Target",You may perform a Grapple Maneuver against the target as a Free Action.,new,5,False
judgment,Judgment,Normal,Daily,2,10,3d8+10,24,Special,"6, Ranged Blast 3, Smite",Judgment's Type can be whatever Elemental Type the user wants it to be.,core,400,False
jump-kick,Jump Kick,Fighting,At-Will,3,10,3d8+10,24,Physical,"Melee, Dash, 1 Target","If Jump Kick misses, the user loses Hit Points equal to 1/4th of their Max Hit Points. A failure to hit due to a Move with the Shield keyword does not count as a miss. This Move cannot be used if Gravity is in effect.",core,365,False
karate-chop,Karate Chop,Fighting,At-Will,2,5,1d8+8,13,Physical,"Melee, 1 Target",Karate Chop is a Critical Hit on 17+.,core,365,False
kinesis,Kinesis,Psychic,Scene,,,,,Status,"6, 1 Target, Trigger, Interrupt","If the user or an Ally within 6 meters is about to be hit by an attack, the user may use Kinesis as an interrupt. The triggering Accuracy Roll receives a -4 penalty. This may cause Moves to miss.",core,421,False
kings-shield,King's Shield,Steel,Scene,,,,,Status,"Self, Interrupt, Shield, Trigger","If the user is hit by an attack, the user may use King's Shield. The user is instead not hit by the Move. You do not take any damage nor are you affected by any of the Move's effects. In addition, if the triggering attack was Melee ranged, the attacker's Attack is lowered by 2 Combat Stages.",core,430,False
knock-off,Knock Off,Dark,Scene,2,7,2d6+10,17,Physical,"Melee, 1 Target",Choose one of the target's Held Items or Accessory Slot Items. It is knocked to the ground.,core,351,False
lands-wrath,Land's Wrath,Ground,Scene x2,2,9,2d10+10,21,Physical,"Burst 5, Friendly, Groundsource",None.,core,386,False
laser-focus,Laser Focus,Normal,Scene x2,,,,,Status,Self,The next successful damaging attack made by the user is automatically a Critical Hit.,sumo,19,False
last-resort,Last Resort,Normal,At-Will,2,14,4d10+15,40,Physical,"Melee, 1 Target, Dash","Last Resort can only be used after the user has performed 5 other different Moves in its Move List during a single fight, without being switched out.",core,400,False
lava-plume,Lava Plume,Fire,EOT,2,8,2d8+10,19,Special,Burst 1,Lava Plume burns all targets on 16+.,core,371,False
leaf-blade,Leaf Blade,Grass,EOT,2,9,2d10+10,21,Physical,"Melee, Pass",Leaf Blade is a Critical Hit on 18+.,core,382,False
leaf-storm,Leaf Storm,Grass,Scene,4,13,4d10+10,35,Special,"8, Ranged Blast 3, Smite",Lower the user's Special Attack 2 Combat Stages after damage.,core,382,False
leaf-tornado,Leaf Tornado,Grass,EOT,4,7,2d6+10,17,Special,"6, Ranged Blast 3","Small or Medium targets in the central square of the blast are not hit. On 15+, all legal targets have their Accuracy lowered by -1.",core,382,False
leafage,Leafage,Grass,At-Will,2,4,1d8+6,11,Physical,"6, 1 Target",,sumo,16,False
leech-life,Leech Life,Bug,Scene x2,2,8,2d8+10,19,Physical,"Melee, 1 Target","After the target takes damage, the user gains HP equal to half of the damage they dealt to the target.",sumo,7,False
leech-seed,Leech Seed,Grass,Daily x2,4,,,,Status,"6, 1 Target","At the beginning of each of the target's turns, Leech Seed's target loses a Tick of Hit Points. Leech Seed's user then gains Hit Points equal to the amount the target lost. Leech Seed lasts until the target faints or is returned to a Poké Ball. Grass Types and targets immune to Grass Attacks are immune to Leech Seed.",core,382,False
leer,Leer,Normal,At-Will,2,,,,Status,"Cone 2, Friendly, Social",All legal targets have their Defense lowered by 1 Combat Stage.,core,400,False
lick,Lick,Ghost,At-Will,2,3,1d6+5,9,Physical,"Melee, 1 Target",Lick Paralyzes the target on 15+ during Accuracy Check.,core,378,False
life-dew,Life Dew,Water,Daily x2,,,,,Status,"Burst 1, Healing",The user and all allies in the burst regain Hit Points equal to 1/4 of their Maximum Hit Points.,new,16,False
light-of-ruin,Light of Ruin,Fairy,Scene,4,14,4d10+15,40,Special,"8, Ranged Blast 3, Smite, Recoil 1/2",None,core,361,False
light-screen,Light Screen,Psychic,Scene,,,,,Status,Blessing,"Blessing - Any user affected by Light Screen may activate it when receiving Special Damage to resist the Damage one step. Light Screen may be activated 2 times, and then disappears.",core,421,False
liquidation,Liquidation,Water,EOT,2,9,2d10+10,21,Physical,"Melee, 1 Target",The target's Defense is lowered by 1 Combat Stage on a 17+.,sumo,24,False
lock-on,Lock-On,Normal,At-Will,,,,,Status,"10, 1 Target","The target is Locked-On. The next Move that the user uses against the Target that requires an Accuracy Check cannot miss. Lock-On's effect, on both the User and Target, is passed on by Baton Pass.",core,400,False
lovely-kiss,Lovely Kiss,Normal,Scene x2,6,,,,Status,"6, 1 Target, Social",The target falls Asleep.,core,400,False
low-kick,Low Kick,Fighting,EOT,2,,See Effect,,Physical,"Melee, 1 Target, Weight Class",Low Kick's Damage Base is equal to twice the target's Weight Class.,core,366,False
low-sweep,Low Sweep,Fighting,EOT,2,7,2d6+10,17,Physical,"Melee, 1 Target",Lowers the target's Speed 1 Combat Stage.,core,366,False
lucky-chant,Lucky Chant,Normal,Scene,,,,,Status,Blessing,"Blessing - Any user affected by Lucky Chant may activate it when receiving a Critical Hit to cause the attack to instead deal damage as if it was not a Critical Hit. Lucky Chant may be activated 3 times, and then disappears.",core,401,False
lunar-dance,Lunar Dance,Psychic,Daily,,,,,Status,"8, 1 Target","The user immediately Faints, lowering its Hit Points to 0. The user takes no Injuries from Hit Point Markers when using Lunar Dance. The target is immediately cured of up to 3 injuries, healed to their Maximum Hit Points, and has the Frequency of all Moves restored. Lunar Dance may target a Pokémon in a Poké Ball. Lunar Dance does not restore the Frequency of Healing Wish or Lunar Dance. Injuries healed through Lunar Dance count toward the total number of Injuries that can be healed each day, and this healing is limited by the same.",core,421,False
lunge,Lunge,Bug,EOT,2,8,2d8+10,19,Physical,"Melee, 1 Target","Lunge may be used as a Free Action at the end of a Sprint Maneuver taken as a Standard Action, as long as the user Shifted at least 3 meters in a straight line towards the target. When used this way, Lunge's target receives a -5 penalty to damage rolls for 1 round.",sumo,7,False
luster-purge,Luster Purge,Psychic,Scene x2,2,7,2d6+10,17,Special,"12, 1 Target",Luster Purge lowers the target's Special Defense by 1 Combat Stage on an Even-Numbered Roll.,core,421,False
mach-punch,Mach Punch,Fighting,At-Will,2,4,1d8+6,11,Physical,"Melee, 1 Target, Priority",None,core,366,False
mage-armor,Mage Armor,Normal,Scene x2,,,,,Status,Self,Raise the user's Defense by +1 Combat Stage and raise the user's Special Defense by +1 Combat Stage. The user gains +2 Evasion. Limitation: None,edit,,True
magic-burst,Magic Burst,Normal,Scene x2,2,6,2d6+8,15,Special,"Burst 1, Friendly",Foes hit by Magic Burst can't make Attacks of Opportunity for 1 full round.,got,45,False
magic-coat,Magic Coat,Psychic,Daily,,,,,Status,"4, Interrupt, Trigger","If the user is about to get a hit by a Move that does not have a Damage Dice Roll, they may use Magic Coat as an Interrupt. The Interrupted Move's user is treated as if they were the target of their own Move, with the user of Magic Coat as the user.",core,421,False
magic-missile,Magic Missile,Normal,Scene x2,,3,1d6+5,9,Special,"WR, 1 Target, Five Strike",Magic Missile cannot miss.,edit,55,False
magic-powder,Magic Powder,Psychic,Daily,2,,,,Status,"5, 1 Target",The target gains the Psychic Type in addition to its other Types for 5 turns.,new,13,False
magic-room,Magic Room,Psychic,Daily x2,,,,,Status,Field,"The area becomes Useless for 5 rounds. While Useless, Pokémon may not benefit from the effects of any Held Items, and Trainers cannot benefit from any Accessory-Slot equipment. This does not affect consumable or activated items, only Items with Static effects or Triggers.",core,421,False
magic-weapon,Magic Weapon,Normal,EOT,,,,,Status,Self,"The user gains +1 Special Attack, and increase the user's Accuracy by +1.",edit,54,False
magical-leaf,Magical Leaf,Grass,EOT,,6,2d6+8,15,Special,"8, 1 Target",Magical Leaf cannot miss.,core,382,False
magma-storm,Magma Storm,Fire,Scene,6,10,3d8+10,24,Special,"6, 1 Target",The target is put in a Vortex; this effect occurs even if Magma Storm misses its target.,core,372,False
magnet-bomb,Magnet Bomb,Steel,EOT,,6,2d6+8,15,Physical,"8, 1 target",Magnet Bomb cannot miss.,core,430,False
magnet-rise,Magnet Rise,Electric,Daily x2,2,,,,Status,"Self, Swift Action",The user gains the Levitate Ability for 5 turns. Magnet Rise may be activated as a Swift Action if the user is otherwise given an action that consumes a Command.,core,357,False
magnetic-flux,Magnetic Flux,Electric,Scene x2,,,,,Status,Burst 4,Choose +1 or -1. All targets that are Electric- Type or have the Magnetic Capability receive that many Defense and Special Defense Combat Stages.,new,7,False
magnitude,Magnitude,Ground,EOT,,,See Effect,,Physical,"Burst 2, Groundsource","When you use Magnitude, roll 1d6. Magnitude's Damage Base is equal to 5+X, where X is the value of the d6. Magnitude can hit targets that are underground, including those using the Move Dig.",core,386,False
mat-block,Mat Block,Fighting,Scene,,,,,,"Self, Interrupt, Shield, Trigger","If the user or an adjacent ally is hit by a damaging attack, the user may use Mat Block. The attack instead does not hit any targets, and it deals no damage and no has effects. You may only use Mat Block during the first round of an encounter.",core,366,True
maul,Maul,Normal,Scene x2,2,5,1d8+8,13,Physical,"1 Target, Melee",The target is Flinched.,core,290,False
me-first,Me First,Normal,Scene,,,,,Status,"Self, Trigger, Interrupt","If an opponent declares a Damaging Attack against the user, and Me First's user has a higher Speed stat then the target, the user may use Me First as an Interrupt. The User will then use the same Move the triggering foe was about to use on that foe.",core,401,False
mean-look,Mean Look,Normal,Scene,,,,,Status,"6, 1 Target, Social","The user casts a foul spell on the target, causing it to become Trapped and Slowed for the remainder of the encounter.",core,401,False
meditate,Meditate,Psychic,At-Will,,,,,Status,Self,Raise the user's Attack 1 Combat Stage.,core,421,False
mega-drain,Mega Drain,Grass,At-Will,2,4,1d8+6,11,Special,"6, 1 Target","After the target takes damage, the user gains Hit Points equal to half of the damage they dealt to the target.",core,382,False
mega-kick,Mega Kick,Normal,Scene x2,6,12,3d12+10,30,Physical,"Melee, 1 Target, Dash, Push, Smite",The target is Pushed 2 meters.,core,401,False
mega-punch,Mega Punch,Normal,At-Will,4,8,2d8+10,19,Physical,"Melee, 1 Target",None,core,401,False
megahorn,Megahorn,Bug,Scene x2,5,12,3d12+10,30,Physical,"Melee, 1 Target, Push",The target is pushed 1 Meter.,core,347,False
memento,Memento,Dark,Scene,,,,,Status,"8, 1 Target, Trigger, Free Action",Memento may be used as a Free Action when the user becomes Fainted. Memento's target has each of their stats lowered by -2 CS.,core,351,False
merciful-smite,Merciful Smite,Normal,EOT AC: None Damage Base 5: 1d8+8 / 13,,,,,Special,"WR, 1 Target","Merciful Smite's damage cannot bring a target lower than 1 HP. Merciful Smite cannot miss. Limitation: None Master Weapon Moves Altered Moves: Arcane Storm: AC2, DB9 Bane: AC2, DB8 Cone of Force: AC2, DB9 Energy Vortex: AC4, DB5 Magic Burst: AC2, DB9 Spirit Lance: AC2, DB10",edit,,True
metal-burst,Metal Burst,Steel,Scene,,,See Effect,,Physical,Burst 1,Metal Burst causes all targets in the burst to lose Hit Points equal to the total amount of direct Damage the user has taken since the beginning of this Round. Metal Burst cannot miss.,core,430,False
metal-claw,Metal Claw,Steel,At-Will,3,5,1d8+8,13,Physical,"Melee, 1 Target, Spirit Surge",Raise the user's Attack 1 Combat Stage on 18+.,core,430,False
metal-sound,Metal Sound,Steel,EOT,4,,,,Status,"Burst 2, Friendly, Sonic",All Legal Targets have their Special Defense lowered 2 Combat Stages.,core,430,False
meteor-assault,Meteor Assault,Fighting,Daily x2,2,15,4d10+20,45,Physical,"Burst 1, Smite, Exhaust",,new,9,False
meteor-mash,Meteor Mash,Steel,EOT,4,9,2d10+10,21,Physical,"Melee, 1 Target, Dash, Spirit Surge",Raise the user's Attack 1 Combat Stage on 15+.,core,430,False
metronome,Metronome,Normal,Scene x2,,,,,Status,Self,"Metronome randomly uses any other Move except for After You, Assist, Bestow, Copycat, Counter, Covet, Crafty Shield, Destiny Bond, Detect, Endure, Feint, Focus Punch, Follow Me, Helping Hand, King's Shield, Metronome, Me First, Mimic, Mirror Coat, Mirror Move, Protect, Quash, Quick Guard, Rage Powder, Sketch, Sleep Talk, Snatch, Snore, Spiky Shield, Switcheroo, Thief, Transform, Trick, and Wide Guard. The GM helps to pick the random Move.",core,401,False
milk-drink,Milk Drink,Normal,Daily x2,,,,,Status,"Melee, 1 Target",The target regains Hit Points equal to half of its full Hit Point value. The user may target themselves with Milk Drink.,core,401,False
mimic,Mimic,Normal,Scene,,,,,Status,"6, 1 Target","Choose a Move that the target has used during the encounter. For the remainder of the encounter, that Move replaces Mimic on the user's Move List. Mimic cannot miss.",core,402,False
mind-blown,Mind Blown,Fire,Daily,2,15,4d10+10,45,Special,"6, Ranged Blast 3, Smite",The user's Hit Points are reduced by 50% of their full Hit Point value. This Hit Point loss cannot be prevented or reduced in any way.,sumo,13,False
mind-reader,Mind Reader,Normal,Scene,,,,,Status,"6, 1 Target","The target becomes Read to the user until the end of the user's next turn. The user may end this effect when making an Attack on the user, causing that attack to automatically hit; OR when the Read target uses an Attack against the user, causing that attack to automatically miss. If the user has the Telepathy Capability, the user automatically succeeds on a mind- reading attempt against the target, and may listen to the target's surface thoughts as long as they remain Read. Mind Reader automatically misses against targets with the Mindlock Capability.",core,402,False
minimize,Minimize,Normal,Scene,,,,,Status,Self,"The user gains +4 Evasion, and user's size is lowered to Small for the remainder of the encounter.",core,402,False
miracle-eye,Miracle Eye,Psychic,Scene x2,,,,,Status,"Self, Swift Action","Miracle Eye may be activated as a Swift Action on the user's turn. For the rest of the turn, the user's Psychic-Type Moves can hit and affect Dark-Type targets, and the user can see through the Illusion Ability, Moves with the Illusion keyword, and effects created by the Illusionist Capability, ignoring all effects from those.",core,422,False
mirror-coat,Mirror Coat,Psychic,Scene x2,,,,,Special,"Any, 1 Target, Reaction","Mirror Coat may be used as a Reaction when the user is hit by a damaging Special Attack. Resolve the Triggering Attack, with Mirror Coat's user resisting the attack one step further. After the attack is resolved, if Mirror Coat's user was not Fainted, the triggering foe then loses Hit Points equal to twice the amount of Hit Points lost by the user from the triggering attack. Note that Mirror Coat is Special, and while it cannot miss, it cannot hit targets immune to Psychic-Type Moves.",core,422,False
mirror-move,Mirror Move,Flying,Scene x2,,,,,Status,"6, 1 Target, Illusion",Use the Move the target has used on their last turn. You may choose new targets for the Move. Mirror Move cannot miss.,core,375,False
mirror-shot,Mirror Shot,Steel,EOT,5,7,2d6+10,17,Special,"6, Ranged Blast 2",All Legal Targets have their Accuracy lowered by -2 on 16+.,core,431,False
mist,Mist,Ice,Scene x2,,,,,Status,Blessing,"Blessing - Any user affected by Mist may activate it when having Combat Stages lowered by any effect; if they do, those Combat Stages are instead not lowered. Mist may be activated 3 times, and then disappears.",core,390,False
mist-ball,Mist Ball,Psychic,Scene x2,2,7,2d6+10,17,Special,"12, 1 Target",Mist Ball lowers the target's Special Attack by 1 Combat Stage on an Even-Numbered Roll.,core,422,False
misty-terrain,Misty Terrain,Fairy,Daily x2,,,,,Status,Field,"The area becomes Misty for 5 turns. While Misty, all Pokémon and Trainers standing on the ground ignore the first turn of all Status Afflictions, and Dragon-type attacks targeting or originating from a grounded Pokémon or Trainer take a -10 Penalty to Damage Rolls.",core,361,False
moonblast,Moonblast,Fairy,EOT,2,10,3d8+10,24,Special,"6, 1 Target",Moonblast lowers the target's Special Attack by 1 Combat Stage on 15+.,core,361,False
moongeist-beam,Moongeist Beam,Ghost,Scene x2,2,10,3d8+10,24,Special,Line 6,"This Move ignores any Abilities that would cause it to fail or miss, such as Dodge or Wonder Guard; those Abilities cannot be activated in response to Moongeist Beam.",sumo,15,False
moonlight,Moonlight,Fairy,Daily x2,,,,,Status,Self,"The user regains Hit Points equal to half of its full Hit Point value. If it is Sunny, the user gains 2/3 of its full Hit Point value. If it is Rainy, Sand Storming or Hailing the user gains 1/4 of their full Hit Point value.",core,361,False
morning-sun,Morning Sun,Normal,Daily x2,,,,,Status,Self,"The user regains Hit Points equal to half of its full Hit Point value. If it is Sunny, the user gains 2/3 of its full Hit Point value. If it is Rainy, Sand Storming or Hailing the user gains 1/4 of their full Hit Point value.",core,402,False
mud-bomb,Mud Bomb,Ground,At-Will,4,7,2d6+10,17,Special,"6, 1 Target",The target's Accuracy is lowered by -1 on 16+.,core,386,False
mud-shot,Mud Shot,Ground,At-Will,3,6,2d6+8,15,Special,"3, 1 Target",The target's Speed is lowed by -1 Combat Stage.,core,386,False
mud-sport,Mud Sport,Ground,EOT,,,,,Status,Burst 2,"All targets in the burst, including the user, gain a Coat which grants them 1 Step of Resistance to Electric Type Moves. After a target has been hit by a damaging Electric Type Move, the coat is removed.",core,386,False
mud-slap,Mud-Slap,Ground,At-Will,2,2,1d6+3,7,Special,"3, 1 Target",The target's Accuracy is lowered by -1.,core,386,False
muddy-water,Muddy Water,Water,EOT,5,9,2d10+10,21,Special,Close Blast 2,"As a Shift Action, the user may Move to any open square in Muddy Water's area of effect without provoking any Attacks of Opportunity. On 16+, the Accuracy of all targets is lowered by 1.",core,433,False
multi-attack,Multi-Attack,Normal,Scene x2,2,12,3d12+10,30,Physical,"Melee, 1 Target","Multi-Attack is the same Type as the Memory Disc, Plate, or Drive Item held.",new,12,False
mystical-fire,Mystical Fire,Fire,EOT,2,7,2d6+10,17,Special,"6, 1 Target",Mystical Fire lowers the target's Special Attack by 1 Combat Stage.,core,372,False
nasty-plot,Nasty Plot,Dark,EOT,,,,,Status,Self,Raise the user's Special Attack 2 Combat Stages.,core,352,False
natural-gift,Natural Gift,Normal,Scene,2,,See Effect,,Physical,"6, 1 Target, Berry",Refer to the Move Keywords Berry list. Natural Gift deals damage according to the Berry list and Natural Gift's Type is also defined there. The Berry's Digestion Buff is nullified and is not used.,core,402,False
nature-power,Nature Power,Normal,EOT,,,See Effect,,Status,See Effect,Nature Power uses a Move defined by the Environ keyword.,core,402,False
natures-madness,Nature's Madness,Fairy,Scene,4,,,,Special,"4, 1 Target",The target loses 1/2 of their current Hit Points.,sumo,11,False
needle-arm,Needle Arm,Grass,At-Will,2,6,2d6+8,15,Physical,"Melee, 1 Target",Needle Arm Flinches the target on 15+.,core,382,False
night-daze,Night Daze,Dark,EOT,3,9,2d10+10,21,Special,"4, 1 Target",Night Daze lowers the target's Accuracy by -1 on 13+.,core,352,False
night-shade,Night Shade,Ghost,Scene x2,2,,,,Special,"8, 1 Target",The target loses Hit Points equal to the level of Night Shade's user. Do not apply weakness or resistance. Do not apply stats.,core,378,False
night-slash,Night Slash,Dark,EOT,2,7,2d6+10,17,Physical,"Melee, Pass",Night Slash is a Critical Hit on 18+,core,352,False
nightmare,Nightmare,Ghost,Scene x2,2,,,,Status,"Melee, 1 Target",Nightmare can only hit Legal Targets that are Asleep. The target gains Bad Sleep.,core,378,False
no-retreat,No Retreat,Fighting,Scene,,,,,Status,Self,"The user gains +1 CS in each stat. In addition, the user may not be recalled or switched out until the end of the Scene, and counts as Slowed for the purposes of any movement that would end further away from the nearest enemy than the user started.",new,9,False
noble-roar,Noble Roar,Normal,EOT,2,,,,Status,"Burst 1, Sonic, Friendly, Social",Noble Roar lowers all targets' Attack and Special Attack by 1 Combat Stage.,core,402,False
nuzzle,Nuzzle,Electric,Scene,2,2,1d6+3,7,Physical,"Melee, 1 Target",Nuzzle Paralyzes the target.,core,357,False
oblivion-wing,Oblivion Wing,Flying,Daily,2,8,2d8+10,19,Special,"Melee, 1 Target",The user gains Hit Points equal to Oblivion Wing's Damage Roll.,core,375,False
obstruct,Obstruct,Dark,Scene,,,,,Status,"Self, Interrupt, Shield, Trigger","If the user is hit by a Move, the user may use Obstruct. The user is instead not hit by the Move. You do not take any damage nor are you affected by any of the Move's effects. In addition, if the triggering attack was Melee ranged, the attacker's Defense is lowered by 2 Combat Stages.",new,5,False
octazooka,Octazooka,Water,At-Will,3,7,2d6+10,17,Special,"6, 1 Target","On an Even-Numbered Roll, the target's Accuracy is Lowered by 1.",core,433,False
octolock,Octolock,Fighting,Scene,2,,,,Status,"Melee, 1 Target","The user initiates a Grapple Maneuver with the target, which automatically hits. If successful, until the user no longer has Dominance in the grapple, the target is Trapped and loses 1 CS in Defense and Special Defense at the end of each of their turns.",new,9,False
odor-sleuth,Odor Sleuth,Normal,Scene x2,,,,,Status,"Self, Swift Action","Odor Sleuth may be activated as a Swift Action on the user's turn. For the rest of the turn, the user's Normal-Type and Fighting-Type Moves can hit and affect Ghost-Type targets, and the user can see through the Illusion Ability, Moves with the Illusion keyword, and effects created by the Illusionist Capability, ignoring all effects from those.",core,403,False
ominous-wind,Ominous Wind,Ghost,EOT,2,6,2d6+8,15,Special,"6, 1 Target, Spirit Surge","On 19+, the user has each of its stats raised by +1 Combat Stage.",core,378,False
origin-pulse,Origin Pulse,Water,Scene x2,5,12,3d12+10,30,Special,"Close Blast 3, Smite",None,core,433,False
outrage,Outrage,Dragon,Scene x2,3,12,3d12+10,30,Physical,"Melee, all adjacent foes, Smite","After damage is dealt, the user becomes Enraged and Confused.",core,355,False
overdrive,Overdrive,Electric,EOT,2,8,2d8+10,19,Special,"Cone 2, Sonic",,new,7,False
overheat,Overheat,Fire,Scene,4,13,4d10+10,35,Special,"8, Ranged Blast 3, Smite",Lower the user's Special Attack 2 Combat Stages after damage.,core,372,False
pain-split,Pain Split,Normal,Daily x2,,,,,Status,"4, 1 Target","The user and the target both lose ½ of their current Hit Points. Add the amount of Hit Points the user and the target lost together, and divide the value by 2. Both the target and the user gain Hit Points equal to this value. Do not add Injuries from Pain Split from Hit Point Markers until the full effect of the Move has been resolved. Pain Split never causes Massive Damage. Hit Point loss from Pain Split cannot be prevented in any way",core,403,False
parabolic-charge,Parabolic Charge,Electric,Scene,2,7,2d6+10,17,Special,Cone 2,"After the targets take damage, the user gains Hit Points equal to half of the total damage they dealt to all targets.",sumo,10,False
parting-shot,Parting Shot,Dark,At-Will,2,,,,Status,"6, 1 Target, Social","If Parting Shot successfully hits, the target's Attack and Special Attack stats are lowered by one Combat Stage and the user is immediately recalled in the same turn. A new Pokémon may immediately be sent out. Using Parting Shot lets a Trapped user be recalled.",core,352,False
pay-day,Pay Day,Normal,Daily,2,4,1d8+6,11,Physical,Cone 2,"Pay Day scatters metal coins equal in value to 1d8 times the user's level. If it is a trainer battle, the winner of the battle gets to pick up the coins.",core,403,False
payback,Payback,Dark,EOT,2,5,1d8+8,13,Physical,"Melee, 1 Target","If the target hit the user with a Damaging Move on the previous turn, Payback has a Damage Base of 10 (3d8+10 / 24) instead.",core,352,False
peck,Peck,Flying,At-Will,2,4,1d8+6,11,Physical,"Melee, 1 Target",None,core,375,False
perish-song,Perish Song,Normal,Daily,,,,,Status,"Burst 15, Sonic","Perish Song cannot miss. All targets, including the user, receive a Perish Count of 3. At the beginning of each of the target's turns, their Perish count is lowered by 1. Once a Perish Count reaches 0, set the Pokémon's Hit Points to 0. A Perish Count disappears if a target returns to their Poké Ball, Takes a Breather, or is knocked out. Perish Song never causes Massive Damage.",core,403,False
petal-blizzard,Petal Blizzard,Grass,EOT,2,9,2d10+10,21,Physical,Burst 1,None.,core,382,False
petal-dance,Petal Dance,Grass,Scene x2,3,12,3d12+10,30,Special,"Melee, all adjacent foes, Smite","After damage is dealt, the user becomes Enraged and Confused.",core,383,False
phalanx,Phalanx,Steel,Scene,,,,,Status,"Self, Interrupt, Shield, Trigger","If the user is hit by an attack, the user may use Phalanx. The user is instead not hit by the Move. You do not take any damage nor are you affected by any of the Move's effects. In addition, if the triggering attack was Melee ranged, the user may immediately perform an Attack of Opportunity against the attacker. Jousting Samurott As hinted by its name, Samurott is based on the samurai warriors of Japanese history, which makes it a good can- didate for a variant Pokémon in more western-inspired settings. Rather than using its horn for cutting attacks like Fury Cutter and Slash, this variant is based on Eu- ropean knights and jousting. In terms of appearance, Samurott's ""armor"" and ""hel- met"" take on the appearance of European plate mail, including a pseudo-visor over its eyes to help protect them. Mechanics: Becomes Water/Steel Type and swaps Spe- cial Attack and Defense in its Base Stats. Replace Fury Cutter with Drill Peck, replace Slash with Iron Head, replace Swords Dance with Iron Defense. Replace the Inner Focus Ability with Run Up.",got,34,False
phantom-force,Phantom Force,Ghost,Scene x2,2,9,2d10+10,21,Physical,"Melee, 1 Target, Set-Up","The user is removed from the field, and their turn ends. Phantom Force's user appears adjacent to any legal target on the field, ignoring Movement Capabilities, and then uses Phantom Force's attack. Phantom Force cannot be avoided by Moves with the Shield Keyword, the Dodge Ability, or similar effects, and Intercepts may not be attempted in response.",core,378,False
photon-geyser,Photon Geyser,Psychic,Scene,2,10,3d8+10,24,Special,Burst 2,"This attack uses the highest of the user's Attack or Special Attack Stat, though it remains a Special Move. This Move ignores any Abilities that would cause it to fail or miss, such as Dodge or Wonder Guard; those Abilities cannot be activated in response to Photon Geyser.",sumo,21,False
pierce,Pierce!,Normal,EOT,2,7,2d6+10,17,Physical,"WR, 1 Target",Pierce deals an additional +10 damage against targets with Damage Reduction. Limitations: None,core,289,False
pin-missile,Pin Missile,Bug,EOT,4,3,1d6+5,9,Physical,"6, 1 Target, Five Strike",None,core,347,False
plasma-fists,Plasma Fists,Electric,Scene,2,10,3d8+10,24,Physical,"Melee, 1 Target, Smite",The target's next damaging Normal Type Move instead becomes Electric Type.,sumo,10,False
play-nice,Play Nice,Normal,At-Will,2,,,,Status,"6, 1 Target, Social",Play Nice lowers the target's Attack by 1 Combat Stage.,core,403,False
play-rough,Play Rough,Fairy,EOT,4,9,2d10+10,21,Physical,"Melee, 1 Target",Play Rough lowers the target's Attack 1 Combat Stage on 17-20 during Accuracy Check.,core,361,False
pluck,Pluck,Flying,At-Will,2,6,2d6+8,15,Physical,"Melee, 1 Target","Pluck takes the target's Held Item or Accessory Slot Item and attaches it to Pluck's user, if the user is not holding anything.",core,375,False
poison-fang,Poison Fang,Poison,EOT,2,5,1d8+8,13,Physical,"Melee, 1 Target",Poison Fang Badly Poisons the target on 17+.,core,415,False
poison-gas,Poison Gas,Poison,Scene,6,,,,Status,Burst 1 or Cone 2,Poison Gas Poisons all Legal Targets.,core,415,False
poison-jab,Poison Jab,Poison,EOT,2,8,2d8+10,19,Physical,"Melee, 1 Target",Poison Jab Poisons the target on 15+.,core,415,False
poison-powder,Poison Powder,Poison,EOT,6,,,,Status,"4, 1 Target, Powder",The target is Poisoned.,core,415,False
poison-sting,Poison Sting,Poison,At-Will,2,2,1d6+3,7,Physical,"6, 1 Target",Poison Sting Poisons the target on 17+.,core,415,False
poison-tail,Poison Tail,Poison,At-Will,2,5,1d8+8,13,Physical,"Melee, 1 Target","Poison Tail is a Critical Hit on 18+, and Poisons the target on 19+.",core,415,False
pollen-puff,Pollen Puff,Bug,EOT,2,9,2d10+10,21,Special,"6, 1 Target","Once per Scene, Pollen Puff may instead be used on an ally; when used this way, the target recovers 50% of their maximum Hit Points and the Move has the Healing keyword.",sumo,7,False
pound,Pound,Normal,At-Will,2,4,1d8+6,11,Physical,"Melee, 1 Target",None,core,403,False
powder,Powder,Bug,Scene x2,,,,,Status,"6, 1 Target, Interrupt, Powder","The target is dusted with a Coat of flammable powder. If it uses a damaging Fire-Type attack, the attack is negated and instad creates a Blast 3 centered on itself as the powder explodes, and the Coat is removed. All targets within the Blast take damage equal to what the user of the Fire-Type attack would roll for the damage of their attack. This damage is Typeless or Fire- Type, whichever would be more effective.",core,347,False
powder-snow,Powder Snow,Ice,At-Will,2,4,1d8+6,11,Special,Line 4,Powder Snow Freezes all Legal Targets on 19+.,core,390,False
power-gem,Power Gem,Rock,At-Will,2,8,2d8+10,19,Special,"6, 1 Target",None,core,426,False
power-split,Power Split,Psychic,Scene,,,,,Status,"Melee, 1 Target","The target has their Attack and Special Attack lowered by 5. If they do, the user gains a +5 bonus to Damage Rolls. These effects last until the end of the scene.",core,422,False
power-swap,Power Swap,Psychic,Scene,,,,,Status,"Melee, 1 Target","The user and the target trade Combat Stage values for the Attack Stat, and then for the Special Attack Stat.",core,422,False
power-trick,Power Trick,Psychic,Scene,,,,,Status,Self,"The user's Attack stat and Defense stat are switched for the remainder of the scene, or until the user is switched out or Fainted.",core,422,False
power-trip,Power Trip,Dark,EOT,2,2,1d6+3,7,Physical,"Melee, 1 Target","This Move gains +2 to its Damage Base for every positive Combat Stage held by the user, to a maximum of DB 20.",sumo,8,False
power-whip,Power Whip,Grass,Scene x2,5,12,3d12+10,30,Physical,"8, 1 Target, Smite",None,core,383,False
power-up-punch,Power-Up Punch,Fighting,EOT,2,4,1d8+6,11,Physical,"Melee, 1 Target","If Power-Up Punch successfully hits a target, the user's Attack is raised by +1 Combat Stage",core,366,False
precipice-blades,Precipice Blades,Ground,Scene x2,5,12,3d12+10,30,Physical,"Burst 1, Smite",None.,core,387,False
present,Present,Normal,EOT,3,,See Effect,,Physical,"4, 1 Target","Roll 1d6; Present has a Damage Base equal to twice the result. On a result of 1, instead of taking damage, the target gains 20 Hit Points.",core,404,False
prismatic-laser,Prismatic Laser,Psychic,Daily x2,4,16,5d10+20,50,Special,"Line 8, Smite, Exhaust",,sumo,21,False
protect,Protect,Normal,Scene,,,,,Status,"Self, Interrupt, Shield, Trigger","If the user is hit by a Move, the user may use Protect. The user is instead not hit by the Move. You do not take any damage nor are you affected by any of the Move's effects.",core,404,False
psybeam,Psybeam,Psychic,At-Will,2,7,2d6+10,17,Special,"6, 1 Target",Psybeam Confuses the target on 19+.,core,422,False
psych-up,Psych Up,Normal,Scene,,,,,Status,"6, 1 Target",The user's Combat Stages are changed to match the target's Combat Stages. Psych Up cannot miss.,core,404,False
psychic,Psychic,Psychic,EOT,2,9,2d10+10,21,Special,"5, 1 Target, Push",The target is Pushed 1 meter in any direction. Psychic lowers the target's Special Defense 1 Combat Stage on 17+.,core,423,False
psychic-fangs,Psychic Fangs,Psychic,EOT,2,9,2d10+10,21,Physical,"4, 1 Target","Light Screen, Reflect and Aurora Veil cannot be declared in response to Psychic Fangs.",sumo,21,False
psychic-terrain,Psychic Terrain,Psychic,Daily x2,,,,,Status,Field,"The Field becomes Weird for five rounds. While the Field is Weird, non-Flying and non- Levitating Pokémon cannot declare Priority or Interrupt Moves outside their own Initiatives. Damaging Psychic-Type attacks deal an additional 10 damage",sumo,21,False
psycho-boost,Psycho Boost,Psychic,Scene,4,14,4d10+15,40,Special,"8, Ranged Blast 3, Smite",Lower the user's Special Attack 2 Combat Stages after damage is resolved.,core,423,False
psycho-cut,Psycho Cut,Psychic,EOT,2,7,2d6+10,17,Physical,"6, 1 Target",Psycho Cut is a Critical Hit on 18+.,core,423,False
psycho-shift,Psycho Shift,Psychic,Scene,,,,,Status,"Melee, 1 Target",The user is cured of a Status ailment and the target is given that Status ailment. Psycho Shift cannot miss. Psycho Shift can only be used if the user has a Status ailment and the target does not have the status ailment that is being transferred.,core,423,False
psyshock,Psyshock,Psychic,At-Will,2,8,2d8+10,21,Special,"4, 1 Target","When calculating damage, the target subtracts their Defense from Psyshock's damage instead of their Special Defense. Psyshock is still otherwise Special ( Special Evasion is used to avoid it, Mirror Coat can reflect it, etc. )",core,423,False
psystrike,Psystrike,Psychic,EOT,2,10,3d8+10,24,Special,"4, 1 Target","When calculating damage, the target subtracts their Defense from Psystrike's damage instead of their Special Defense. Psystrike is still otherwise Special (Special Evasion is used to avoid it, Mirror Coat can reflect it, etc.)",core,423,False
psywave,Psywave,Psychic,Scene,5,,,,Special,"6, 1 Target","Roll 1d4; on 1 the target loses Hit Points equal to half the user's Level; on 2 the target loses Hit Points equal to the user's Level; on 3 the target loses Hit Points equal to 1.5x the user's level; on 4 the target loses Hit Points equal to the user's Level doubled. Do not apply weakness or resistance, and do not apply Stats. Do apply Immunity.",core,423,False
punishment,Punishment,Dark,EOT,2,6,2d6+8,15,Physical,"Melee, 1 Target","Punishment's Damage Base is raised by +1 for each positive Combat Stage the target has, to a maximum of DB 12.",core,352,False
purify,Purify,Poison,Scene,,,,,Status,"Melee, 1 Target","The target is cured of all Permanent and Volatile Statuses. For every status removed, the user recovers a Tick of Hit Points.",sumo,20,False
pursuit,Pursuit,Dark,At-Will,2,4,1d8+6,11,Physical,"Melee, 1 Target","If the foe is fleeing or being switched out, Pursuit may be used as an Interrupt, targeting the triggering foe. When used as an Interrupt, Pursuit grants the user a +5 bonus to all Movement Speeds, and has a Damage Base of 8 (2d8+10 / 19).",core,352,False
pyro-ball,Pyro Ball,Fire,Scene x2,4,12,3d12+10,30,Physical,"6, 1 Target, Smite",The target is Burned on 19+.,new,10,False
quash,Quash,Dark,At-Will,2,,,,Status,"10, 1 Target, Social",Quash changes the target's Initiative to 0 for the remainder of the round.,core,352,False
quick-attack,Quick Attack,Normal,At-Will,2,4,1d8+6,11,Physical,"Melee, 1 Target, Priority",None.,core,404,False
quick-guard,Quick Guard,Fighting,Scene,,,,,Status,"Melee, Interrupt, Shield, Trigger","If the user or an adjacent ally is targeted by a Priority or Interrupt Attack, Quick Guard may be declared as an Interrupt, causing the triggering attack to have no effect.",core,366,False
quiver-dance,Quiver Dance,Bug,Scene x2,,,,,Status,Self,"Raise the user's Special Attack, Special Defense, and Speed by +1 Combat Stage each.",core,347,False
rage,Rage,Normal,At-Will,2,2,1d6+3,7,Physical,"Melee, 1 Target, Spirit Surge","The user becomes Enraged. Until the end of the user's next turn, if the user is Enraged, the user gains +1 Attack Combat Stage whenever they are damaged by an Damaging Move or Attack.",core,404,False
rage-powder,Rage Powder,Bug,Scene x2,,,,,Status,"Burst 1 or Line 6, Powder","All targets hit by Rage Powder are Enraged. While enraged, they must shift to target the user when using a Move or Attack if the user is within reach. If the user is Fainted or Switched out, all targets hit by Rage Powder are cured of rage.",core,347,False
rain-dance,Rain Dance,Water,Daily x2,,,,,Status,"Field, Weather","The weather becomes Rainy for 5 rounds. While Rainy, Water-Type Attacks gain a +5 bonus to Damage Rolls, and Fire-Type Attacks suffer a -5 Damage penalty.",core,433,False
rapid-spin,Rapid Spin,Normal,At-Will,2,5,1d8+8,13,Physical,"Melee, 1 Target, Spirit Surge","Rapid Spin destroys all Hazards within 5 meters, removes Leech Seeds, and removes the user's Trapped or Stuck status. If Rapid Spin hits, the user's speed raises 1 CS.",new,12,False
razor-leaf,Razor Leaf,Grass,At-Will,4,6,2d6+8,15,Physical,Cone 2,Razor Leaf is a Critical Hit on 18+.,core,383,False
razor-shell,Razor Shell,Water,EOT,3,8,2d8+10,19,Physical,"Melee, 1 Target, Dash",Razor Shell lowers the Target's Defense 1 Combat Stage on an Even-Numbered Roll.,core,434,False
razor-wind,Razor Wind,Normal,EOT,2,8,2d8+10,19,Special,"10, 3 Targets, Set-Up","The user may not shift this round. The user whips up a whirlwind around themselves, granting +2 Evasion until the end of their next turn, and destroying any Smokescreen or Hazards on any squares they are standing on and in all squares adjacent to them. The user attacks with Razor Wind. Razor Wind is a Critical Hit on 18+.",core,404,False
recover,Recover,Normal,Daily x2,,,,,Status,Self,The user regains Hit Points equal to half of its full Hit Point value.,core,405,False
recycle,Recycle,Normal,Scene,,,,,Status,Self,The effect of a consumable item used earlier in the encounter is used again as if it had not been destroyed. The item is still gone.,core,405,False
reflect,Reflect,Psychic,Scene,,,,,Status,Blessing,"Blessing - Any user affected by Reflect may activate it when receiving Physical Damage to resist the Damage one step. Reflect may be activated 2 times, and then disappears.",core,424,False
reflect-type,Reflect Type,Normal,Scene,2,,,,Status,"Melee, 1 Target",Reflect Type changes one of the user's Types into one Type of your choice that the target has for the rest of the scene.,core,405,False
refresh,Refresh,Normal,Scene x2,,,,,Status,Self,"The user is cured of all Poison, Burns, and Paralysis.",core,405,False
relic-song,Relic Song,Normal,Scene,2,8,3d6+10,21,Special,"Burst 3, Friendly, Sonic","All Legal Targets fall Asleep on 16+. As long as Meloetta knows Relic Song, it may change between Aria Form and Step Form as a Swift Action when using Relic Song, or as a Standard Action otherwise. Both Aria and Step Form must be statted with the same HP Stat.",core,405,False
rending-spell,Rending Spell,Normal,EOT,2,3,1d6+5,9,Special,"WR, 1 Target",The target loses a Tick of Hit Points on 16+.,got,44,False
resonance-beam,Resonance Beam,Normal,EOT,3,4,1d8+6,11,Special,Line 4,All targets have their Special Defense lowered by 1 Combat Stage on 20+. This Effect Range is extended by +1 for each foe targeted by this Move.,got,44,False
rest,Rest,Psychic,Scene,,,,,Status,Self,"The user is set to their full Hit Point value. The user is cured of any Status ailments. Then, the user falls Asleep. The user cannot make Sleep Checks at the beginning of their turn. They are cured of the Sleep at the end of their turn in 2 rounds.",core,424,False
retaliate,Retaliate,Normal,Scene x2,2,7,2d6+10,17,Physical,"Melee, 1 Target",Retaliate's Damage Base is doubled to DB 14 (4d10+15 / 40) if an ally has been Fainted by a Damaging Move used by the Target in the last 2 rounds of Combat.,core,405,False
return,Return,Normal,At-Will,,,,,Physical,"Melee, 1 Target",Return's Damage Base is equal to 3 plus the user's Loyalty Value.,core,405,False
revelation-dance,Revelation Dance,Normal,EOT,2,9,2d10+10,21,Special,"6, 1 Target","Revelation Dance is the same Type as the user's primary Type (the first one listed in the Pokédex). Revelation Dance deals +5 Bonus Damage for every other Dance Move used by the user this round, to a maximum of +15.",sumo,19,False
revenge,Revenge,Fighting,EOT,2,6,2d6+8,15,Physical,"Melee, 1 Target, Priority (Limited)","When declaring Revenge, the user does nothing and may not Shift. At the end of the round, the user may shift and use Revenge. If the target has damaged the user this round, Revenge has a Damage Base of 12 (3d12+10 / 30).",core,366,False
reversal,Reversal,Fighting,EOT,2,7,2d6+10,17,Physical,"Melee, 1 Target","For each Injury the user has, Reversal's Damage Base is increased by +1.",core,366,False
riposte,Riposte,Normal,Scene x2,2,12,3d12+10,30,Physical,"WR, 1 Target, Reaction, Trigger",None Limitations: Melee or Short-Ranged Weapons Only,core,290,False
roar,Roar,Normal,Scene,2,,,,Status,"Burst 1, Sonic, Social","When declaring Roar, the user does nothing and may not Shift. At the end of the round, the user Shifts and uses Roar. Targets hit by Roar immediately Shift away from the target using their highest usable movement capability, and towards their Trainer if possible. If the target is an owned Pokémon and ends this shift within 6 meters of their Poké Ball, they are immediately recalled to their Poké Ball. If that Trainer sends out a replacement, they do not lose their Pokémon turn.",core,406,False
roar-of-time,Roar of Time,Dragon,Daily x2,4,15,4d10+20,45,Special,"Burst 8, Smite, Exhaust","All legal targets are Slowed, even if the attack misses.",core,355,False
rock-blast,Rock Blast,Rock,EOT,5,3,1d6+5,9,Physical,"6, 1 Target, Five Strike",None,core,426,False
rock-climb,Rock Climb,Normal,At-Will,5,8,2d8+10,19,Physical,"Melee, 1 Target, Dash",Rock Climb Confuses the target on 17+.,core,406,False
rock-polish,Rock Polish,Rock,EOT,,,,,Status,Self,Raise the user's Speed 2 Combat Stages.,core,426,False
rock-slide,Rock Slide,Rock,Scene x2,4,8,2d8+10,19,Physical,"6, Ranged Blast 3",Rock Slide Flinches all Legal Targets on 17+.,core,426,False
rock-smash,Rock Smash,Fighting,At-Will,2,4,1d8+6,11,Physical,"Melee, 1 Target",Rock Smash lowers the target's Defense 1 Combat Stage on 17+.,core,367,False
rock-throw,Rock Throw,Rock,At-Will,4,5,1d8+8,13,Physical,"6, 1 Target",None,core,426,False
rock-tomb,Rock Tomb,Rock,At-Will,5,6,2d6+8,15,Physical,"6, 1 Target",Rock Tomb lowers the target's Speed by -1 Combat Stage.,core,427,False
rock-wrecker,Rock Wrecker,Rock,Daily x2,4,15,4d10+20,45,Physical,"Melee, 1 Target, Dash, Exhaust, Smite",None,core,427,False
role-play,Role Play,Psychic,Daily,,,,,Status,"Melee, 1 Target","The user gains one of the target's Abilities, chosen at random, for the remainder of the encounter. This effect ends if the user Faints or is switched out. Role Play cannot miss.",core,424,False
rolling-kick,Rolling Kick,Fighting,At-Will,4,6,2d6+8,15,Physical,"Melee, 1 Target",Rolling Kick Flinches the target on 15+.,core,367,False
rollout,Rollout,Rock,At-Will,4,3,1d6+5,9,Physical,"Melee, 1 Target, Pass","The user continues to use Rollout on each of its turns until they miss any target with Rollout, or are not able to hit any target with Rollout during their turn. Each successive use of Rollout increases Rollout's Damage Base by +4 to a maximum of DB 15.",core,427,False
roost,Roost,Flying,Daily x2,,,,,Status,Self,"The user regains Hit Points equal to half of its full Hit Points. If the user is a Flying Type, it loses the Flying Type until the start of their next turn.",core,375,False
rototiller,Rototiller,Ground,Scene,,,,,Status,Burst 2,All Grass-type Pokémon in the area raise their Attack and Special Attack 1 Combat Stage.,core,387,False
round,Round,Normal,EOT,,,,,Special,"Burst 1, Sonic","Round's Damage Base is equal to 6, plus +2 more for each previous use of Round by any Trainer or Pokémon this round, up to a maximum of DB12.",core,406,False
sacred-fire,Sacred Fire,Fire,EOT,3,10,3d8+10,24,Physical,"6, 1 Target",Sacred Fire Burns the target on Even-Numbered Rolls.,core,372,False
sacred-sword,Sacred Sword,Fighting,EOT,,8,2d8+10,19,Physical,"Melee, 1 Target",Sacred Sword cannot miss.,core,367,False
safeguard,Safeguard,Normal,Scene,,,,,Status,Blessing,"Blessing - Any user affected by Safeguard may activate it when receiving a Status Affliction to ignore the effects of that Status Affliction on their next turn. Safeguard may be activated 3 times, and then disappears.",core,406,False
salvo,Salvo,Normal,EOT,2,6,2d6+8,15,Physical,"WR, Blast 2",None,core,289,False
sand-attack,Sand Attack,Ground,EOT,2,,,,Status,"2, 1 Target",The target is Blinded until the end of their next turn.,core,387,False
sand-tomb,Sand Tomb,Ground,Scene x2,4,4,1d8+6,11,Physical,"5, 1 Target",The target is put in a Vortex.,core,387,False
sandstorm,Sandstorm,Rock,Daily x2,,,,,Status,"Field, Weather","The weather changes to a Sandstorm for 5 rounds. While it is Sandstorming, all non-Ground, Rock, or Steel Type Pokémon lose a Tick of Hit Points at the beginning of their turn.",core,427,False
scald,Scald,Water,Scene x2,2,8,2d8+10,19,Special,"5, 1 Target",Scald Burns the target on 15+.,core,434,False
scary-face,Scary Face,Normal,EOT,2,,,,Status,"4, 1 Target, Social",The target's Speed is lowered 2 Combat Stages.,core,406,False
scratch,Scratch,Normal,At-Will,2,4,1d8+6,11,Physical,"Melee, Pass",None,core,406,False
screech,Screech,Normal,EOT,4,,,,Status,"Burst 2, Friendly, Sonic",All Legal Targets have their Defense lowered 2 Combat Stages.,core,406,False
searing-shot,Searing Shot,Fire,EOT,2,10,3d8+10,24,Special,Burst 1,Searing Shot Burns all targets on 15+.,core,372,False
secret-force,Secret Force,Normal,EOT,4,4,1d8+6,11,Special,"Melee, 1 Target, Smite","When calculating damage, the target subtracts their Defense from Secret Force's damage instead of their Special Defense. Secret Force is still otherwise Special.",got,45,False
secret-power,Secret Power,Normal,At-Will,2,7,2d6+10,17,Special,"4, 1 Target, Environ",Secret Power's effect depends on Environ. Secret Power's effect activates on 17+.,core,407,False
secret-sword,Secret Sword,Fighting,At-Will,2,8,2d8+10,19,Special,"Melee, 1 Target","When calculating damage, the target subtracts their Defense from Secret Sword's damage instead of their Special Defense. Secret Sword is still otherwise Special ( Special Evasion is used to avoid it, Mirror Coat can reflect it, etc. ).",core,367,False
seed-bomb,Seed Bomb,Grass,At-Will,2,8,2d8+10,19,Physical,"8, 1 Target",None,core,383,False
seed-flare,Seed Flare,Grass,Scene,5,12,3d12+10,30,Special,"6, Ranged Blast 3",All Legal Targets have their Special Defense lowered 1 Combat Stage.,core,383,False
seismic-toss,Seismic Toss,Fighting,Scene x2,2,,,,Physical,"Melee, 1 Target",The target loses Hit Points equal to the level of Seismic Toss' user.,core,367,False
self-destruct,Self-Destruct,Normal,Daily,2,20,6d12+35,75,Physical,Burst 3,The user's Hit Points are set to -50% of their full Hit Point value. This Hit Point loss may not be prevented or reduced in any way. The user's loyalty toward its trainer may be lowered.,core,407,False
shadow-ball,Shadow Ball,Ghost,EOT,2,8,2d8+10,19,Special,"8, 1 Target",Shadow Ball lowers the foe's Special Defense 1 Combat Stage on 17+.,core,378,False
shadow-bone,Shadow Bone,Ghost,EOT,2,9,2d10+10,21,Physical,"Melee, 1 Target",The target's Defense is lowered by 1 Combat Stage on a 17+.,sumo,15,False
shadow-claw,Shadow Claw,Ghost,EOT,2,7,2d6+10,17,Physical,"Melee, Pass",Shadow Claw is a Critical Hit on 18+.,core,378,False
shadow-force,Shadow Force,Ghost,Daily x3,2,12,3d12+10,30,Physical,"Melee, 1 Target, Set-Up","The user is removed from the field, and their turn ends. Shadow Force's user appears adjacent to any legal Target, ignoring Movement Capabilities, and then uses Shadow Force's attack. Shadow Force cannot be avoided by Moves with the Shield Keyword, the Dodge Ability, or similar effects, and Intercepts may not be attempted in response.",core,379,False
shadow-punch,Shadow Punch,Ghost,EOT,,6,2d6+8,15,Physical,"6, 1 Target",Shadow Punch cannot miss.,core,379,False
shadow-sneak,Shadow Sneak,Ghost,At-Will,2,4,1d8+6,11,Physical,"Melee, 1 Target, Priority",None.,core,379,False
sharpen,Sharpen,Normal,At-Will,,,,,Status,Self,Raise the user's Attack 1 Combat Stage.,core,407,False
sheer-cold,Sheer Cold,Ice,Daily,,,,,Status,"4, 1 Target, Execute","Roll 1d100. This roll may not be modified in any way. If you roll X or lower, the target Faints. X is equal to 30 + The User's Level - The Target's Level.",core,390,False
shell-smash,Shell Smash,Normal,Scene,,,,,Status,Self,"Raise the user's Attack 2 Combat Stages, raise the user's Special Attack 2 Combat Stages and raise the user's Speed 2 Combat Stages. Lower the user's Defense 1 Combat Stage and lower the user's Special Defense 1 Combat Stage.",core,407,False
shell-trap,Shell Trap,Fire,Scene,2,15,4d10+20,45,Special,"Melee, 1 Target, Interrupt, Trigger","If the user is hit by a Melee attack, they may use Shell Trap as an Interrupt.",sumo,13,False
shift-gear,Shift Gear,Steel,Scene x2,,,,,Status,Self,Raise the user's Attack 1 Combat Stage and raise the user's Speed 2 Combat Stages.,core,431,False
shock-wave,Shock Wave,Electric,At-Will,,6,2d6+8,15,Special,"6, 1 Target",Shock Wave cannot miss.,core,358,False
shore-up,Shore Up,Ground,Daily x2,,,,,Status,Self,"The user regains Hit Points equal to half of its full Hit Point value. If it is Sand Storming, the user gains 2/3 of its full Hit Point value instead. If it is Sunny, Rainy or Hailing the user gains 1/4 of their full Hit Point value instead.",sumo,17,False
signal-beam,Signal Beam,Bug,EOT,2,8,2d8+10,19,Special,"6, 1 Target",Signal Beam confuses the target on 19+.,core,348,False
silver-wind,Silver Wind,Bug,At-Will,2,6,2d6+8,15,Special,"6, 1 Target, Spirit Surge","On 19+, the user has each of its stats raised by +1 Combat Stage.",core,348,False
simple-beam,Simple Beam,Normal,Scene,2,,,,Status,"6, 1 Target",You choose one of the target's Abilities. Simple Beam changes that Ability to Simple for the remainder of the encounter.,core,407,False
sing,Sing,Normal,Scene,10,,,,Status,"Burst 2, Friendly, Sonic","All legal Targets fall Asleep. On a miss, Sing instead causes targets to become Slowed and suffer a -2 penalty to their Evasion until the end of the user's next turn.",core,407,False
sketch,Sketch,Normal,Daily,,,,,Status,"15, 1 Target","Sketch cannot miss. Once Sketch has been used, remove Sketch from the user's Move list. The last Move that the target used is added to the user's Move list permanently. Sketch may not be Interrupted or Intercepted.",core,407,False
skill-swap,Skill Swap,Psychic,Scene,,,,,Status,"Melee, 1 Target","The user loses one of their Abilities, selected by the user, and gains one the target's Abilities, selected at random, for the remainder of encounter. The target loses the copied Ability, and gains the user's lost Ability. This effect ends if either the target or the user is Switched out or Fainted, but only for that Pokémon or Trainer.",core,424,False
skull-bash,Skull Bash,Normal,Scene x2,2,13,4d10+10,35,Physical,"Melee, 1 Target, Dash, Push, Set-Up",The use gains +1 Defense CS. The user may attack with Skull Bash. The target is pushed 3 meters.,core,407,False
sky-attack,Sky Attack,Flying,Scene x2,4,14,4d10+15,40,Physical,"Melee, Pass, Set-Up, Full Action","The user is moved up 25 meters into the air. The user may shift until they are next to a legal target in the encounter. They may then shift again, and pass through legal targets to attack with Sky Attack. Sky Attack Flinches a target on 17-20 during Accuracy Check.",core,375,False
sky-drop,Sky Drop,Flying,Scene x2,3,6,2d6+8,15,Physical,"Melee, Target, Set-Up","Make Sky Drop's Accuracy Check. If the user hits, the user and target are moved 25 meters into the air. The target forfeits their next turn, and cannot Shift or take actions until Sky Drop is resolved. Shift while in the air, and lower both the user and the target heights back to the ground. Then apply Sky Drop's damage. If the target has a Sky or Levitate Speed, Sky Drop fails to deal damage. If the user is Fainted after the Set-Up but before the Resolution, the target falls to the ground and takes damage as if Sky Drop had a Damage Base of 3 (1d6+5/8) unless they have a Sky or Levitate Speed, in which case they take no damage.",core,375,False
sky-uppercut,Sky Uppercut,Fighting,At-Will,4,9,2d10+10,21,Physical,"Melee, 1 Target","Sky Uppercut may be used as an Interrupt when against a target initiating Bounce, Fly, or Sky Drop to allow the user to Shift and use Sky Uppercut. If Sky Uppercut successfully hits its target, the triggering Move fails (though the target may take their next turn normally).",core,367,False
slack-off,Slack Off,Normal,Daily x2,,,,,Status,Self,The user regains Hit Points equal to half of its full Hit Points.,core,408,False
slam,Slam,Normal,At-Will,6,8,2d8+10,19,Physical,"Melee, 1 Target, Dash","Slam may be used as a Free Action at the end of a Sprint Maneuver taken as a Standard Action, as long as the user Shifted at least 3 meters in a straight line towards the target. When used this way, Slam gains the Smite keyword.",core,408,False
slash,Slash,Normal,EOT,2,7,2d6+10,17,Physical,"Melee, Pass",Slash is a Critical Hit on 18+.,core,408,False
sleep-powder,Sleep Powder,Grass,Scene x2,6,,,,Status,"4, 1 Target, Powder",The target falls asleep.,core,383,False
sleep-talk,Sleep Talk,Normal,Scene,,,,,Status,Self,"Select another of the user's Moves at random; this turn, the user may Shift and use that Move despite being Asleep. Sleep Talk can be only be used by Sleeping targets.",core,408,False
slice,Slice,Normal,Scene x2,2,10,3d8+10,24,Physical,"Melee, Pass",None.,core,290,False
sludge,Sludge,Poison,EOT,2,7,2d6+10,17,Special,"6, 1 Target",Sludge Poisons the target on 15+.,core,416,False
sludge-bomb,Sludge Bomb,Poison,EOT,2,9,2d10+10,21,Special,"8, 1 Target",Sludge Bomb Poisons the target on 15+.,core,416,False
sludge-wave,Sludge Wave,Poison,Scene x2,2,10,3d8+10,24,Special,Burst 1 or Close Blast 2,Sludge Wave Poisons targets on 19+.,core,416,False
smack-down,Smack Down,Rock,Scene x2,2,5,1d8+8,13,Physical,"8, 1 Target","The target is knocked down to ground level, and loses all Sky or Levitate Speeds for 3 turns. During this time, they may be hit by Ground-Type Moves even if normally immune.",core,427,False
smart-strike,Smart Strike,Steel,EOT,,7,2d6+10,17,Physical,"Melee, 1 Target",Smart Strike cannot miss.,sumo,23,False
smelling-salts,Smelling Salts,Normal,Scene x2,2,7,2d6+10,17,Physical,"Melee, 1 Target","If the target is Paralyzed, Smelling Salt's Damage Base is doubled to 14 (4d10+15 / 40), and cures the target of Paralysis.",core,408,False
smog,Smog,Poison,At-Will,7,3,1d6+5,9,Special,Line 2,Smog Poisons the target on an Even-Numbered Roll.,core,416,False
smokescreen,Smokescreen,Normal,EOT,,,,,Status,"5, Ranged Blast 3","Smokescreen creates a blast of Smoke that covers the target area; the Smoke persists until the end of the encounter, or until Defog or Whirlwind are used. All targets attacking from or into the Smoke receive a -3 penalty to Accuracy.",core,408,False
snap-trap,Snap Trap,Grass,Scene x2,2,4,1d8+6,11,Physical,"Melee, 1 Target",The target is trapped in a Vortex. The DC to escape the Vortex is increased by 3.,new,11,False
snarl,Snarl,Dark,EOT,3,6,2d6+8,15,Special,"Cone 2, Sonic",All Legal Targets have their Special Attack lowered 1 Combat Stage.,core,353,False
snatch,Snatch,Dark,Scene x2,,,,,Status,"6, 1 Target, Interrupt","If the target uses a Self-Targeting Move, you may use Snatch. You gain the benefits of the Self-Targeting Move instead of the target.",core,353,False
snipe-shot,Snipe Shot,Water,EOT,2,8,2d8+10,19,Special,"8, 1 Target","Snipe Shot is a Critical Hit on 18+. This Move may not be Intercepted, nor may any Abilities, Moves, or Features be activated to change this Move's target. Any of those existing effects (such as Follow Me) fail.",new,16,False
snore,Snore,Normal,EOT,2,5,1d8+8,13,Special,"Burst 1, Sonic",Snore Flinches all legal targets on 15+. Snore may only be used by Sleeping users.,core,408,False
soak,Soak,Water,Daily,2,,,,Status,"5, 1 Target",The target gains the Water Type in addition to its other Types for 5 turns.,core,434,False
soft-boiled,Soft-Boiled,Normal,Daily x2,,,,,Status,"Melee, 1 Target",The target regains Hit Points equal to half of its full Hit Points. The user may target themselves with Soft-Boiled.,core,408,False
solar-beam,Solar Beam,Grass,Scene x2,2,12,3d12+10,30,Special,"Line 6, 1 Target, Set-Up","If the weather is not Sunny, the user's turn ends. If the weather is Sunny, immediately proceed to the Resolution Effect instead and this Move loses the Set-Up keyword. The user attacks with Solar Beam. If the weather is Rainy, Sandstorming, or Hailing, Solar Beam's Damage Base is lowered to 6 (2d6+8 / 15).",core,383,False
solar-blade,Solar Blade,Grass,Scene x2,2,13,4d10+10,35,Physical,"Melee, 1 Target, Set Up","The user attacks with Solar Blade. If the weather is Rainy, Sandstorming, or Hailing, Solar Blade's Damage Base is lowered to 6 (2d6+8 / 15). If the weather is not Sunny, the user gains +1 Combat Stage in Attack and Special Defense, and the user's turn ends. If the weather is Sunny, immediately proceed to the Resolution Effect instead and this Move loses the Set-Up keyword.",sumo,16,False
sonic-boom,Sonic Boom,Normal,EOT,6,,Special,,Special,"8, 1 Target","Sonic Boom causes the target to lose 15 Hit Points. Sonic Boom is Special and interacts with other moves and effects as such ( Special Evasion may be applied to avoid it, Mirror Coat can reflect it, etc. )",core,409,False
spacial-rend,Spacial Rend,Dragon,Daily x2,3,10,3d8+10,24,Special,"10, 1 Target",Spacial Rend is a Critical Hit on Even-Numbered Rolls.,core,355,False
spark,Spark,Electric,EOT,2,6,2d6+8,15,Physical,"Melee, 1 Target, Dash",Spark Paralyzes the target on 15+.,core,358,False
sparkling-aria,Sparkling Aria,Water,EOT,2,9,2d10+10,21,Special,"Melee, 2 Targets","When you hit a target with Sparkling Aria, the user may choose to deal no damage and instead cure that target of Burn, Confusion, Infatuation, or Rage.",sumo,24,False
spectral-thief,Spectral Thief,Ghost,Scene,2,9,2d10+10,21,Physical,"Melee, 1 Target","Before rolling damage, transfer all Combat Stages on the target to the user.",sumo,15,False
speed-swap,Speed Swap,Psychic,Scene,2,,,,Status,"Melee, 1 Target",The user and the target trade Initiative values.,sumo,21,False
spider-web,Spider Web,Bug,Scene x2,,,,,Status,5,"Spider Web cannot miss. The target is Stuck and Trapped. If the user is freed of the Stuck condition, they are freed of Trapped as well.",core,348,False
spike-cannon,Spike Cannon,Normal,EOT,4,3,1d6+5,9,Physical,"6, 1 Target, Five Strike",None,core,409,False
spikes,Spikes,Ground,At-Will,,,,,Status,"6, Hazard","Set 8 square meters of Spikes within your range, all 8 meters must be adjacent with at least one other space of Spikes. Spikes cause terrain to count as Slow Terrain, and a grounded foe that runs into the hazards will lose a Tick of Hit Points and become Slowed until the end of their next turn.",core,387,False
spiky-shield,Spiky Shield,Grass,Scene,,,,,Status,"Self, Interrupt, Shield, Trigger","If the user is hit by an attack, the user may use Spiky Shield. The user is instead not hit by the Move. You do not take any damage nor are you affected by any of the Move's effects. In addition, if the triggering attack was Melee ranged, the attacker loses a Tick of Hit Points.",core,384,False
spirit-break,Spirit Break,Fairy,EOT,2,8,2d8+10,19,Physical,"Melee, 1 Target",The target's Special Attack stat is lowered 1 CS.,new,8,False
spirit-lance,Spirit Lance,Normal,Scene x2,2,6,2d6+8,15,Special,Line 6,Spirit Lance deals +3 damage to all targets for each target beyond the first that it successfully hits.,got,45,False
spirit-shackle,Spirit Shackle,Ghost,EOT,2,8,2d8+10,19,Physical,"8, 1 Target",The Target is Trapped for 2 rounds.,sumo,15,False
spit-up,Spit Up,Normal,Scene,,,,,Special,"4, 1 Target","For each Stockpiled Count the user has, Spit Up's Damage Base is increased by +8. If the user has no Stockpiled count, Spit Up cannot be used.",core,409,False
spite,Spite,Ghost,Scene,,,,,Status,"1 Target, Trigger",Spite may be used as a Free Action that does not take up a Command whenever the user is hit by a Move. That Move becomes Disabled for the attacker.,core,379,False
splash,Splash,Normal,At-Will,,,,,Status,Self,"Shift Action - The user may make a single Jump, adding +1 to their Long Jump and High Jump values, and gains +2 Evasion until the end of their next turn.",core,409,False
spore,Spore,Grass,Scene,,,,,Status,"4, 1 Target, Powder",The target falls Asleep.,core,384,False
spotlight,Spotlight,Normal,Daily,,,,,Status,"6, 1 Target, Priority","Until the end of the user's next turn, the target is Blinded and Vulnerable.",sumo,19,False
stealth-rock,Stealth Rock,Rock,Scene,,,,,Status,"Field, Hazard","Set 4 square meters of Stealth Rock hazards within 6 meters. If a foe moves within 2 meters of a space occupied by Rocks, move at most one Rock to the offender, then destroy the Rock. When that happens, the Stealth Rock causes a foe to lose a Tick of Hit Points. Stealth Rock is considered to be dealing damage; Apply Weakness and Resistance. Do not apply stats. A Pokémon who has been hit by a Stealth Rock Hazard cannot get hit by another in the same encounter until it is returned to a Poké Ball and then sent back out.",core,427,False
steam-eruption,Steam Eruption,Water,Scene x2,,,,,Special,Burst 1,"Steam Eruption Burns all Legal Targets on 15+. Steam Eruption may be used even if the user is Frozen, and cures the user and all Legal Targets of the Frozen condition.",edit,,True
steamroller,Steamroller,Bug,EOT,2,7,2d6+10,17,Physical,"Melee, Pass","Steamroller Flinches the target on 15+. If the target is Small, Steamroller deals an additional +5 Damage.",core,348,False
steel-beam,Steel Beam,Steel,Daily,3,14,4d10+15,40,Special,"Cone 3, Smite",The user's Hit Points are reduced by 50% of their full Hit Point value. This Hit Point loss cannot be prevented or reduced in any way.,new,15,False
steel-wing,Steel Wing,Steel,At-Will,3,7,2d6+10,17,Physical,"Melee, 1 Target, Pass, Spirit Surge",Raise the user's Defense 1 Combat Stage on 15+.,core,431,False
sticky-web,Sticky Web,Bug,EOT,,,,,Status,"6, Hazard","Set 8 square meters of Sticky Web hazards within your range, all 8 meters must be adjacent with at least one other space of Sticky Web. Sticky Web causes Terrain to become Slow Terrain, and a foe that runs into the hazard has its Speed lowered by one stage, and they become Slowed until the end of their next turn. Flying- type Pokémon and Pokémon and Trainers with Levitate are not affected by Sticky Web. Bug-type Pokémon may move over Sticky Web harmlessly, destroying the Hazards as they do so.",core,348,False
stockpile,Stockpile,Normal,EOT,,,,,Status,Self,"The user adds 1 to their Stockpiled count to a maximum of 3. For each number a Stockpiled count is above 0, raise the user's Defense 1 Combat Stage and raise the user's Special Defense 1 Combat Stage. If a Stockpiled count is set to 0, the Combat Stages gained from the Stockpiled count are removed.",core,409,False
stomp,Stomp,Normal,EOT,2,7,2d6+10,17,Physical,"Melee, 1 Target","Stomp Flinches the target on 15+. If the target is at least one size category smaller than the user, Stomp deals an additional 10 damage.",core,409,False
stomping-tantrum,Stomping Tantrum,Ground,EOT,2,8,2d8+10,19,Physical,"Melee, 1 Target","If the user's last attack failed or missed, Stomping Tantrum is DB 15 (4d10+10 / 45) instead.",sumo,17,False
stone-edge,Stone Edge,Rock,EOT,5,10,3d8+10,24,Physical,"8, 1 Target",Stone Edge is a Critical Hit on 17+.,core,428,False
stored-power,Stored Power,Psychic,EOT,2,2,1d6+3,7,Special,"10, 1 Target","For every Combat Stage the user has above 0, add +2 to Stored Power's Damage Base, up to a maximum of Damage Base 20.",core,424,False
storm-throw,Storm Throw,Fighting,EOT,2,6,2d6+8,15,Physical,"Melee, 1 Target","If Storm Throw hits, it is a Critical Hit.",core,367,False
strange-steam,Strange Steam,Fairy,Scene x2,3,9,2d10+10,21,Special,Burst 1,The target is confused on 17+.,new,8,False
strength,Strength,Normal,EOT,2,8,2d8+10,19,Physical,"Melee, 1 Target, Push","You may immediately initiate a Push Maneuver as a Free Action. The Maneuver automatically hits, but you must still make the Opposed Roll.",core,409,False
strength-sap,Strength Sap,Grass,Daily x2,2,,,,Status,"Melee, 1 Target",The user gains Hit Points equal to the higher of the target's Attack or Special Attack; the target then loses 1 Combat Stage in that Stat.,sumo,16,False
string-shot,String Shot,Bug,At-Will,3,,,,Status,Cone 2,"Targets have their Speed CS lowered by -1. If this lowers their Speed CS to -6, or if their Speed CS was already at -6, the target is instead Stuck.",core,348,False
struggle-bug,Struggle Bug,Bug,At-Will,2,5,1d8+8,13,Special,Cone 2,"On hit, lowers the target's Special Attack by -1 CS.",core,348,False
stuff-cheeks,Stuff Cheeks,Normal,Scene,,,,,Status,Self,"The user immediately consumes one of its Food Buffs, regardless of any conditions that need to be met, gaining its benefit if applicable. If a Buff is consumed, the user's Defense CS is raised by 2.",new,12,False
stun-spore,Stun Spore,Grass,Scene x2,6,,,,Status,"6, 1 Target, Powder",The target is Paralyzed.,core,384,False
submission,Submission,Fighting,At-Will,6,8,2d8+10,19,Physical,"Melee, 1 Target, Recoil 1/3","On an accuracy roll of 15+, the target is Tripped.",core,367,False
substitute,Substitute,Normal,Scene,,,,,Status,"Self, Illusion, Coat","The user loses 1/4 of their maximum Hit Points. This Hit Point loss cannot be prevented in any way. The user creates an Illusory Substitute Coat, which has Hit Points equal to 1/4th of the user's full Hit Points +1. If the user would be hit by a Move or attack, instead the Substitute gets hit. Apply weakness, resistance and stats to the Substitute. The Substitute is immune to Status Afflictions and Status Moves. Moves with the Social or Sonic keywords completely ignore and bypass the Substitute. Once the Substitute has been destroyed, the user may be hit as normal. Substitute cannot be used if the user has less than 1/4 of their full Hit Points.",core,410,False
sucker-punch,Sucker Punch,Dark,At-Will,2,7,2d6+10,17,Physical,"Melee, 1 Target, Interrupt, Trigger","If an adjacent foe targets the user with a Damaging Attack, Sucker Punch may be used as an Interrupt Move against the triggering foe.",sumo,8,False
sunny-day,Sunny Day,Fire,Daily x2,,,,,Status,"Field, Weather","The weather becomes Sunny for 5 rounds. While Sunny, Fire-Type Attacks gain a +5 bonus to Damage Rolls, and Water-Type Attacks suffer a -5 Damage penalty.",core,372,False
sunsteel-strike,Sunsteel Strike,Steel,Scene x2,2,10,3d8+10,24,Physical,Close Blast 2,"This Move ignores any Abilities that would cause it to fail or miss, such as Dodge or Wonder Guard; those Abilities cannot be activated in response to Sunsteel Strike.",sumo,23,False
super-fang,Super Fang,Normal,Scene,4,,,,Physical,"Melee, 1 Target",The target loses 1/2 of their current Hit Points.,core,410,False
superpower,Superpower,Fighting,Scene x2,2,12,3d12+10,30,Physical,"Melee, 1 Target, Dash",Superpower lowers the user's Attack and Defense by 1 Combat Stage each.,core,368,False
supersonic,Supersonic,Normal,Scene x2,6,,,,Status,"4, 1 Target, Sonic","The target becomes Confused. On miss, the target suffers a -2 penalty to Accuracy Rolls for one full round.",core,410,False
surf,Surf,Water,EOT,2,9,2d10+10,21,Special,Line 6,"As a Shift Action, the user may Move to any open square in Surf's area of effect without provoking any Attacks of Opportunity.",core,434,False
swagger,Swagger,Normal,EOT,5,,,,Status,"6, 1 Target, Social",The target's Attack is raised 2 Combat Stages. Swagger Confuses the target.,sumo,19,False
swallow,Swallow,Normal,Daily x2,,,,,Status,Self,"If the user's Stockpiled count is 1, they are healed 25% of their full Hit Point value; if their Stockpiled count is 2, they are healed half of their full Hit Point value; if their Stockpiled count is 3, they are healed back to full Hit Points. After using Swallow, the user's Stockpiled count is set to 0. If the user has no Stockpiled count, Swallow does nothing.",core,410,False
sweeping-strike,Sweeping Strike,Normal,Scene x2,3,9,2d10+10,21,Physical,"WR, 1 Target",You may attempt a Trip Maneuver against the target as a free action.,core,291,False
sweet-kiss,Sweet Kiss,Fairy,Scene x2,6,,,,Status,"6, 1 Target, Social","The target becomes Confused. On miss, the target suffers a -2 penalty to Accuracy Rolls for one full round.",core,362,False
sweet-scent,Sweet Scent,Normal,Scene,2,,,,Status,"Burst 2, Friendly",Targets hit by Sweet Scent gain a -2 Penalty to Evasion. (Total Evasion may not be lowered to a negative value. ),core,410,False
swift,Swift,Normal,EOT,,6,2d6+8,15,Special,"8, Ranged Blast 2, Friendly",Swift cannot Miss.,core,410,False
switcheroo,Switcheroo,Dark,At-Will,2,,,,Status,"Melee, 1 Target",The user and the target exchange Held Items or Accessory Slot Items.,core,353,False
swords-dance,Swords Dance,Normal,EOT,,,,,Status,Self,The user's Attack is raised 2 Combat Stages.,core,411,False
synchronoise,Synchronoise,Psychic,Scene x2,2,12,3d12+10,30,Special,Burst 3,Synchronoise can only hit targets that share a type with Synchronoise's user.,core,424,False
synthesis,Synthesis,Grass,Daily x2,,,,,Status,Self,"The user regains Hit Points equal to half of its full Hit Point value. If it is Sunny, the user gains 2/3 of its full Hit Point value instead. If it is Rainy, Sand Storming or Hailing the user gains 1/4 of their full Hit Point value instead.",core,384,False
tackle,Tackle,Normal,At-Will,2,4,1d8+6,11,Physical,"Melee, 1 Target, Dash, Push",The target is pushed 2 Meters.,sumo,19,False
tail-glow,Tail Glow,Bug,Scene,,,,,Status,Self,Raise the user's Special Attack 3 Combat Stages.,core,349,False
tail-slap,Tail Slap,Normal,EOT,4,3,1d6+5,9,Physical,"Melee, 1 Target, Five Strike",None,core,411,False
tail-whip,Tail Whip,Normal,At-Will,2,,,,Status,"Burst 1, Friendly",All legal targets have their Defense lowered by 1 Combat Stage.,core,411,False
tailwind,Tailwind,Flying,Scene,,,,,Status,,"For the remainder of the encounter, all allied trainers and Pokémon gain +5 to their Initiative. Multiple instances of Tailwind cannot stack.",core,376,True
take-aim,Take Aim,Normal,EOT,,,,,Status,Self,"Raise the user's Accuracy by +1. If the user per- forms an Weapon Move on their next turn that deals damage, add its Damage Dice Roll an extra time to the damage. Limitations: None",core,289,False
take-down,Take Down,Normal,EOT,5,9,2d10+10,21,Physical,"Melee, 1 Target, Dash, Recoil 1/3",You may perform a Trip Maneuver against the target as a Free Action.,core,411,False
tar-shot,Tar Shot,Rock,Scene,2,,,,Status,Cone 2,"The target gains a Coat that is automatically expended upon being hit with a Fire Type attack in order to make them one step more vulnerable to that attack. In addition, the target's Speed is lowered by 1 CS.",new,14,False
taunt,Taunt,Dark,EOT,3,,,,Status,"6, 1 Target, Social",The target becomes Enraged.,core,353,False
tearful-look,Tearful Look,Normal,EOT,2,,,,Status,"Burst 1, Social, Friendly",Tearful Look lowers all Legal Targets' Attack and Special Attack 1 Combat Stage.,sumo,19,False
teatime,Teatime,Normal,Scene,,,,,Status,"Field, Social","All participants in the battle may choose to immediately consume one of their Food Buffs, regardless of if the conditions to do so are met.",new,12,False
techno-blast,Techno Blast,Normal,Scene,2,12,3d12+10,30,Special,"6, Ranged Blast 2",Techno Blast's Type can be any Type while holding the appropriate Drive item or Plate item.,core,411,False
teeter-dance,Teeter Dance,Normal,Scene,2,,,,Status,Burst 1,Teeter Dance Confuses all Legal Targets.,core,411,False
telekinesis,Telekinesis,Psychic,Scene x2,,,,,Status,"4, 1 Target","The target becomes Lifted. While Lifted, they gain the Levitate Ability, are Slowed, and lose all Movement Capabilities except for the Levitate 4 granted by Levitate (reduced to 2 by the Slow condition). While Lifted, the user may not apply any Evasion bonuses to determine whether they are hit by Moves or not. The Lifted target may use a Shift Action to roll 1d20; on a result of 16+, they stop being Lifted.",core,425,False
teleport,Teleport,Psychic,Scene,,,,,Status,"Self, Interrupt","The user Teleports up to X meters, where X is its Teleporter Capability. Teleport can be used as an Interrupt at any time. Moves that targeted Teleport's user continue through the desired target's space if the Move allows for it as if the user hadn't been there; single target moves simply miss.",core,425,False
thief,Thief,Dark,At-Will,2,6,2d6+8,15,Physical,"Melee, 1 Target","Thief takes the target's Held Item or Accessory Slot Item and attaches it to Thief's user, if the user is not holding anything.",core,353,False
thousand-arrows,Thousand Arrows,Ground,Scene,2,9,2d10+10,21,Physical,"6, 1 Target","When calculating Weakness and Resistance for Thousand Arrows, Flying-Typed targets calculate damage as if Flying was neutral to Ground. Thousand Arrows ignores the Levitate ability. The target is knocked down to ground level, and loses all Sky or Levitate Speeds for 3 turns. During this time, they may be hit by Ground-Type Moves even if normally immune.",sumo,17,False
thousand-waves,Thousand Waves,Ground,Scene,2,9,2d10+10,21,Physical,"Burst 1, Groundsource",Legal Targets are Trapped for 2 rounds.,sumo,17,False
thrash,Thrash,Normal,Scene x2,3,12,3d12+10,30,Physical,"Melee, all adjacent foes, Smite","After damage is dealt, the user becomes Enraged and Confused.",core,411,False
throat-chop,Throat Chop,Dark,EOT,2,8,2d8+10,19,Physical,"Melee, 1 Target",The target cannot use Moves with the Sonic keyword for the next two turns.,sumo,8,False
thunder,Thunder,Electric,Scene x2,7,11,3d10+10,27,Special,"12, 1 Target, Smite","Thunder Paralyzes its target on 15+. If the target is in Sunny Weather, Thunder's Accuracy Check is 11. If the target is in Rainy Weather, Thunder cannot miss. If the target is airborne as a result of Fly or Sky Drop, Thunder cannot miss.",core,358,False
thunder-fang,Thunder Fang,Electric,At-Will,3,7,2d6+10,17,Physical,"Melee, 1 Target","Thunder Fang Paralyzes or Flinches on 18- 19 during Accuracy Check; flip a coin to determine whether the foe gets Paralyzed or Flinches. On 20 during Accuracy Check, the foe is Paralyzed and Flinched.",core,358,False
thunder-punch,Thunder Punch,Electric,At-Will,2,8,2d8+10,19,Physical,"Melee, 1 Target",Thunder Punch Paralyzes the target on 19+.,core,358,False
thunder-shock,Thunder Shock,Electric,At-Will,2,4,1d8+6,11,Special,"4, 1 Target",Thunder Shock Paralyzes the target on 17+.,core,358,False
thunder-wave,Thunder Wave,Electric,Scene x2,4,,,,Status,"6, 1 Target",Thunder Wave Paralyzes the target. Targets immune to Electric Attacks are immune to Thunder Wave's effects.,sumo,10,False
thunderbolt,Thunderbolt,Electric,EOT,2,9,2d10+10,21,Special,"4, 1 Target",Thunderbolt Paralyzes the target on 19+.,core,358,False
tickle,Tickle,Normal,EOT,2,,,,Status,"Melee, 1 Target",Lower the target's Attack 1 Combat Stage and lower the target's Defense 1 Combat Stage.,core,412,False
titanic-slam,Titanic Slam,Normal,Scene x2,3,11,3d10+10,27,Physical,"1 Target, Melee","On Even-Numbered Rolls, the target is Slowed for one full round.",core,291,False
topsy-turvy,Topsy-Turvy,Dark,EOT,4,,,,Status,"6, 1 Target","The target's Combat Stages are inverted; +1 Stage becomes -1 Stage, -3 Stages becomes +3 Stages, etc.",core,353,False
torment,Torment,Dark,Scene x2,2,,,,Status,"10, 1 Target, Social",The target becomes Suppressed.,core,353,False
touch-of-fatigue,Touch of Fatigue,Normal,EOT,2,7,2d6+10,17,Special,Melee,Touch of Fatigue Slows the target for one full round on 15+.,edit,54,False
toxic,Toxic,Poison,Scene x2,4,,,,Status,"4, 1 Target","The target is Badly Poisoned. If the user is Poison Type, Toxic cannot miss.",core,416,False
toxic-spikes,Toxic Spikes,Poison,EOT,,,,,Status,"6, Hazard","Set 8 square meters of Toxic Spikes, all 8 meters must be adjacent with at least one other space of Toxic Spikes next to each other. Toxic Spikes cause Terrain to become Slow Terrain, and a grounded foe that runs into the hazard becomes Poisoned, and Slowed until the end of their next turn. If there are 2 Layers of Toxic Spikes on the same space, it Deadly Poisons the foes instead. Poison-Type Pokémon may move over Toxic Spikes harmlessly, destroying the Hazards as they do so.",core,416,False
toxic-thread,Toxic Thread,Poison,Scene x2,2,,,,Status,"6, 1 Target","The target is Poisoned and has their Speed lowered by 1 Combat Stage. If the target is already Poisoned, they instead lose a Tick of Hit Points and has their Speed lowered by 2 Combat Stages.",sumo,20,False
transform,Transform,Normal,At-Will,,,,,Status,"10, 1 Target","The user targets a Pokémon within 10 meters, and assumes the form of the target. It gains all of the user's Moves, gains its Abilities, copies its weight and height and Capabilities. Transform lasts until the user is switched out, KO'd or until the end of the encounter. The user may choose to end the Transformation on its turn as a free action, regaining its previous Move List. The user's Stats do not change from using Transform. Transform cannot miss.",core,412,False
tri-attack,Tri Attack,Normal,EOT,2,8,2d8+10,19,Special,"6, 1 target","Tri Attack gives the target a Status ailment on 17+ during Accuracy Check. If this effect is triggered, roll 1d3; on 1 the target is Paralyzed; on 2 the target is Burned; on 3 the target is Frozen.",core,412,False
trick,Trick,Psychic,Scene,2,,,,Status,"5, 2 Targets","Both targets must be hit for Trick to succeed. The user may target itself or willing allies with Trick; you do not need to roll for Accuracy Check in these cases. Both targets lose their Held Item or Accessory Slot Item, and gain the other target's Held Item or Accessory Slot Item. If a target has no Item, it still can gain the other target's Item.",core,425,False
trick-room,Trick Room,Psychic,Daily x2,,,,,Status,Field,"Starting at the beginning of the next round, for 5 rounds, the area is considered Rewinding. While Rewinding, Initiative is reversed, and participants instead go from lowest Initiative to Highest.",core,425,False
trick-or-treat,Trick-or-Treat,Ghost,Daily,2,,,,Status,"6, 1 Target",The target gains the Ghost Type in addition to its other Types for 5 turns.,core,379,False
triple-kick,Triple Kick,Fighting,At-Will,,,,,Physical,"Melee, 1 Target","Make three attacks with Triple Kick. If you hit once, Triple Kick has a DB of 1. If you hit two times, Triple Kick has a DB of 3. If you hit three times, Triple Kick has a DB of 6.",core,368,False
triple-threat,Triple Threat,Normal,Scene x2,2,7,3d8+10,17,Physical,"WR, 3 Targets",None,core,291,False
trop-kick,Trop Kick,Grass,EOT,2,7,2d6+10,17,Physical,"Melee, 1 Target",The target receives a -5 penalty to damage rolls for 1 round.,sumo,16,False
trump-card,Trump Card,Normal,EOT,2,6,2d6+8,15,Special,"6, 1 Target","Whenever Trump Card is used, the user gains a Trump Count after the attack is resolved. Trump Card's Damage Base is increased by +2 for each Trump Count.",core,412,False
twineedle,Twineedle,Bug,At-Will,3,3,1d6+5,9,Physical,"Melee, 1 Target, Double Strike",Twineedle Poisons the target on an Accuracy Check of 18+,core,349,False
twister,Twister,Dragon,At-Will,2,4,1d8+6,11,Special,"6, Ranged Blast 3","Small or Medium targets in the central square of the blast are not hit. Twister Flinches the target on 18-20 during Accuracy Check. Any Pokémon Airborne as a result of Fly or Sky Drop above the Blast are hit, ignoring range, and Twister has a Damage Base of 8 against those targets instead.",core,355,False
u-turn,U-Turn,Bug,At-Will,2,7,2d6+10,17,Physical,"Melee, 1 Target, Dash","If U-Turn successfully hits its target, the user deals damage and then immediately is returned to its Poké Ball in the same turn. A New Pokémon may immediately be sent out. Using U-Turn lets a Trapped user be recalled.",core,349,False
uproar,Uproar,Normal,EOT,2,5,1d8+8,13,Special,"Burst 1, Spirit Surge, Sonic",All Pokémon and Trainers within 5 meters of the user are cured of sleep.,core,412,False
v-create,V-Create,Fire,Daily,5,18,6d12+25,65,Physical,"Melee, 1 Target, Smite","Lower the user's Defense, Special Defense, and Speed by 1 CS each.",core,372,False
vacuum-wave,Vacuum Wave,Fighting,At-Will,2,4,1d8+6,11,Special,"4, 1 Target, Priority, Aura",None,core,368,False
venom-drench,Venom Drench,Poison,EOT,,,,,Status,Cone 2,"All Poisoned targets have their Attack, Special Attack, and Speed lowered by 1 Combat Stage. Venom Drench cannot miss.",core,416,False
venoshock,Venoshock,Poison,Scene x2,2,7,2d6+10,17,Special,"6, 1 Target","If the target is Poisoned, Venoshock has a Damage Base of 13 (4d10+10 / 35) instead.",core,417,False
vice-grip,Vice Grip,Normal,At-Will,2,6,2d6+8,15,Physical,"Melee, 1 Target",None,core,412,False
vine-whip,Vine Whip,Grass,At-Will,2,4,1d8+6,11,Physical,"4, 1 Target",None,core,384,False
vital-throw,Vital Throw,Fighting,EOT,,7,2d6+10,17,Physical,"Melee, 1 Target, Push, Reaction","If the user is targeted by a Melee attack and has not yet taken a turn this round, the user may declare Vital Throw. After the triggering attack is resolved, the user may use Vital Throw against the triggering foe as a Reaction. Vital Throw cannot miss.",core,368,False
volt-switch,Volt Switch,Electric,At-Will,2,7,2d6+10,17,Special,"5, 1 Target","If Volt Switch successfully hits its target, the user deals damage and then immediately is returned to its Poké Ball in the same turn. A New Pokémon may immediately be sent out. Using Volt Switch lets a Trapped user be recalled.",core,359,False
volt-tackle,Volt Tackle,Electric,Scene x2,2,12,3d12+10,30,Physical,"Melee, 1 Target, Dash, Recoil 1/3",Volt Tackle Paralyzes the target on 19+.,core,359,False
wake-up-slap,Wake-Up Slap,Fighting,At-Will,2,5,1d8+8,13,Physical,"Melee, 1 Target","If the target is Asleep, Wake-Up Slap has a Damage Base of 10 (3d8+10 / 24) instead, and cures the target of Sleep.",core,368,False
water-gun,Water Gun,Water,At-Will,2,4,1d8+6,11,Special,"4, 1 Target",None,core,434,False
water-pledge,Water Pledge,Water,Scene x2,2,8,2d8+10,19,Special,"6, 1 Target, Pledge","If an ally uses Fire Pledge or Grass Pledge, you may use Water Pledge as Priority (Advanced) immediately after their turn to target the same foe. If used in conjunction with Fire Pledge, a Rainbow is created that lasts for 5 rounds. If used in conjunction with Grass Pledge, the target and all foes adjacent to the target are slowed and have their Speed reduced by 2 Combat Stages. Consult the Pledge keyword for additional details.",core,434,False
water-pulse,Water Pulse,Water,At-Will,2,6,2d6+8,15,Special,"8, 1 Target, Aura",Water Pulse Confuses the target on 17+.,core,434,False
water-shuriken,Water Shuriken,Water,EOT,2,2,1d6+3,7,Special,"6, 1 Target, Five Strike, Priority",,sumo,24,False
water-sport,Water Sport,Water,EOT,,,,,Status,"Burst 2, Coat","All targets in the burst, including the user, gain a Coat which grants them 1 Step of Resistance to Fire Type Moves. After a target has been hit by a damaging Fire Type Move, the coat is removed.",core,435,False
water-spout,Water Spout,Water,Daily,4,15,4d10+20,45,Special,Burst 1*,"For each 10% of HP the user is missing, Water Spout's Damage Base is reduced by 1. Water Spout creates a 1 meter burst, but also affects an area 10 meters tall straight up.",core,435,False
waterfall,Waterfall,Water,EOT,2,8,2d8+10,19,Physical,"Melee, 1 Target",Waterfall Flinches the target on 17+.,core,435,False
wear-down,Wear Down,Normal,EOT,2,5,1d8+8,13,Physical,"WR, 1 Target",Wear Down lowers the target's Defense by 1 Combat Stage on Even-Numbered Rolls.,core,289,False
weather-ball,Weather Ball,Normal,EOT,2,5,1d8+8,13,Special,"8, 1 Target","If it is Sunny, Weather Ball is Fire-Type. If it is Rainy, Weather Ball is Water-Type. If it is Hailing, Weather Ball is Ice-Type. If it is Sandstorming, Weather Ball is Rock-Type. When a weather effect is on the field, Weather Ball has a Damage Base of 10 (3d8+10 / 24). If there are multiple Weather Effects on the field, choose one type for Weather Ball to be that corresponds with an existing Weather Effect.",core,413,False
whirlpool,Whirlpool,Water,Scene x2,4,4,1d8+6,11,Special,"3, 1 Target",The target is put in a Vortex.,core,435,False
whirlwind,Whirlwind,Normal,Scene x2,2,,,,Status,Line 6,"All targets are pushed X meters, where X is 8 minus their weight class. If the Line targets into a Smokescreen, the smoke is dispersed. All hazards in the Whirlwind are destroyed.",core,413,False
wide-guard,Wide Guard,Rock,Scene,,,,,Status,"Burst 1, Interrupt, Shield, Trigger","If an Ally adjacent to Wide Guard's user is hit by a Move, you may use Wide Guard as an Interrupt. All targets adjacent to Wide Guard's user, including the user, are instead not hit by the triggering Move and do not suffer any of its effects.",core,428,False
wild-charge,Wild Charge,Electric,At-Will,2,9,2d10+10,21,Physical,"Melee, 1 Target, Dash, Recoil 1/3",None.,core,359,False
will-o-wisp,Will-O-Wisp,Fire,EOT,5,,,,Status,"6, 1 Target",The target is Burned.,core,372,False
wing-attack,Wing Attack,Flying,At-Will,2,6,2d6+8,15,Physical,"Melee, 1 Target",None.,core,376,False
wish,Wish,Normal,Daily x2,,,,,Status,"15, 1 Target","At the end of the user's next turn, the target regains Hit Points equal to half of its full Hit Point value. If the user targets themselves and are replaced in battle, the replacement is healed.",core,413,False
withdraw,Withdraw,Water,At-Will,,,,,Status,Self,The user's Defense is raised 1 Combat Stage.,sep2015,4,False
wonder-room,Wonder Room,Psychic,Daily x2,,,,,Status,Field,"For 5 rounds, the area is considered Wondered. While Wondered, each individual Pokémon's Defense and Special Defense Stats are switched.",core,425,False
wood-hammer,Wood Hammer,Grass,Scene x2,2,12,3d12+10,30,Physical,"Melee, 1 Target, Dash, Recoil 1/3",None,core,384,False
work-up,Work Up,Normal,EOT,,,,,Status,Self,Raise the user's Attack 1 Combat Stage and raise the user's Special Attack 1 Combat Stage.,core,413,False
worry-seed,Worry Seed,Grass,Scene,2,,,,Status,"8, 1 Target",You choose one of the target's Abilities. Worry Seed changes that Ability to Insomnia for the remainder of the encounter.,core,384,False
wounding-strike,Wounding Strike,Normal,EOT,2,6,2d6+8,15,Physical,"WR, 1 Target",The target loses a Tick of Hit Points.,core,289,False
wrap,Wrap,Normal,Static,,,,,Static,,"The user gains a +1 Bonus to Accuracy Rolls made to initiate Grapple Maneuvers, and +2 to Skill Checks made to initiate Grapple Maneuvers or gain Dominance. Whenever the user gains Dominance in a Grapple, the target of the Grapple loses a Tick of Hit Points.",core,413,True
wring-out,Wring Out,Normal,Scene x2,2,12,3d12+10,30,Special,"Melee, 1 Target","For every 10% the target is below their full Hit Points, Wring Out's Damage Base is reduced by 1.",core,413,False
x-scissor,X-Scissor,Bug,At-Will,2,8,2d8+10,19,Physical,"Melee, 1 Target, Dash",None,core,349,False
yawn,Yawn,Normal,Scene x2,,,,,Status,"2, 1 Target, Social",The target falls Asleep at the end of their next turn. Yawn cannot miss.,core,413,False
zap-cannon,Zap Cannon,Electric,At-Will,9,12,3d12+10,30,Special,"12, 1 Target",Zap Cannon Paralyzes the target. Zap Cannon ignores the target's Evasion if there are no other combatants or Rough or Blocking Terrain within 2 meters of the target.,core,359,False
zen-headbutt,Zen Headbutt,Psychic,EOT,4,8,2d8+10,19,Physical,"Melee, 1 Target, Dash",Zen Headbutt Flinches the target on 15+.,core,425,False
zing-zap,Zing Zap,Electric,EOT,2,8,2d8+10,19,Physical,"Melee, 1 Target",Zing Zap Flinches the target on 15+.,sumo,10,False
