id,display_name,national_dex_number,display_dex_id,variant_index,variant_of,variant_kind,variant_label,generation,enabled,enabled_for_character_creation,mechanical_completeness,types,base_stats,height,weight,gender_ratio,egg_groups,habitats,source_id,source_page,needs_review,reference_validation
pidgey--pidgey,Pidgey,16,16-1,1,pidgey,homebrew_regional,Paldean,,True,True,complete,"[""Electric"",""Flying""]","{""hp"":4,""attack"":4,""defense"":4,""special_attack"":5,""special_defense"":4,""speed"":6}","{""raw"":""1' 0\"" / 0.3m (Small)"",""meters"":0.3,""size_class"":""Small""}","{""raw"":""4 lbs / 1.8kg (1)"",""kg"":1.8,""weight_class"":1}","{""raw"":""50% M / 50% F"",""male_percent"":50.0,""female_percent"":50.0,""genderless"":false}","[""Flying""]","[""Forest"",""Urban""]",pidgey,1,False,"{""unresolved_abilities"":0,""unresolved_move_references"":6,""unresolved_capabilities"":0}"
pidgeotto--pidgey,Pidgeotto,17,17-1,1,pidgeotto,homebrew_regional,Paldean,,True,True,complete,"[""Electric"",""Flying""]","{""hp"":6,""attack"":5,""defense"":5,""special_attack"":6,""special_defense"":6,""speed"":7}","{""raw"":""3' 7\"" / 1.1m (Medium)"",""meters"":1.1,""size_class"":""Medium""}","{""raw"":""66.1 lbs / 30kg (3)"",""kg"":30.0,""weight_class"":3}","{""raw"":""50% M / 50% F"",""male_percent"":50.0,""female_percent"":50.0,""genderless"":false}","[""Flying""]","[""Forest""]",pidgey,2,False,"{""unresolved_abilities"":0,""unresolved_move_references"":6,""unresolved_capabilities"":0}"
pidgeot--pidgey,Pidgeot,18,18-1,1,pidgeot,homebrew_regional,Paldean,,True,True,complete,"[""Electric"",""Flying""]","{""hp"":8,""attack"":7,""defense"":7,""special_attack"":8,""special_defense"":8,""speed"":10}","{""raw"":""4' 11\"" / 1.5m (Medium)"",""meters"":1.5,""size_class"":""Medium""}","{""raw"":""87.1 lbs / 39.5kg (3)"",""kg"":39.5,""weight_class"":3}","{""raw"":""50% M / 50% F"",""male_percent"":50.0,""female_percent"":50.0,""genderless"":false}","[""Flying""]","[""Forest""]",pidgey,3,False,"{""unresolved_abilities"":0,""unresolved_move_references"":5,""unresolved_capabilities"":0}"
kubfu,Kubfu,891,891,,,,,8,False,False,external_stub,"[""Fighting""]",{},"{""raw"":""""}","{""raw"":""""}","{""raw"":""""}",[],[],pokeapi_species_csv,,False,"{""unresolved_abilities"":0,""unresolved_move_references"":0,""unresolved_capabilities"":0}"
urshifu,Urshifu,892,892,,,,,8,False,False,external_stub,"[""Fighting"",""Dark""]",{},"{""raw"":""""}","{""raw"":""""}","{""raw"":""""}",[],[],pokeapi_species_csv,,False,"{""unresolved_abilities"":0,""unresolved_move_references"":0,""unresolved_capabilities"":0}"
zarude,Zarude,893,893,,,,,8,False,False,external_stub,"[""Dark"",""Grass""]",{},"{""raw"":""""}","{""raw"":""""}","{""raw"":""""}",[],[],pokeapi_species_csv,,False,"{""unresolved_abilities"":0,""unresolved_move_references"":0,""unresolved_capabilities"":0}"
regieleki,Regieleki,894,894,,,,,8,False,False,external_stub,"[""Electric""]",{},"{""raw"":""""}","{""raw"":""""}","{""raw"":""""}",[],[],pokeapi_species_csv,,False,"{""unresolved_abilities"":0,""unresolved_move_references"":0,""unresolved_capabilities"":0}"
regidrago,Regidrago,895,895,,,,,8,False,False,external_stub,"[""Dragon""]",{},"{""raw"":""""}","{""raw"":""""}","{""raw"":""""}",[],[],pokeapi_species_csv,,False,"{""unresolved_abilities"":0,""unresolved_move_references"":0,""unresolved_capabilities"":0}"
glastrier,Glastrier,896,896,,,,,8,False,False,external_stub,"[""Ice""]",{},"{""raw"":""""}","{""raw"":""""}","{""raw"":""""}",[],[],pokeapi_species_csv,,False,"{""unresolved_abilities"":0,""unresolved_move_references"":0,""unresolved_capabilities"":0}"
spectrier,Spectrier,897,897,,,,,8,False,False,external_stub,"[""Ghost""]",{},"{""raw"":""""}","{""raw"":""""}","{""raw"":""""}",[],[],pokeapi_species_csv,,False,"{""unresolved_abilities"":0,""unresolved_move_references"":0,""unresolved_capabilities"":0}"
calyrex,Calyrex,898,898,,,,,8,False,False,external_stub,"[""Psychic"",""Grass""]",{},"{""raw"":""""}","{""raw"":""""}","{""raw"":""""}",[],[],pokeapi_species_csv,,False,"{""unresolved_abilities"":0,""unresolved_move_references"":0,""unresolved_capabilities"":0}"
wyrdeer,Wyrdeer,899,899,,,,,8,False,False,external_stub,"[""Normal"",""Psychic""]",{},"{""raw"":""""}","{""raw"":""""}","{""raw"":""""}",[],[],pokeapi_species_csv,,False,"{""unresolved_abilities"":0,""unresolved_move_references"":0,""unresolved_capabilities"":0}"
kleavor,Kleavor,900,900,,,,,8,False,False,external_stub,"[""Bug"",""Rock""]",{},"{""raw"":""""}","{""raw"":""""}","{""raw"":""""}",[],[],pokeapi_species_csv,,False,"{""unresolved_abilities"":0,""unresolved_move_references"":0,""unresolved_capabilities"":0}"
ursaluna,Ursaluna,901,901,,,,,8,False,False,external_stub,"[""Ground"",""Normal""]",{},"{""raw"":""""}","{""raw"":""""}","{""raw"":""""}",[],[],pokeapi_species_csv,,False,"{""unresolved_abilities"":0,""unresolved_move_references"":0,""unresolved_capabilities"":0}"
basculegion,Basculegion,902,902,,,,,8,False,False,external_stub,"[""Water"",""Ghost""]",{},"{""raw"":""""}","{""raw"":""""}","{""raw"":""""}",[],[],pokeapi_species_csv,,False,"{""unresolved_abilities"":0,""unresolved_move_references"":0,""unresolved_capabilities"":0}"
sneasler,Sneasler,903,903,,,,,8,False,False,external_stub,"[""Fighting"",""Poison""]",{},"{""raw"":""""}","{""raw"":""""}","{""raw"":""""}",[],[],pokeapi_species_csv,,False,"{""unresolved_abilities"":0,""unresolved_move_references"":0,""unresolved_capabilities"":0}"
overqwil,Overqwil,904,904,,,,,8,False,False,external_stub,"[""Dark"",""Poison""]",{},"{""raw"":""""}","{""raw"":""""}","{""raw"":""""}",[],[],pokeapi_species_csv,,False,"{""unresolved_abilities"":0,""unresolved_move_references"":0,""unresolved_capabilities"":0}"
enamorus,Enamorus,905,905,,,,,8,False,False,external_stub,"[""Fairy"",""Flying""]",{},"{""raw"":""""}","{""raw"":""""}","{""raw"":""""}",[],[],pokeapi_species_csv,,False,"{""unresolved_abilities"":0,""unresolved_move_references"":0,""unresolved_capabilities"":0}"
sprigatito,Sprigatito,906,906,,,,,9,False,False,external_stub,"[""Grass""]",{},"{""raw"":""""}","{""raw"":""""}","{""raw"":""""}",[],[],pokeapi_species_csv,,False,"{""unresolved_abilities"":0,""unresolved_move_references"":0,""unresolved_capabilities"":0}"
floragato,Floragato,907,907,,,,,9,False,False,external_stub,"[""Grass""]",{},"{""raw"":""""}","{""raw"":""""}","{""raw"":""""}",[],[],pokeapi_species_csv,,False,"{""unresolved_abilities"":0,""unresolved_move_references"":0,""unresolved_capabilities"":0}"
meowscarada,Meowscarada,908,908,,,,,9,False,False,external_stub,"[""Grass"",""Dark""]",{},"{""raw"":""""}","{""raw"":""""}","{""raw"":""""}",[],[],pokeapi_species_csv,,False,"{""unresolved_abilities"":0,""unresolved_move_references"":0,""unresolved_capabilities"":0}"
fuecoco,Fuecoco,909,909,,,,,9,False,False,external_stub,"[""Fire""]",{},"{""raw"":""""}","{""raw"":""""}","{""raw"":""""}",[],[],pokeapi_species_csv,,False,"{""unresolved_abilities"":0,""unresolved_move_references"":0,""unresolved_capabilities"":0}"
crocalor,Crocalor,910,910,,,,,9,False,False,external_stub,"[""Fire""]",{},"{""raw"":""""}","{""raw"":""""}","{""raw"":""""}",[],[],pokeapi_species_csv,,False,"{""unresolved_abilities"":0,""unresolved_move_references"":0,""unresolved_capabilities"":0}"
skeledirge,Skeledirge,911,911,,,,,9,False,False,external_stub,"[""Fire"",""Ghost""]",{},"{""raw"":""""}","{""raw"":""""}","{""raw"":""""}",[],[],pokeapi_species_csv,,False,"{""unresolved_abilities"":0,""unresolved_move_references"":0,""unresolved_capabilities"":0}"
quaxly,Quaxly,912,912,,,,,9,False,False,external_stub,"[""Water""]",{},"{""raw"":""""}","{""raw"":""""}","{""raw"":""""}",[],[],pokeapi_species_csv,,False,"{""unresolved_abilities"":0,""unresolved_move_references"":0,""unresolved_capabilities"":0}"
quaxwell,Quaxwell,913,913,,,,,9,False,False,external_stub,"[""Water""]",{},"{""raw"":""""}","{""raw"":""""}","{""raw"":""""}",[],[],pokeapi_species_csv,,False,"{""unresolved_abilities"":0,""unresolved_move_references"":0,""unresolved_capabilities"":0}"
quaquaval,Quaquaval,914,914,,,,,9,False,False,external_stub,"[""Water"",""Fighting""]",{},"{""raw"":""""}","{""raw"":""""}","{""raw"":""""}",[],[],pokeapi_species_csv,,False,"{""unresolved_abilities"":0,""unresolved_move_references"":0,""unresolved_capabilities"":0}"
lechonk,Lechonk,915,915,,,,,9,False,False,external_stub,"[""Normal""]",{},"{""raw"":""""}","{""raw"":""""}","{""raw"":""""}",[],[],pokeapi_species_csv,,False,"{""unresolved_abilities"":0,""unresolved_move_references"":0,""unresolved_capabilities"":0}"
oinkologne,Oinkologne,916,916,,,,,9,False,False,external_stub,"[""Normal""]",{},"{""raw"":""""}","{""raw"":""""}","{""raw"":""""}",[],[],pokeapi_species_csv,,False,"{""unresolved_abilities"":0,""unresolved_move_references"":0,""unresolved_capabilities"":0}"
tarountula,Tarountula,917,917,,,,,9,False,False,external_stub,"[""Bug""]",{},"{""raw"":""""}","{""raw"":""""}","{""raw"":""""}",[],[],pokeapi_species_csv,,False,"{""unresolved_abilities"":0,""unresolved_move_references"":0,""unresolved_capabilities"":0}"
spidops,Spidops,918,918,,,,,9,False,False,external_stub,"[""Bug""]",{},"{""raw"":""""}","{""raw"":""""}","{""raw"":""""}",[],[],pokeapi_species_csv,,False,"{""unresolved_abilities"":0,""unresolved_move_references"":0,""unresolved_capabilities"":0}"
nymble,Nymble,919,919,,,,,9,False,False,external_stub,"[""Bug""]",{},"{""raw"":""""}","{""raw"":""""}","{""raw"":""""}",[],[],pokeapi_species_csv,,False,"{""unresolved_abilities"":0,""unresolved_move_references"":0,""unresolved_capabilities"":0}"
lokix,Lokix,920,920,,,,,9,False,False,external_stub,"[""Bug"",""Dark""]",{},"{""raw"":""""}","{""raw"":""""}","{""raw"":""""}",[],[],pokeapi_species_csv,,False,"{""unresolved_abilities"":0,""unresolved_move_references"":0,""unresolved_capabilities"":0}"
pawmi,Pawmi,921,921,,,,,9,False,False,external_stub,"[""Electric""]",{},"{""raw"":""""}","{""raw"":""""}","{""raw"":""""}",[],[],pokeapi_species_csv,,False,"{""unresolved_abilities"":0,""unresolved_move_references"":0,""unresolved_capabilities"":0}"
pawmo,Pawmo,922,922,,,,,9,False,False,external_stub,"[""Electric"",""Fighting""]",{},"{""raw"":""""}","{""raw"":""""}","{""raw"":""""}",[],[],pokeapi_species_csv,,False,"{""unresolved_abilities"":0,""unresolved_move_references"":0,""unresolved_capabilities"":0}"
pawmot,Pawmot,923,923,,,,,9,False,False,external_stub,"[""Electric"",""Fighting""]",{},"{""raw"":""""}","{""raw"":""""}","{""raw"":""""}",[],[],pokeapi_species_csv,,False,"{""unresolved_abilities"":0,""unresolved_move_references"":0,""unresolved_capabilities"":0}"
tandemaus,Tandemaus,924,924,,,,,9,False,False,external_stub,"[""Normal""]",{},"{""raw"":""""}","{""raw"":""""}","{""raw"":""""}",[],[],pokeapi_species_csv,,False,"{""unresolved_abilities"":0,""unresolved_move_references"":0,""unresolved_capabilities"":0}"
maushold,Maushold,925,925,,,,,9,False,False,external_stub,"[""Normal""]",{},"{""raw"":""""}","{""raw"":""""}","{""raw"":""""}",[],[],pokeapi_species_csv,,False,"{""unresolved_abilities"":0,""unresolved_move_references"":0,""unresolved_capabilities"":0}"
fidough,Fidough,926,926,,,,,9,False,False,external_stub,"[""Fairy""]",{},"{""raw"":""""}","{""raw"":""""}","{""raw"":""""}",[],[],pokeapi_species_csv,,False,"{""unresolved_abilities"":0,""unresolved_move_references"":0,""unresolved_capabilities"":0}"
dachsbun,Dachsbun,927,927,,,,,9,False,False,external_stub,"[""Fairy""]",{},"{""raw"":""""}","{""raw"":""""}","{""raw"":""""}",[],[],pokeapi_species_csv,,False,"{""unresolved_abilities"":0,""unresolved_move_references"":0,""unresolved_capabilities"":0}"
smoliv,Smoliv,928,928,,,,,9,False,False,external_stub,"[""Grass"",""Normal""]",{},"{""raw"":""""}","{""raw"":""""}","{""raw"":""""}",[],[],pokeapi_species_csv,,False,"{""unresolved_abilities"":0,""unresolved_move_references"":0,""unresolved_capabilities"":0}"
dolliv,Dolliv,929,929,,,,,9,False,False,external_stub,"[""Grass"",""Normal""]",{},"{""raw"":""""}","{""raw"":""""}","{""raw"":""""}",[],[],pokeapi_species_csv,,False,"{""unresolved_abilities"":0,""unresolved_move_references"":0,""unresolved_capabilities"":0}"
arboliva,Arboliva,930,930,,,,,9,False,False,external_stub,"[""Grass"",""Normal""]",{},"{""raw"":""""}","{""raw"":""""}","{""raw"":""""}",[],[],pokeapi_species_csv,,False,"{""unresolved_abilities"":0,""unresolved_move_references"":0,""unresolved_capabilities"":0}"
squawkabilly,Squawkabilly,931,931,,,,,9,False,False,external_stub,"[""Normal"",""Flying""]",{},"{""raw"":""""}","{""raw"":""""}","{""raw"":""""}",[],[],pokeapi_species_csv,,False,"{""unresolved_abilities"":0,""unresolved_move_references"":0,""unresolved_capabilities"":0}"
nacli,Nacli,932,932,,,,,9,False,False,external_stub,"[""Rock""]",{},"{""raw"":""""}","{""raw"":""""}","{""raw"":""""}",[],[],pokeapi_species_csv,,False,"{""unresolved_abilities"":0,""unresolved_move_references"":0,""unresolved_capabilities"":0}"
naclstack,Naclstack,933,933,,,,,9,False,False,external_stub,"[""Rock""]",{},"{""raw"":""""}","{""raw"":""""}","{""raw"":""""}",[],[],pokeapi_species_csv,,False,"{""unresolved_abilities"":0,""unresolved_move_references"":0,""unresolved_capabilities"":0}"
garganacl,Garganacl,934,934,,,,,9,False,False,external_stub,"[""Rock""]",{},"{""raw"":""""}","{""raw"":""""}","{""raw"":""""}",[],[],pokeapi_species_csv,,False,"{""unresolved_abilities"":0,""unresolved_move_references"":0,""unresolved_capabilities"":0}"
charcadet,Charcadet,935,935,,,,,9,True,True,complete,"[""Fire""]","{""hp"":4,""attack"":5,""defense"":4,""special_attack"":5,""special_defense"":4,""speed"":4}","{""raw"":""2' 00\"" / 0.6m (Small)"",""meters"":0.6,""size_class"":""Small""}","{""raw"":""23.1 lbs / 10.5 kg (2)"",""kg"":10.5,""weight_class"":2}","{""raw"":""50% Male / 50% Female"",""male_percent"":50.0,""female_percent"":50.0,""genderless"":false}","[""Human Shape""]","["": Cave"",""Urban""]",knight,1,False,"{""unresolved_abilities"":2,""unresolved_move_references"":3,""unresolved_capabilities"":0}"
armarouge,Armarouge,936,936,,,,,9,True,True,complete,"[""Fire"",""Psychic""]","{""hp"":9,""attack"":6,""defense"":10,""special_attack"":13,""special_defense"":8,""speed"":8}","{""raw"":""4' 11\"" / 1.5m (Medium)"",""meters"":1.5,""size_class"":""Medium""}","{""raw"":""187.4 lbs / 85.0 kg (4)"",""kg"":85.0,""weight_class"":4}","{""raw"":""50% Male / 50% Female"",""male_percent"":50.0,""female_percent"":50.0,""genderless"":false}","[""Human Shape""]","["": Cave"",""Urban""]",knight,2,False,"{""unresolved_abilities"":1,""unresolved_move_references"":3,""unresolved_capabilities"":0}"
ceruledge,Ceruledge,937,937,,,,,9,True,True,complete,"[""Fire""]","{""hp"":8,""attack"":13,""defense"":8,""special_attack"":6,""special_defense"":10,""speed"":9}","{""raw"":""4' 11\"" / 1.5m (Medium)"",""meters"":1.5,""size_class"":""Medium""}","{""raw"":""187.4 lbs / 85.0 kg (4)"",""kg"":85.0,""weight_class"":4}","{""raw"":""50% Male / 50% Female"",""male_percent"":50.0,""female_percent"":50.0,""genderless"":false}","[""Human Shape""]","["": Cave"",""Urban""]",knight,3,False,"{""unresolved_abilities"":2,""unresolved_move_references"":4,""unresolved_capabilities"":0}"
tadbulb,Tadbulb,938,938,,,,,9,False,False,external_stub,"[""Electric""]",{},"{""raw"":""""}","{""raw"":""""}","{""raw"":""""}",[],[],pokeapi_species_csv,,False,"{""unresolved_abilities"":0,""unresolved_move_references"":0,""unresolved_capabilities"":0}"
bellibolt,Bellibolt,939,939,,,,,9,False,False,external_stub,"[""Electric""]",{},"{""raw"":""""}","{""raw"":""""}","{""raw"":""""}",[],[],pokeapi_species_csv,,False,"{""unresolved_abilities"":0,""unresolved_move_references"":0,""unresolved_capabilities"":0}"
wattrel,Wattrel,940,940,,,,,9,False,False,external_stub,"[""Electric"",""Flying""]",{},"{""raw"":""""}","{""raw"":""""}","{""raw"":""""}",[],[],pokeapi_species_csv,,False,"{""unresolved_abilities"":0,""unresolved_move_references"":0,""unresolved_capabilities"":0}"
kilowattrel,Kilowattrel,941,941,,,,,9,False,False,external_stub,"[""Electric"",""Flying""]",{},"{""raw"":""""}","{""raw"":""""}","{""raw"":""""}",[],[],pokeapi_species_csv,,False,"{""unresolved_abilities"":0,""unresolved_move_references"":0,""unresolved_capabilities"":0}"
maschiff,Maschiff,942,942,,,,,9,False,False,external_stub,"[""Dark""]",{},"{""raw"":""""}","{""raw"":""""}","{""raw"":""""}",[],[],pokeapi_species_csv,,False,"{""unresolved_abilities"":0,""unresolved_move_references"":0,""unresolved_capabilities"":0}"
mabosstiff,Mabosstiff,943,943,,,,,9,False,False,external_stub,"[""Dark""]",{},"{""raw"":""""}","{""raw"":""""}","{""raw"":""""}",[],[],pokeapi_species_csv,,False,"{""unresolved_abilities"":0,""unresolved_move_references"":0,""unresolved_capabilities"":0}"
shroodle,Shroodle,944,944,,,,,9,False,False,external_stub,"[""Poison"",""Normal""]",{},"{""raw"":""""}","{""raw"":""""}","{""raw"":""""}",[],[],pokeapi_species_csv,,False,"{""unresolved_abilities"":0,""unresolved_move_references"":0,""unresolved_capabilities"":0}"
grafaiai,Grafaiai,945,945,,,,,9,False,False,external_stub,"[""Poison"",""Normal""]",{},"{""raw"":""""}","{""raw"":""""}","{""raw"":""""}",[],[],pokeapi_species_csv,,False,"{""unresolved_abilities"":0,""unresolved_move_references"":0,""unresolved_capabilities"":0}"
bramblin,Bramblin,946,946,,,,,9,False,False,external_stub,"[""Grass"",""Ghost""]",{},"{""raw"":""""}","{""raw"":""""}","{""raw"":""""}",[],[],pokeapi_species_csv,,False,"{""unresolved_abilities"":0,""unresolved_move_references"":0,""unresolved_capabilities"":0}"
brambleghast,Brambleghast,947,947,,,,,9,False,False,external_stub,"[""Grass"",""Ghost""]",{},"{""raw"":""""}","{""raw"":""""}","{""raw"":""""}",[],[],pokeapi_species_csv,,False,"{""unresolved_abilities"":0,""unresolved_move_references"":0,""unresolved_capabilities"":0}"
toedscool,Toedscool,948,948,,,,,9,False,False,external_stub,"[""Ground"",""Grass""]",{},"{""raw"":""""}","{""raw"":""""}","{""raw"":""""}",[],[],pokeapi_species_csv,,False,"{""unresolved_abilities"":0,""unresolved_move_references"":0,""unresolved_capabilities"":0}"
toedscruel,Toedscruel,949,949,,,,,9,False,False,external_stub,"[""Ground"",""Grass""]",{},"{""raw"":""""}","{""raw"":""""}","{""raw"":""""}",[],[],pokeapi_species_csv,,False,"{""unresolved_abilities"":0,""unresolved_move_references"":0,""unresolved_capabilities"":0}"
klawf,Klawf,950,950,,,,,9,False,False,external_stub,"[""Rock""]",{},"{""raw"":""""}","{""raw"":""""}","{""raw"":""""}",[],[],pokeapi_species_csv,,False,"{""unresolved_abilities"":0,""unresolved_move_references"":0,""unresolved_capabilities"":0}"
capsakid,Capsakid,951,951,,,,,9,False,False,external_stub,"[""Grass""]",{},"{""raw"":""""}","{""raw"":""""}","{""raw"":""""}",[],[],pokeapi_species_csv,,False,"{""unresolved_abilities"":0,""unresolved_move_references"":0,""unresolved_capabilities"":0}"
scovillain,Scovillain,952,952,,,,,9,False,False,external_stub,"[""Grass"",""Fire""]",{},"{""raw"":""""}","{""raw"":""""}","{""raw"":""""}",[],[],pokeapi_species_csv,,False,"{""unresolved_abilities"":0,""unresolved_move_references"":0,""unresolved_capabilities"":0}"
rellor,Rellor,953,953,,,,,9,False,False,external_stub,"[""Bug""]",{},"{""raw"":""""}","{""raw"":""""}","{""raw"":""""}",[],[],pokeapi_species_csv,,False,"{""unresolved_abilities"":0,""unresolved_move_references"":0,""unresolved_capabilities"":0}"
rabsca,Rabsca,954,954,,,,,9,False,False,external_stub,"[""Bug"",""Psychic""]",{},"{""raw"":""""}","{""raw"":""""}","{""raw"":""""}",[],[],pokeapi_species_csv,,False,"{""unresolved_abilities"":0,""unresolved_move_references"":0,""unresolved_capabilities"":0}"
flittle,Flittle,955,955,,,,,9,False,False,external_stub,"[""Psychic""]",{},"{""raw"":""""}","{""raw"":""""}","{""raw"":""""}",[],[],pokeapi_species_csv,,False,"{""unresolved_abilities"":0,""unresolved_move_references"":0,""unresolved_capabilities"":0}"
espathra,Espathra,956,956,,,,,9,False,False,external_stub,"[""Psychic""]",{},"{""raw"":""""}","{""raw"":""""}","{""raw"":""""}",[],[],pokeapi_species_csv,,False,"{""unresolved_abilities"":0,""unresolved_move_references"":0,""unresolved_capabilities"":0}"
tinkatink,Tinkatink,957,957,,,,,9,False,False,external_stub,"[""Fairy"",""Steel""]",{},"{""raw"":""""}","{""raw"":""""}","{""raw"":""""}",[],[],pokeapi_species_csv,,False,"{""unresolved_abilities"":0,""unresolved_move_references"":0,""unresolved_capabilities"":0}"
tinkatuff,Tinkatuff,958,958,,,,,9,False,False,external_stub,"[""Fairy"",""Steel""]",{},"{""raw"":""""}","{""raw"":""""}","{""raw"":""""}",[],[],pokeapi_species_csv,,False,"{""unresolved_abilities"":0,""unresolved_move_references"":0,""unresolved_capabilities"":0}"
tinkaton,Tinkaton,959,959,,,,,9,False,False,external_stub,"[""Fairy"",""Steel""]",{},"{""raw"":""""}","{""raw"":""""}","{""raw"":""""}",[],[],pokeapi_species_csv,,False,"{""unresolved_abilities"":0,""unresolved_move_references"":0,""unresolved_capabilities"":0}"
wiglett,Wiglett,960,960,,,,,9,False,False,external_stub,"[""Water""]",{},"{""raw"":""""}","{""raw"":""""}","{""raw"":""""}",[],[],pokeapi_species_csv,,False,"{""unresolved_abilities"":0,""unresolved_move_references"":0,""unresolved_capabilities"":0}"
wugtrio,Wugtrio,961,961,,,,,9,False,False,external_stub,"[""Water""]",{},"{""raw"":""""}","{""raw"":""""}","{""raw"":""""}",[],[],pokeapi_species_csv,,False,"{""unresolved_abilities"":0,""unresolved_move_references"":0,""unresolved_capabilities"":0}"
bombirdier,Bombirdier,962,962,,,,,9,False,False,external_stub,"[""Flying"",""Dark""]",{},"{""raw"":""""}","{""raw"":""""}","{""raw"":""""}",[],[],pokeapi_species_csv,,False,"{""unresolved_abilities"":0,""unresolved_move_references"":0,""unresolved_capabilities"":0}"
finizen,Finizen,963,963,,,,,9,False,False,external_stub,"[""Water""]",{},"{""raw"":""""}","{""raw"":""""}","{""raw"":""""}",[],[],pokeapi_species_csv,,False,"{""unresolved_abilities"":0,""unresolved_move_references"":0,""unresolved_capabilities"":0}"
palafin,Palafin,964,964,,,,,9,False,False,external_stub,"[""Water""]",{},"{""raw"":""""}","{""raw"":""""}","{""raw"":""""}",[],[],pokeapi_species_csv,,False,"{""unresolved_abilities"":0,""unresolved_move_references"":0,""unresolved_capabilities"":0}"
varoom,Varoom,965,965,,,,,9,False,False,external_stub,"[""Steel"",""Poison""]",{},"{""raw"":""""}","{""raw"":""""}","{""raw"":""""}",[],[],pokeapi_species_csv,,False,"{""unresolved_abilities"":0,""unresolved_move_references"":0,""unresolved_capabilities"":0}"
revavroom,Revavroom,966,966,,,,,9,False,False,external_stub,"[""Steel"",""Poison""]",{},"{""raw"":""""}","{""raw"":""""}","{""raw"":""""}",[],[],pokeapi_species_csv,,False,"{""unresolved_abilities"":0,""unresolved_move_references"":0,""unresolved_capabilities"":0}"
cyclizar,Cyclizar,967,967,,,,,9,False,False,external_stub,"[""Dragon"",""Normal""]",{},"{""raw"":""""}","{""raw"":""""}","{""raw"":""""}",[],[],pokeapi_species_csv,,False,"{""unresolved_abilities"":0,""unresolved_move_references"":0,""unresolved_capabilities"":0}"
orthworm,Orthworm,968,968,,,,,9,False,False,external_stub,"[""Steel""]",{},"{""raw"":""""}","{""raw"":""""}","{""raw"":""""}",[],[],pokeapi_species_csv,,False,"{""unresolved_abilities"":0,""unresolved_move_references"":0,""unresolved_capabilities"":0}"
glimmet,Glimmet,969,969,,,,,9,False,False,external_stub,"[""Rock"",""Poison""]",{},"{""raw"":""""}","{""raw"":""""}","{""raw"":""""}",[],[],pokeapi_species_csv,,False,"{""unresolved_abilities"":0,""unresolved_move_references"":0,""unresolved_capabilities"":0}"
glimmora,Glimmora,970,970,,,,,9,False,False,external_stub,"[""Rock"",""Poison""]",{},"{""raw"":""""}","{""raw"":""""}","{""raw"":""""}",[],[],pokeapi_species_csv,,False,"{""unresolved_abilities"":0,""unresolved_move_references"":0,""unresolved_capabilities"":0}"
greavard,Greavard,971,971,,,,,9,False,False,external_stub,"[""Ghost""]",{},"{""raw"":""""}","{""raw"":""""}","{""raw"":""""}",[],[],pokeapi_species_csv,,False,"{""unresolved_abilities"":0,""unresolved_move_references"":0,""unresolved_capabilities"":0}"
houndstone,Houndstone,972,972,,,,,9,False,False,external_stub,"[""Ghost""]",{},"{""raw"":""""}","{""raw"":""""}","{""raw"":""""}",[],[],pokeapi_species_csv,,False,"{""unresolved_abilities"":0,""unresolved_move_references"":0,""unresolved_capabilities"":0}"
flamigo,Flamigo,973,973,,,,,9,False,False,external_stub,"[""Flying"",""Fighting""]",{},"{""raw"":""""}","{""raw"":""""}","{""raw"":""""}",[],[],pokeapi_species_csv,,False,"{""unresolved_abilities"":0,""unresolved_move_references"":0,""unresolved_capabilities"":0}"
cetoddle,Cetoddle,974,974,,,,,9,False,False,external_stub,"[""Ice""]",{},"{""raw"":""""}","{""raw"":""""}","{""raw"":""""}",[],[],pokeapi_species_csv,,False,"{""unresolved_abilities"":0,""unresolved_move_references"":0,""unresolved_capabilities"":0}"
cetitan,Cetitan,975,975,,,,,9,False,False,external_stub,"[""Ice""]",{},"{""raw"":""""}","{""raw"":""""}","{""raw"":""""}",[],[],pokeapi_species_csv,,False,"{""unresolved_abilities"":0,""unresolved_move_references"":0,""unresolved_capabilities"":0}"
veluza,Veluza,976,976,,,,,9,False,False,external_stub,"[""Water"",""Psychic""]",{},"{""raw"":""""}","{""raw"":""""}","{""raw"":""""}",[],[],pokeapi_species_csv,,False,"{""unresolved_abilities"":0,""unresolved_move_references"":0,""unresolved_capabilities"":0}"
dondozo,Dondozo,977,977,,,,,9,False,False,external_stub,"[""Water""]",{},"{""raw"":""""}","{""raw"":""""}","{""raw"":""""}",[],[],pokeapi_species_csv,,False,"{""unresolved_abilities"":0,""unresolved_move_references"":0,""unresolved_capabilities"":0}"
tatsugiri,Tatsugiri,978,978,,,,,9,False,False,external_stub,"[""Dragon"",""Water""]",{},"{""raw"":""""}","{""raw"":""""}","{""raw"":""""}",[],[],pokeapi_species_csv,,False,"{""unresolved_abilities"":0,""unresolved_move_references"":0,""unresolved_capabilities"":0}"
annihilape,Annihilape,979,979,,,,,9,False,False,external_stub,"[""Fighting"",""Ghost""]",{},"{""raw"":""""}","{""raw"":""""}","{""raw"":""""}",[],[],pokeapi_species_csv,,False,"{""unresolved_abilities"":0,""unresolved_move_references"":0,""unresolved_capabilities"":0}"
clodsire,Clodsire,980,980,,,,,9,False,False,external_stub,"[""Poison"",""Ground""]",{},"{""raw"":""""}","{""raw"":""""}","{""raw"":""""}",[],[],pokeapi_species_csv,,False,"{""unresolved_abilities"":0,""unresolved_move_references"":0,""unresolved_capabilities"":0}"
farigiraf,Farigiraf,981,981,,,,,9,False,False,external_stub,"[""Normal"",""Psychic""]",{},"{""raw"":""""}","{""raw"":""""}","{""raw"":""""}",[],[],pokeapi_species_csv,,False,"{""unresolved_abilities"":0,""unresolved_move_references"":0,""unresolved_capabilities"":0}"
dudunsparce,Dudunsparce,982,982,,,,,9,False,False,external_stub,"[""Normal""]",{},"{""raw"":""""}","{""raw"":""""}","{""raw"":""""}",[],[],pokeapi_species_csv,,False,"{""unresolved_abilities"":0,""unresolved_move_references"":0,""unresolved_capabilities"":0}"
kingambit,Kingambit,983,983,,,,,9,True,True,complete,"[""Fire""]","{""hp"":10,""attack"":14,""defense"":12,""special_attack"":6,""special_defense"":9,""speed"":5}","{""raw"":""6' 07\"" / 2.0m (Large)"",""meters"":2.0,""size_class"":""Large""}","{""raw"":""264.6 lbs / 120.0 kg (5)"",""kg"":120.0,""weight_class"":5}","{""raw"":""50% Male / 50% Female"",""male_percent"":50.0,""female_percent"":50.0,""genderless"":false}","[""Human Shape""]","["": Mountain"",""Cave""]",knight,4,False,"{""unresolved_abilities"":3,""unresolved_move_references"":7,""unresolved_capabilities"":0}"
great-tusk,Great Tusk,984,984,,,,,9,False,False,external_stub,"[""Ground"",""Fighting""]",{},"{""raw"":""""}","{""raw"":""""}","{""raw"":""""}",[],[],pokeapi_species_csv,,False,"{""unresolved_abilities"":0,""unresolved_move_references"":0,""unresolved_capabilities"":0}"
scream-tail,Scream Tail,985,985,,,,,9,False,False,external_stub,"[""Fairy"",""Psychic""]",{},"{""raw"":""""}","{""raw"":""""}","{""raw"":""""}",[],[],pokeapi_species_csv,,False,"{""unresolved_abilities"":0,""unresolved_move_references"":0,""unresolved_capabilities"":0}"
brute-bonnet,Brute Bonnet,986,986,,,,,9,False,False,external_stub,"[""Grass"",""Dark""]",{},"{""raw"":""""}","{""raw"":""""}","{""raw"":""""}",[],[],pokeapi_species_csv,,False,"{""unresolved_abilities"":0,""unresolved_move_references"":0,""unresolved_capabilities"":0}"
flutter-mane,Flutter Mane,987,987,,,,,9,False,False,external_stub,"[""Ghost"",""Fairy""]",{},"{""raw"":""""}","{""raw"":""""}","{""raw"":""""}",[],[],pokeapi_species_csv,,False,"{""unresolved_abilities"":0,""unresolved_move_references"":0,""unresolved_capabilities"":0}"
slither-wing,Slither Wing,988,988,,,,,9,False,False,external_stub,"[""Bug"",""Fighting""]",{},"{""raw"":""""}","{""raw"":""""}","{""raw"":""""}",[],[],pokeapi_species_csv,,False,"{""unresolved_abilities"":0,""unresolved_move_references"":0,""unresolved_capabilities"":0}"
sandy-shocks,Sandy Shocks,989,989,,,,,9,False,False,external_stub,"[""Electric"",""Ground""]",{},"{""raw"":""""}","{""raw"":""""}","{""raw"":""""}",[],[],pokeapi_species_csv,,False,"{""unresolved_abilities"":0,""unresolved_move_references"":0,""unresolved_capabilities"":0}"
iron-treads,Iron Treads,990,990,,,,,9,False,False,external_stub,"[""Ground"",""Steel""]",{},"{""raw"":""""}","{""raw"":""""}","{""raw"":""""}",[],[],pokeapi_species_csv,,False,"{""unresolved_abilities"":0,""unresolved_move_references"":0,""unresolved_capabilities"":0}"
iron-bundle,Iron Bundle,991,991,,,,,9,False,False,external_stub,"[""Ice"",""Water""]",{},"{""raw"":""""}","{""raw"":""""}","{""raw"":""""}",[],[],pokeapi_species_csv,,False,"{""unresolved_abilities"":0,""unresolved_move_references"":0,""unresolved_capabilities"":0}"
iron-hands,Iron Hands,992,992,,,,,9,False,False,external_stub,"[""Fighting"",""Electric""]",{},"{""raw"":""""}","{""raw"":""""}","{""raw"":""""}",[],[],pokeapi_species_csv,,False,"{""unresolved_abilities"":0,""unresolved_move_references"":0,""unresolved_capabilities"":0}"
iron-jugulis,Iron Jugulis,993,993,,,,,9,False,False,external_stub,"[""Dark"",""Flying""]",{},"{""raw"":""""}","{""raw"":""""}","{""raw"":""""}",[],[],pokeapi_species_csv,,False,"{""unresolved_abilities"":0,""unresolved_move_references"":0,""unresolved_capabilities"":0}"
iron-moth,Iron Moth,994,994,,,,,9,False,False,external_stub,"[""Fire"",""Poison""]",{},"{""raw"":""""}","{""raw"":""""}","{""raw"":""""}",[],[],pokeapi_species_csv,,False,"{""unresolved_abilities"":0,""unresolved_move_references"":0,""unresolved_capabilities"":0}"
iron-thorns,Iron Thorns,995,995,,,,,9,False,False,external_stub,"[""Rock"",""Electric""]",{},"{""raw"":""""}","{""raw"":""""}","{""raw"":""""}",[],[],pokeapi_species_csv,,False,"{""unresolved_abilities"":0,""unresolved_move_references"":0,""unresolved_capabilities"":0}"
frigibax,Frigibax,996,996,,,,,9,False,False,external_stub,"[""Dragon"",""Ice""]",{},"{""raw"":""""}","{""raw"":""""}","{""raw"":""""}",[],[],pokeapi_species_csv,,False,"{""unresolved_abilities"":0,""unresolved_move_references"":0,""unresolved_capabilities"":0}"
arctibax,Arctibax,997,997,,,,,9,False,False,external_stub,"[""Dragon"",""Ice""]",{},"{""raw"":""""}","{""raw"":""""}","{""raw"":""""}",[],[],pokeapi_species_csv,,False,"{""unresolved_abilities"":0,""unresolved_move_references"":0,""unresolved_capabilities"":0}"
baxcalibur,Baxcalibur,998,998,,,,,9,False,False,external_stub,"[""Dragon"",""Ice""]",{},"{""raw"":""""}","{""raw"":""""}","{""raw"":""""}",[],[],pokeapi_species_csv,,False,"{""unresolved_abilities"":0,""unresolved_move_references"":0,""unresolved_capabilities"":0}"
gimmighoul,Gimmighoul,999,999,,,,,9,False,False,external_stub,"[""Ghost""]",{},"{""raw"":""""}","{""raw"":""""}","{""raw"":""""}",[],[],pokeapi_species_csv,,False,"{""unresolved_abilities"":0,""unresolved_move_references"":0,""unresolved_capabilities"":0}"
gholdengo,Gholdengo,1000,1000,,,,,9,False,False,external_stub,"[""Steel"",""Ghost""]",{},"{""raw"":""""}","{""raw"":""""}","{""raw"":""""}",[],[],pokeapi_species_csv,,False,"{""unresolved_abilities"":0,""unresolved_move_references"":0,""unresolved_capabilities"":0}"
wo-chien,Wo-Chien,1001,1001,,,,,9,False,False,external_stub,"[""Dark"",""Grass""]",{},"{""raw"":""""}","{""raw"":""""}","{""raw"":""""}",[],[],pokeapi_species_csv,,False,"{""unresolved_abilities"":0,""unresolved_move_references"":0,""unresolved_capabilities"":0}"
chien-pao,Chien-Pao,1002,1002,,,,,9,False,False,external_stub,"[""Dark"",""Ice""]",{},"{""raw"":""""}","{""raw"":""""}","{""raw"":""""}",[],[],pokeapi_species_csv,,False,"{""unresolved_abilities"":0,""unresolved_move_references"":0,""unresolved_capabilities"":0}"
ting-lu,Ting-Lu,1003,1003,,,,,9,False,False,external_stub,"[""Dark"",""Ground""]",{},"{""raw"":""""}","{""raw"":""""}","{""raw"":""""}",[],[],pokeapi_species_csv,,False,"{""unresolved_abilities"":0,""unresolved_move_references"":0,""unresolved_capabilities"":0}"
chi-yu,Chi-Yu,1004,1004,,,,,9,False,False,external_stub,"[""Dark"",""Fire""]",{},"{""raw"":""""}","{""raw"":""""}","{""raw"":""""}",[],[],pokeapi_species_csv,,False,"{""unresolved_abilities"":0,""unresolved_move_references"":0,""unresolved_capabilities"":0}"
roaring-moon,Roaring Moon,1005,1005,,,,,9,False,False,external_stub,"[""Dragon"",""Dark""]",{},"{""raw"":""""}","{""raw"":""""}","{""raw"":""""}",[],[],pokeapi_species_csv,,False,"{""unresolved_abilities"":0,""unresolved_move_references"":0,""unresolved_capabilities"":0}"
iron-valiant,Iron Valiant,1006,1006,,,,,9,False,False,external_stub,"[""Fairy"",""Fighting""]",{},"{""raw"":""""}","{""raw"":""""}","{""raw"":""""}",[],[],pokeapi_species_csv,,False,"{""unresolved_abilities"":0,""unresolved_move_references"":0,""unresolved_capabilities"":0}"
koraidon,Koraidon,1007,1007,,,,,9,False,False,external_stub,"[""Fighting"",""Dragon""]",{},"{""raw"":""""}","{""raw"":""""}","{""raw"":""""}",[],[],pokeapi_species_csv,,False,"{""unresolved_abilities"":0,""unresolved_move_references"":0,""unresolved_capabilities"":0}"
miraidon,Miraidon,1008,1008,,,,,9,False,False,external_stub,"[""Electric"",""Dragon""]",{},"{""raw"":""""}","{""raw"":""""}","{""raw"":""""}",[],[],pokeapi_species_csv,,False,"{""unresolved_abilities"":0,""unresolved_move_references"":0,""unresolved_capabilities"":0}"
walking-wake,Walking Wake,1009,1009,,,,,9,False,False,external_stub,"[""Water"",""Dragon""]",{},"{""raw"":""""}","{""raw"":""""}","{""raw"":""""}",[],[],pokeapi_species_csv,,False,"{""unresolved_abilities"":0,""unresolved_move_references"":0,""unresolved_capabilities"":0}"
iron-leaves,Iron Leaves,1010,1010,,,,,9,False,False,external_stub,"[""Grass"",""Psychic""]",{},"{""raw"":""""}","{""raw"":""""}","{""raw"":""""}",[],[],pokeapi_species_csv,,False,"{""unresolved_abilities"":0,""unresolved_move_references"":0,""unresolved_capabilities"":0}"
dipplin,Dipplin,1011,1011,,,,,9,False,False,external_stub,"[""Grass"",""Dragon""]",{},"{""raw"":""""}","{""raw"":""""}","{""raw"":""""}",[],[],pokeapi_species_csv,,False,"{""unresolved_abilities"":0,""unresolved_move_references"":0,""unresolved_capabilities"":0}"
poltchageist,Poltchageist,1012,1012,,,,,9,False,False,external_stub,"[""Grass"",""Ghost""]",{},"{""raw"":""""}","{""raw"":""""}","{""raw"":""""}",[],[],pokeapi_species_csv,,False,"{""unresolved_abilities"":0,""unresolved_move_references"":0,""unresolved_capabilities"":0}"
sinistcha,Sinistcha,1013,1013,,,,,9,False,False,external_stub,"[""Grass"",""Ghost""]",{},"{""raw"":""""}","{""raw"":""""}","{""raw"":""""}",[],[],pokeapi_species_csv,,False,"{""unresolved_abilities"":0,""unresolved_move_references"":0,""unresolved_capabilities"":0}"
okidogi,Okidogi,1014,1014,,,,,9,False,False,external_stub,"[""Poison"",""Fighting""]",{},"{""raw"":""""}","{""raw"":""""}","{""raw"":""""}",[],[],pokeapi_species_csv,,False,"{""unresolved_abilities"":0,""unresolved_move_references"":0,""unresolved_capabilities"":0}"
munkidori,Munkidori,1015,1015,,,,,9,False,False,external_stub,"[""Poison"",""Psychic""]",{},"{""raw"":""""}","{""raw"":""""}","{""raw"":""""}",[],[],pokeapi_species_csv,,False,"{""unresolved_abilities"":0,""unresolved_move_references"":0,""unresolved_capabilities"":0}"
fezandipiti,Fezandipiti,1016,1016,,,,,9,False,False,external_stub,"[""Poison"",""Fairy""]",{},"{""raw"":""""}","{""raw"":""""}","{""raw"":""""}",[],[],pokeapi_species_csv,,False,"{""unresolved_abilities"":0,""unresolved_move_references"":0,""unresolved_capabilities"":0}"
ogerpon,Ogerpon,1017,1017,,,,,9,False,False,external_stub,"[""Grass""]",{},"{""raw"":""""}","{""raw"":""""}","{""raw"":""""}",[],[],pokeapi_species_csv,,False,"{""unresolved_abilities"":0,""unresolved_move_references"":0,""unresolved_capabilities"":0}"
archaludon,Archaludon,1018,1018,,,,,9,False,False,external_stub,"[""Steel"",""Dragon""]",{},"{""raw"":""""}","{""raw"":""""}","{""raw"":""""}",[],[],pokeapi_species_csv,,False,"{""unresolved_abilities"":0,""unresolved_move_references"":0,""unresolved_capabilities"":0}"
hydrapple,Hydrapple,1019,1019,,,,,9,False,False,external_stub,"[""Grass"",""Dragon""]",{},"{""raw"":""""}","{""raw"":""""}","{""raw"":""""}",[],[],pokeapi_species_csv,,False,"{""unresolved_abilities"":0,""unresolved_move_references"":0,""unresolved_capabilities"":0}"
gouging-fire,Gouging Fire,1020,1020,,,,,9,False,False,external_stub,"[""Fire"",""Dragon""]",{},"{""raw"":""""}","{""raw"":""""}","{""raw"":""""}",[],[],pokeapi_species_csv,,False,"{""unresolved_abilities"":0,""unresolved_move_references"":0,""unresolved_capabilities"":0}"
raging-bolt,Raging Bolt,1021,1021,,,,,9,False,False,external_stub,"[""Electric"",""Dragon""]",{},"{""raw"":""""}","{""raw"":""""}","{""raw"":""""}",[],[],pokeapi_species_csv,,False,"{""unresolved_abilities"":0,""unresolved_move_references"":0,""unresolved_capabilities"":0}"
iron-boulder,Iron Boulder,1022,1022,,,,,9,False,False,external_stub,"[""Rock"",""Psychic""]",{},"{""raw"":""""}","{""raw"":""""}","{""raw"":""""}",[],[],pokeapi_species_csv,,False,"{""unresolved_abilities"":0,""unresolved_move_references"":0,""unresolved_capabilities"":0}"
iron-crown,Iron Crown,1023,1023,,,,,9,False,False,external_stub,"[""Steel"",""Psychic""]",{},"{""raw"":""""}","{""raw"":""""}","{""raw"":""""}",[],[],pokeapi_species_csv,,False,"{""unresolved_abilities"":0,""unresolved_move_references"":0,""unresolved_capabilities"":0}"
terapagos,Terapagos,1024,1024,,,,,9,False,False,external_stub,"[""Normal""]",{},"{""raw"":""""}","{""raw"":""""}","{""raw"":""""}",[],[],pokeapi_species_csv,,False,"{""unresolved_abilities"":0,""unresolved_move_references"":0,""unresolved_capabilities"":0}"
pecharunt,Pecharunt,1025,1025,,,,,9,False,False,external_stub,"[""Poison"",""Ghost""]",{},"{""raw"":""""}","{""raw"":""""}","{""raw"":""""}",[],[],pokeapi_species_csv,,False,"{""unresolved_abilities"":0,""unresolved_move_references"":0,""unresolved_capabilities"":0}"
abomasnow,Abomasnow,,,,,,,,True,True,complete,"[""Grass"",""Ice""]","{""hp"":9,""attack"":9,""defense"":8,""special_attack"":9,""special_defense"":9,""speed"":6}","{""raw"":""7' 3\"" / 2.2m (Large)"",""meters"":2.2,""size_class"":""Large""}","{""raw"":""298.7 lbs / 135.5kg (5)"",""kg"":135.5,""weight_class"":5}","{""raw"":""50% M / 50% F"",""male_percent"":50.0,""female_percent"":50.0,""genderless"":false}","[""Monster"",""Plant""]","[""Taiga""]",gen8,457,False,"{""unresolved_abilities"":0,""unresolved_move_references"":0,""unresolved_capabilities"":0}"
abra,Abra,,,,,,,,True,True,complete,"[""Psychic""]","{""hp"":3,""attack"":2,""defense"":2,""special_attack"":11,""special_defense"":6,""speed"":9}","{""raw"":""2' 11\"" / 0.9m (Small)"",""meters"":0.9,""size_class"":""Small""}","{""raw"":""43 lbs / 19.5kg (2)"",""kg"":19.5,""weight_class"":2}","{""raw"":""75% M / 25% F"",""male_percent"":75.0,""female_percent"":25.0,""genderless"":false}","[""Humanshape""]","[""Forest"",""Urban""]",gen8,248,False,"{""unresolved_abilities"":0,""unresolved_move_references"":6,""unresolved_capabilities"":0}"
absol,Absol,,,,,,,,True,True,complete,"[""Dark""]","{""hp"":7,""attack"":13,""defense"":6,""special_attack"":8,""special_defense"":6,""speed"":8}","{""raw"":""3' 11\"" / 1.2m (Medium)"",""meters"":1.2,""size_class"":""Medium""}","{""raw"":""103.6 lbs / 47kg (3)"",""kg"":47.0,""weight_class"":3}","{""raw"":""50% M / 50% F"",""male_percent"":50.0,""female_percent"":50.0,""genderless"":false}","[""Field""]","[""Forest"",""Grassland"",""Mountain""]",gen8,692,False,"{""unresolved_abilities"":0,""unresolved_move_references"":0,""unresolved_capabilities"":0}"
accelgor,Accelgor,,,,,,,,True,True,complete,"[""Bug""]","{""hp"":8,""attack"":7,""defense"":4,""special_attack"":10,""special_defense"":6,""speed"":15}","{""raw"":""2' 7\"" / 0.8m (Small)"",""meters"":0.8,""size_class"":""Small""}","{""raw"":""55.8 lbs / 25.3kg (1)"",""kg"":25.3,""weight_class"":1}","{""raw"":""50% M / 50% F"",""male_percent"":50.0,""female_percent"":50.0,""genderless"":false}","[""Bug""]","[""Forest""]",gen8,335,False,"{""unresolved_abilities"":0,""unresolved_move_references"":1,""unresolved_capabilities"":0}"
aegislash,Aegislash,,,,,,,,True,True,complete,"[""Steel"",""Ghost""]","{""hp"":6,""attack"":5,""defense"":15,""special_attack"":5,""special_defense"":15,""speed"":6}","{""raw"":""5' 7\"" / 1.7m (Medium)"",""meters"":1.7,""size_class"":""Medium""}","{""raw"":""116.8 lbs / 53kg (4)"",""kg"":53.0,""weight_class"":4}","{""raw"":""50% M / 50% F"",""male_percent"":50.0,""female_percent"":50.0,""genderless"":false}","[""Mineral""]","[""Grassland"",""Urban""]",gen8,285,False,"{""unresolved_abilities"":0,""unresolved_move_references"":0,""unresolved_capabilities"":1}"
aerodactyl,Aerodactyl,,,,,,,,True,True,complete,"[""Rock"",""Flying""]","{""hp"":8,""attack"":11,""defense"":7,""special_attack"":6,""special_defense"":8,""speed"":13}","{""raw"":""5' 11\"" / 1.8m (Medium)"",""meters"":1.8,""size_class"":""Medium""}","{""raw"":""130.1 lbs / 59kg (4)"",""kg"":59.0,""weight_class"":4}","{""raw"":""87.5% M / 12.5% F"",""male_percent"":87.5,""female_percent"":12.5,""genderless"":false}","[""Flying""]","[""Cave"",""Mountain""]",gen8,833,False,"{""unresolved_abilities"":0,""unresolved_move_references"":0,""unresolved_capabilities"":0}"
aggron,Aggron,,,,,,,,True,True,complete,"[""Steel"",""Rock""]","{""hp"":7,""attack"":11,""defense"":18,""special_attack"":6,""special_defense"":6,""speed"":5}","{""raw"":""6' 11\"" / 2.1m (Large)"",""meters"":2.1,""size_class"":""Large""}","{""raw"":""793.7 lbs / 360kg (6)"",""kg"":360.0,""weight_class"":6}","{""raw"":""50% M / 50% F"",""male_percent"":50.0,""female_percent"":50.0,""genderless"":false}","[""Monster""]","[""Cave"",""Mountain""]",gen8,279,False,"{""unresolved_abilities"":0,""unresolved_move_references"":0,""unresolved_capabilities"":0}"
aipom,Aipom,,,,,,,,True,True,complete,"[""Normal""]","{""hp"":6,""attack"":7,""defense"":6,""special_attack"":4,""special_defense"":6,""speed"":9}","{""raw"":""2' 7\"" / 0.8m (Small)"",""meters"":0.8,""size_class"":""Small""}","{""raw"":""25.4 lbs / 11.5kg (2)"",""kg"":11.5,""weight_class"":2}","{""raw"":""50% M / 50% F"",""male_percent"":50.0,""female_percent"":50.0,""genderless"":false}","[""Field""]","[""Forest"",""Rainforest""]",gen8,529,False,"{""unresolved_abilities"":0,""unresolved_move_references"":0,""unresolved_capabilities"":0}"
alakazam,Alakazam,,,,,,,,True,True,complete,"[""Psychic""]","{""hp"":6,""attack"":5,""defense"":5,""special_attack"":14,""special_defense"":10,""speed"":12}","{""raw"":""4' 11\"" / 1.5m (Medium)"",""meters"":1.5,""size_class"":""Medium""}","{""raw"":""105.8 lbs / 48kg (3)"",""kg"":48.0,""weight_class"":3}","{""raw"":""75% M / 25% F"",""male_percent"":75.0,""female_percent"":25.0,""genderless"":false}","[""Humanshape""]","[""Urban""]",gen8,250,False,"{""unresolved_abilities"":0,""unresolved_move_references"":0,""unresolved_capabilities"":0}"
alcremie,Alcremie,,,,,,,,True,True,complete,"[""Fairy""]","{""hp"":7,""attack"":6,""defense"":8,""special_attack"":11,""special_defense"":12,""speed"":6}","{""raw"":""1' 0\"" / 0.3m (Small)"",""meters"":0.3,""size_class"":""Small""}","{""raw"":""1.1 lbs / 0.5kg (1)"",""kg"":0.5,""weight_class"":1}","{""raw"":""0% M / 100% F"",""male_percent"":0.0,""female_percent"":100.0,""genderless"":false}","[""Fairy"",""Indeterminate""]","[""Urban""]",gen8,385,False,"{""unresolved_abilities"":0,""unresolved_move_references"":0,""unresolved_capabilities"":1}"
alomomola,Alomomola,,,,,,,,True,True,complete,"[""Water""]","{""hp"":17,""attack"":8,""defense"":8,""special_attack"":4,""special_defense"":5,""speed"":7}","{""raw"":""3' 11\"" / 1.2m (Medium)"",""meters"":1.2,""size_class"":""Medium""}","{""raw"":""69.7 lbs / 31.6kg (3)"",""kg"":31.6,""weight_class"":3}","{""raw"":""50% M / 50% F"",""male_percent"":50.0,""female_percent"":50.0,""genderless"":false}","[""Water 1"",""Water 2""]","[""Ocean""]",gen8,765,False,"{""unresolved_abilities"":0,""unresolved_move_references"":0,""unresolved_capabilities"":0}"
altaria,Altaria,,,,,,,,True,True,complete,"[""Dragon"",""Flying""]","{""hp"":8,""attack"":7,""defense"":9,""special_attack"":7,""special_defense"":11,""speed"":8}","{""raw"":""3' 7\"" / 1.1m (Medium)"",""meters"":1.1,""size_class"":""Medium""}","{""raw"":""45.4 lbs / 20.6kg (2)"",""kg"":20.6,""weight_class"":2}","{""raw"":""50% M / 50% F"",""male_percent"":50.0,""female_percent"":50.0,""genderless"":false}","[""Flying"",""Dragon""]","[""Forest"",""Rainforest""]",gen8,540,False,"{""unresolved_abilities"":0,""unresolved_move_references"":0,""unresolved_capabilities"":0}"
amaura,Amaura,,,,,,,,True,True,complete,"[""Rock"",""Ice""]","{""hp"":8,""attack"":6,""defense"":5,""special_attack"":7,""special_defense"":6,""speed"":5}","{""raw"":""4' 3\"" / 1.3m (Medium)"",""meters"":1.3,""size_class"":""Medium""}","{""raw"":""55.6 lbs / 25.2kg (3)"",""kg"":25.2,""weight_class"":3}","{""raw"":""87.5% M / 12.5% F"",""male_percent"":87.5,""female_percent"":12.5,""genderless"":false}","[""Monster""]","[""Cave"",""Mountain""]",gen8,831,False,"{""unresolved_abilities"":0,""unresolved_move_references"":0,""unresolved_capabilities"":0}"
ambipom,Ambipom,,,,,,,,True,True,complete,"[""Normal""]","{""hp"":8,""attack"":10,""defense"":7,""special_attack"":6,""special_defense"":7,""speed"":12}","{""raw"":""3' 11\"" / 1.2m (Medium)"",""meters"":1.2,""size_class"":""Medium""}","{""raw"":""44.8 lbs / 20.3kg (2)"",""kg"":20.3,""weight_class"":2}","{""raw"":""50% M / 50% F"",""male_percent"":50.0,""female_percent"":50.0,""genderless"":false}","[""Field""]","[""Forest"",""Rainforest""]",gen8,530,False,"{""unresolved_abilities"":0,""unresolved_move_references"":0,""unresolved_capabilities"":0}"
amoonguss,Amoonguss,,,,,,,,True,True,complete,"[""Grass"",""Poison""]","{""hp"":11,""attack"":9,""defense"":7,""special_attack"":9,""special_defense"":8,""speed"":3}","{""raw"":""2' 0\"" / 0.6m (Small)"",""meters"":0.6,""size_class"":""Small""}","{""raw"":""23.1 lbs / 10.5kg (1)"",""kg"":10.5,""weight_class"":1}","{""raw"":""50% M / 50% F"",""male_percent"":50.0,""female_percent"":50.0,""genderless"":false}","[""Plant""]","[""Cave"",""Forest"",""Grassland""]",gen8,465,False,"{""unresolved_abilities"":0,""unresolved_move_references"":0,""unresolved_capabilities"":0}"
ampharos,Ampharos,,,,,,,,True,True,complete,"[""Electric""]","{""hp"":9,""attack"":8,""defense"":9,""special_attack"":12,""special_defense"":9,""speed"":6}","{""raw"":""4' 7\"" / 1.4m (Medium)"",""meters"":1.4,""size_class"":""Medium""}","{""raw"":""135.6 lbs / 61.5kg (4)"",""kg"":61.5,""weight_class"":4}","{""raw"":""50% M / 50% F"",""male_percent"":50.0,""female_percent"":50.0,""genderless"":false}","[""Monster"",""Field""]","[""Grassland"",""Mountain""]",gen8,132,False,"{""unresolved_abilities"":0,""unresolved_move_references"":0,""unresolved_capabilities"":0}"
anorith,Anorith,,,,,,,,True,True,complete,"[""Rock"",""Bug""]","{""hp"":5,""attack"":10,""defense"":5,""special_attack"":4,""special_defense"":5,""speed"":8}","{""raw"":""2' 4\"" / 0.7m (Small)"",""meters"":0.7,""size_class"":""Small""}","{""raw"":""27.6 lbs / 12.5kg (2)"",""kg"":12.5,""weight_class"":2}","{""raw"":""87.5% M / 12.5% F"",""male_percent"":87.5,""female_percent"":12.5,""genderless"":false}","[""Water 3""]","[""Cave"",""Ocean""]",gen8,819,False,"{""unresolved_abilities"":0,""unresolved_move_references"":1,""unresolved_capabilities"":0}"
appletun,Appletun,,,,,,,,True,True,complete,"[""Grass"",""Dragon""]","{""hp"":11,""attack"":9,""defense"":8,""special_attack"":10,""special_defense"":8,""speed"":3}","{""raw"":""1' 4\"" / 0.4m (Small)"",""meters"":0.4,""size_class"":""Small""}","{""raw"":""28.7 lbs / 13kg (2)"",""kg"":13.0,""weight_class"":2}","{""raw"":""50% M / 50% F"",""male_percent"":50.0,""female_percent"":50.0,""genderless"":false}","[""Plant"",""Dragon""]","[""Forest"",""Grassland""]",gen8,478,False,"{""unresolved_abilities"":0,""unresolved_move_references"":1,""unresolved_capabilities"":0}"
applin,Applin,,,,,,,,True,True,complete,"[""Grass"",""Dragon""]","{""hp"":4,""attack"":4,""defense"":8,""special_attack"":4,""special_defense"":4,""speed"":2}","{""raw"":""0' 8\"" / 0.2m (Small)"",""meters"":0.2,""size_class"":""Small""}","{""raw"":""1.1 lbs / 0.5kg (1)"",""kg"":0.5,""weight_class"":1}","{""raw"":""50% M / 50% F"",""male_percent"":50.0,""female_percent"":50.0,""genderless"":false}","[""Plant"",""Dragon""]","[""Forest"",""Grassland""]",gen8,476,False,"{""unresolved_abilities"":0,""unresolved_move_references"":1,""unresolved_capabilities"":0}"
araquanid,Araquanid,,,,,,,,True,True,complete,"[""Water"",""Bug""]","{""hp"":7,""attack"":7,""defense"":9,""special_attack"":5,""special_defense"":13,""speed"":4}","{""raw"":""5' 11\"" / 1.8m (Medium)"",""meters"":1.8,""size_class"":""Medium""}","{""raw"":""180.8 lbs / 82kg (4)"",""kg"":82.0,""weight_class"":4}","{""raw"":""50% M / 50% F"",""male_percent"":50.0,""female_percent"":50.0,""genderless"":false}","[""Water 1"",""Bug""]","[""Fresh Water"",""Grassland""]",gen8,680,False,"{""unresolved_abilities"":0,""unresolved_move_references"":0,""unresolved_capabilities"":0}"
arbok,Arbok,,,,,,,,True,True,complete,"[""Poison""]","{""hp"":6,""attack"":10,""defense"":7,""special_attack"":7,""special_defense"":8,""speed"":8}","{""raw"":""11' 6\"" / 3.5m (Large)"",""meters"":3.5,""size_class"":""Large""}","{""raw"":""143.3 lbs / 65kg (4)"",""kg"":65.0,""weight_class"":4}","{""raw"":""50% M / 50% F"",""male_percent"":50.0,""female_percent"":50.0,""genderless"":false}","[""Field"",""Dragon""]","[""Forest"",""Grassland"",""Marsh""]",gen8,566,False,"{""unresolved_abilities"":0,""unresolved_move_references"":1,""unresolved_capabilities"":0}"
arcanine,Arcanine,,,,,,,,True,True,complete,"[""Fire""]","{""hp"":9,""attack"":11,""defense"":8,""special_attack"":10,""special_defense"":8,""speed"":10}","{""raw"":""6' 3\"" / 1.9m (Large)"",""meters"":1.9,""size_class"":""Large""}","{""raw"":""341.7 lbs / 155kg (5)"",""kg"":155.0,""weight_class"":5}","{""raw"":""75% M / 25% F"",""male_percent"":75.0,""female_percent"":25.0,""genderless"":false}","[""Field""]","[""Grassland"",""Mountain""]",gen8,409,False,"{""unresolved_abilities"":0,""unresolved_move_references"":1,""unresolved_capabilities"":0}"
arceus,Arceus,,,,,,,,True,True,complete,"[""Normal""]","{""hp"":12,""attack"":12,""defense"":12,""special_attack"":12,""special_defense"":12,""speed"":12}","{""raw"":""10' 6\"" / 3.2m (Huge)"",""meters"":3.2,""size_class"":""Huge""}","{""raw"":""705.5 lbs / 320kg (6)"",""kg"":320.0,""weight_class"":6}","{""raw"":""No Gender"",""genderless"":true,""male_percent"":0.0,""female_percent"":0.0}","[""None""]","[""Non-Space""]",gen8,905,False,"{""unresolved_abilities"":0,""unresolved_move_references"":0,""unresolved_capabilities"":0}"
archen,Archen,,,,,,,,True,True,complete,"[""Rock"",""Flying""]","{""hp"":6,""attack"":11,""defense"":5,""special_attack"":7,""special_defense"":5,""speed"":7}","{""raw"":""2' 0\"" / 0.6m (Small)"",""meters"":0.6,""size_class"":""Small""}","{""raw"":""20.9 lbs / 9.5kg (1)"",""kg"":9.5,""weight_class"":1}","{""raw"":""87.5% M / 12.5% F"",""male_percent"":87.5,""female_percent"":12.5,""genderless"":false}","[""Flying"",""Water 3""]","[""Forest"",""Mountain""]",gen8,827,False,"{""unresolved_abilities"":0,""unresolved_move_references"":0,""unresolved_capabilities"":0}"
archeops,Archeops,,,,,,,,True,True,complete,"[""Rock"",""Flying""]","{""hp"":8,""attack"":14,""defense"":7,""special_attack"":11,""special_defense"":7,""speed"":11}","{""raw"":""4' 8\"" / 1.4m (Medium)"",""meters"":1.4,""size_class"":""Medium""}","{""raw"":""70.5 lbs / 32kg (3)"",""kg"":32.0,""weight_class"":3}","{""raw"":""87.5% M / 12.5% F"",""male_percent"":87.5,""female_percent"":12.5,""genderless"":false}","[""Flying"",""Water 3""]","[""Forest"",""Mountain""]",gen8,828,False,"{""unresolved_abilities"":0,""unresolved_move_references"":0,""unresolved_capabilities"":0}"
arctovish,Arctovish,,,,,,,,True,True,complete,"[""Water"",""Ice""]","{""hp"":9,""attack"":9,""defense"":10,""special_attack"":8,""special_defense"":9,""speed"":6}","{""raw"":""6' 7\"" / 2m (Large)"",""meters"":2.0,""size_class"":""Large""}","{""raw"":""385.8 lbs / 175kg (5)"",""kg"":175.0,""weight_class"":5}","{""raw"":""No Gender"",""genderless"":true,""male_percent"":0.0,""female_percent"":0.0}","[""None""]","[""Forest"",""Grassland""]",gen8,837,False,"{""unresolved_abilities"":0,""unresolved_move_references"":0,""unresolved_capabilities"":0}"
arctozolt,Arctozolt,,,,,,,,True,True,complete,"[""Electric"",""Ice""]","{""hp"":9,""attack"":10,""defense"":9,""special_attack"":9,""special_defense"":8,""speed"":6}","{""raw"":""7' 7\"" / 2.3m (Large)"",""meters"":2.3,""size_class"":""Large""}","{""raw"":""330.7 lbs / 150kg (5)"",""kg"":150.0,""weight_class"":5}","{""raw"":""No Gender"",""genderless"":true,""male_percent"":0.0,""female_percent"":0.0}","[""None""]","[""Tundra""]",gen8,835,False,"{""unresolved_abilities"":0,""unresolved_move_references"":0,""unresolved_capabilities"":0}"
ariados,Ariados,,,,,,,,True,True,complete,"[""Bug"",""Poison""]","{""hp"":7,""attack"":9,""defense"":7,""special_attack"":6,""special_defense"":7,""speed"":4}","{""raw"":""3' 7\"" / 1.1m (Medium)"",""meters"":1.1,""size_class"":""Medium""}","{""raw"":""73.9 lbs / 33.5kg (3)"",""kg"":33.5,""weight_class"":3}","{""raw"":""50% M / 50% F"",""male_percent"":50.0,""female_percent"":50.0,""genderless"":false}","[""Bug""]","[""Cave"",""Forest"",""Rainforest""]",gen8,311,False,"{""unresolved_abilities"":0,""unresolved_move_references"":0,""unresolved_capabilities"":0}"
armaldo,Armaldo,,,,,,,,True,True,complete,"[""Rock"",""Bug""]","{""hp"":8,""attack"":13,""defense"":10,""special_attack"":7,""special_defense"":8,""speed"":5}","{""raw"":""4' 11\"" / 1.5m (Medium)"",""meters"":1.5,""size_class"":""Medium""}","{""raw"":""150.4 lbs / 68.2kg (4)"",""kg"":68.2,""weight_class"":4}","{""raw"":""87.5% M / 12.5% F"",""male_percent"":87.5,""female_percent"":12.5,""genderless"":false}","[""Water 3""]","[""Cave"",""Ocean""]",gen8,820,False,"{""unresolved_abilities"":0,""unresolved_move_references"":0,""unresolved_capabilities"":0}"
aromatisse,Aromatisse,,,,,,,,True,True,complete,"[""Fairy""]","{""hp"":10,""attack"":7,""defense"":7,""special_attack"":10,""special_defense"":9,""speed"":3}","{""raw"":""2' 7\"" / 0.8m (Small)"",""meters"":0.8,""size_class"":""Small""}","{""raw"":""34.2 lbs / 15.5kg (2)"",""kg"":15.5,""weight_class"":2}","{""raw"":""50% M / 50% F"",""male_percent"":50.0,""female_percent"":50.0,""genderless"":false}","[""Fairy""]","[""Grassland"",""Forest""]",gen8,381,False,"{""unresolved_abilities"":0,""unresolved_move_references"":0,""unresolved_capabilities"":0}"
aron,Aron,,,,,,,,True,True,complete,"[""Steel"",""Rock""]","{""hp"":5,""attack"":7,""defense"":10,""special_attack"":4,""special_defense"":4,""speed"":3}","{""raw"":""1' 4\"" / 0.4m (Small)"",""meters"":0.4,""size_class"":""Small""}","{""raw"":""132.3 lbs / 60kg (4)"",""kg"":60.0,""weight_class"":4}","{""raw"":""50% M / 50% F"",""male_percent"":50.0,""female_percent"":50.0,""genderless"":false}","[""Monster""]","[""Cave"",""Mountain""]",gen8,277,False,"{""unresolved_abilities"":0,""unresolved_move_references"":0,""unresolved_capabilities"":0}"
arrokuda,Arrokuda,,,,,,,,True,True,complete,"[""Water""]","{""hp"":4,""attack"":6,""defense"":4,""special_attack"":4,""special_defense"":3,""speed"":7}","{""raw"":""1' 8\"" / 0.5m (Small)"",""meters"":0.5,""size_class"":""Small""}","{""raw"":""2.2 lbs / 1kg (1)"",""kg"":1.0,""weight_class"":1}","{""raw"":""50% M / 50% F"",""male_percent"":50.0,""female_percent"":50.0,""genderless"":false}","[""Water 2""]","[""Fresh Water""]",gen8,683,False,"{""unresolved_abilities"":0,""unresolved_move_references"":0,""unresolved_capabilities"":0}"
articuno,Articuno,,,,,,,,True,True,complete,"[""Ice"",""Flying""]","{""hp"":9,""attack"":9,""defense"":10,""special_attack"":10,""special_defense"":13,""speed"":9}","{""raw"":""5' 7\"" / 1.7m (Medium)"",""meters"":1.7,""size_class"":""Medium""}","{""raw"":""122.1 lbs / 55.4kg (4)"",""kg"":55.4,""weight_class"":4}","{""raw"":""No Gender"",""genderless"":true,""male_percent"":0.0,""female_percent"":0.0}","[""None""]","[""Taiga"",""Tundra""]",gen8,866,False,"{""unresolved_abilities"":0,""unresolved_move_references"":0,""unresolved_capabilities"":0}"
audino,Audino,,,,,,,,True,True,complete,"[""Normal""]","{""hp"":10,""attack"":6,""defense"":9,""special_attack"":6,""special_defense"":9,""speed"":5}","{""raw"":""3' 7\"" / 1.1m (Medium)"",""meters"":1.1,""size_class"":""Medium""}","{""raw"":""68.3 lbs / 31kg (3)"",""kg"":31.0,""weight_class"":3}","{""raw"":""50% M / 50% F"",""male_percent"":50.0,""female_percent"":50.0,""genderless"":false}","[""Fairy""]","[""Forest"",""Grassland""]",gen8,738,False,"{""unresolved_abilities"":0,""unresolved_move_references"":0,""unresolved_capabilities"":0}"
aurorus,Aurorus,,,,,,,,True,True,complete,"[""Rock"",""Ice""]","{""hp"":12,""attack"":8,""defense"":7,""special_attack"":10,""special_defense"":9,""speed"":6}","{""raw"":""8' 10\"" / 2.7m (Large)"",""meters"":2.7,""size_class"":""Large""}","{""raw"":""496 lbs / 225kg (6)"",""kg"":225.0,""weight_class"":6}","{""raw"":""87.5% M / 12.5% F"",""male_percent"":87.5,""female_percent"":12.5,""genderless"":false}","[""Monster""]","[""Cave"",""Mountain""]",gen8,832,False,"{""unresolved_abilities"":0,""unresolved_move_references"":0,""unresolved_capabilities"":0}"
avalugg,Avalugg,,,,,,,,True,True,complete,"[""Ice""]","{""hp"":10,""attack"":12,""defense"":18,""special_attack"":4,""special_defense"":5,""speed"":3}","{""raw"":""6' 7\"" / 2m (Huge)"",""meters"":2.0,""size_class"":""Huge""}","{""raw"":""1113.3 lbs / 505kg (6)"",""kg"":505.0,""weight_class"":6}","{""raw"":""50% M / 50% F"",""male_percent"":50.0,""female_percent"":50.0,""genderless"":false}","[""Monster""]","[""Mountain"",""Taiga"",""Tundra""]",gen8,510,False,"{""unresolved_abilities"":0,""unresolved_move_references"":1,""unresolved_capabilities"":0}"
axew,Axew,,,,,,,,True,True,complete,"[""Dragon""]","{""hp"":5,""attack"":9,""defense"":6,""special_attack"":3,""special_defense"":4,""speed"":6}","{""raw"":""2' 0\"" / 0.6m (Small)"",""meters"":0.6,""size_class"":""Small""}","{""raw"":""39.7 lbs / 18kg (2)"",""kg"":18.0,""weight_class"":2}","{""raw"":""50% M / 50% F"",""male_percent"":50.0,""female_percent"":50.0,""genderless"":false}","[""Monster"",""Dragon""]","[""Cave"",""Mountain""]",gen8,117,False,"{""unresolved_abilities"":0,""unresolved_move_references"":0,""unresolved_capabilities"":0}"
azelf,Azelf,,,,,,,,True,True,complete,"[""Psychic""]","{""hp"":8,""attack"":13,""defense"":7,""special_attack"":13,""special_defense"":7,""speed"":12}","{""raw"":""1' 0\"" / 0.3m (Small)"",""meters"":0.3,""size_class"":""Small""}","{""raw"":""0.7 lbs / 0.3kg (1)"",""kg"":0.3,""weight_class"":1}","{""raw"":""No Gender"",""genderless"":true,""male_percent"":0.0,""female_percent"":0.0}","[""None""]","[""Cave""]",gen8,893,False,"{""unresolved_abilities"":0,""unresolved_move_references"":0,""unresolved_capabilities"":0}"
azumarill,Azumarill,,,,,,,,True,True,complete,"[""Water"",""Fairy""]","{""hp"":10,""attack"":5,""defense"":8,""special_attack"":6,""special_defense"":8,""speed"":5}","{""raw"":""2' 7\"" / 0.8m (Small)"",""meters"":0.8,""size_class"":""Small""}","{""raw"":""62.8 lbs / 28.5kg (3)"",""kg"":28.5,""weight_class"":3}","{""raw"":""50% M / 50% F"",""male_percent"":50.0,""female_percent"":50.0,""genderless"":false}","[""Water 1"",""Fairy""]","[""Freshwater""]",gen8,295,False,"{""unresolved_abilities"":1,""unresolved_move_references"":0,""unresolved_capabilities"":0}"
azurill,Azurill,,,,,,,,True,True,complete,"[""Normal"",""Fairy""]","{""hp"":5,""attack"":2,""defense"":4,""special_attack"":2,""special_defense"":4,""speed"":2}","{""raw"":""0' 8\"" / 0.2m (Small)"",""meters"":0.2,""size_class"":""Small""}","{""raw"":""4.4 lbs / 2kg (1)"",""kg"":2.0,""weight_class"":1}","{""raw"":""25% M / 75% F"",""male_percent"":25.0,""female_percent"":75.0,""genderless"":false}","[""Water 1"",""Fairy""]","[""Freshwater""]",gen8,293,False,"{""unresolved_abilities"":1,""unresolved_move_references"":0,""unresolved_capabilities"":0}"
bagon,Bagon,,,,,,,,True,True,complete,"[""Dragon""]","{""hp"":5,""attack"":8,""defense"":6,""special_attack"":4,""special_defense"":3,""speed"":5}","{""raw"":""2' 0\"" / 0.6m (Small)"",""meters"":0.6,""size_class"":""Small""}","{""raw"":""92.8 lbs / 42.1kg (3)"",""kg"":42.1,""weight_class"":3}","{""raw"":""50% M / 50% F"",""male_percent"":50.0,""female_percent"":50.0,""genderless"":false}","[""Dragon""]","[""Cave"",""Mountain""]",gen8,844,False,"{""unresolved_abilities"":0,""unresolved_move_references"":0,""unresolved_capabilities"":0}"
baltoy,Baltoy,,,,,,,,True,True,complete,"[""Ground"",""Psychic""]","{""hp"":4,""attack"":4,""defense"":6,""special_attack"":4,""special_defense"":7,""speed"":6}","{""raw"":""1' 8\"" / 0.5m (Small)"",""meters"":0.5,""size_class"":""Small""}","{""raw"":""47.4 lbs / 21.5kg (2)"",""kg"":21.5,""weight_class"":2}","{""raw"":""No Gender"",""genderless"":true,""male_percent"":0.0,""female_percent"":0.0}","[""Mineral""]","[""Cave"",""Desert""]",gen8,490,False,"{""unresolved_abilities"":0,""unresolved_move_references"":0,""unresolved_capabilities"":1}"
banette,Banette,,,,,,,,True,True,complete,"[""Ghost""]","{""hp"":6,""attack"":12,""defense"":7,""special_attack"":8,""special_defense"":6,""speed"":7}","{""raw"":""3' 7\"" / 1.1m (Medium)"",""meters"":1.1,""size_class"":""Medium""}","{""raw"":""27.6 lbs / 12.5kg (2)"",""kg"":12.5,""weight_class"":2}","{""raw"":""50% M / 50% F"",""male_percent"":50.0,""female_percent"":50.0,""genderless"":false}","[""Indeterminate""]","[""Cave"",""Urban""]",gen8,430,False,"{""unresolved_abilities"":0,""unresolved_move_references"":0,""unresolved_capabilities"":0}"
barbaracle,Barbaracle,,,,,,,,True,True,complete,"[""Rock"",""Water""]","{""hp"":7,""attack"":11,""defense"":12,""special_attack"":5,""special_defense"":9,""speed"":7}","{""raw"":""4' 3\"" / 1.3m (Medium)"",""meters"":1.3,""size_class"":""Medium""}","{""raw"":""211.6 lbs / 96kg (4)"",""kg"":96.0,""weight_class"":4}","{""raw"":""50% M / 50% F"",""male_percent"":50.0,""female_percent"":50.0,""genderless"":false}","[""Water 1"",""Water 3""]","[""Beach"",""Ocean""]",gen8,614,False,"{""unresolved_abilities"":0,""unresolved_move_references"":0,""unresolved_capabilities"":0}"
barboach,Barboach,,,,,,,,True,True,complete,"[""Water"",""Ground""]","{""hp"":5,""attack"":5,""defense"":4,""special_attack"":5,""special_defense"":4,""speed"":6}","{""raw"":""1' 4\"" / 0.4m (Small)"",""meters"":0.4,""size_class"":""Small""}","{""raw"":""4.2 lbs / 1.9kg (1)"",""kg"":1.9,""weight_class"":1}","{""raw"":""50% M / 50% F"",""male_percent"":50.0,""female_percent"":50.0,""genderless"":false}","[""Water 2""]","[""Freshwater"",""Marsh""]",gen8,656,False,"{""unresolved_abilities"":0,""unresolved_move_references"":0,""unresolved_capabilities"":0}"
barraskewda,Barraskewda,,,,,,,,True,True,complete,"[""Water""]","{""hp"":6,""attack"":12,""defense"":6,""special_attack"":6,""special_defense"":5,""speed"":14}","{""raw"":""4' 3\"" / 1.3m (Medium)"",""meters"":1.3,""size_class"":""Medium""}","{""raw"":""66.1 lbs / 30kg (3)"",""kg"":30.0,""weight_class"":3}","{""raw"":""50% M / 50% F"",""male_percent"":50.0,""female_percent"":50.0,""genderless"":false}","[""Water 2""]","[""Fresh Water""]",gen8,684,False,"{""unresolved_abilities"":0,""unresolved_move_references"":3,""unresolved_capabilities"":0}"
basculin,Basculin,,,,,,,,True,True,complete,"[""Water""]","{""hp"":7,""attack"":9,""defense"":7,""special_attack"":8,""special_defense"":6,""speed"":10}","{""raw"":""3' 3\"" / 1m (Medium)"",""meters"":1.0,""size_class"":""Medium""}","{""raw"":""39.7 lbs / 18kg (2)"",""kg"":18.0,""weight_class"":2}","{""raw"":""50% M / 50% F"",""male_percent"":50.0,""female_percent"":50.0,""genderless"":false}","[""Water 2""]","[""Freshwater""]",gen8,764,False,"{""unresolved_abilities"":1,""unresolved_move_references"":0,""unresolved_capabilities"":0}"
bastiodon,Bastiodon,,,,,,,,True,True,complete,"[""Rock"",""Steel""]","{""hp"":6,""attack"":5,""defense"":17,""special_attack"":5,""special_defense"":14,""speed"":3}","{""raw"":""4' 3\"" / 1.3m (Medium)"",""meters"":1.3,""size_class"":""Medium""}","{""raw"":""329.6 lbs / 149.5kg (5)"",""kg"":149.5,""weight_class"":5}","{""raw"":""87.5% M / 12.5% F"",""male_percent"":87.5,""female_percent"":12.5,""genderless"":false}","[""Monster""]","[""Cave"",""Mountain""]",gen8,824,False,"{""unresolved_abilities"":0,""unresolved_move_references"":0,""unresolved_capabilities"":0}"
bayleef,Bayleef,,,,,,,,True,True,complete,"[""Grass""]","{""hp"":6,""attack"":6,""defense"":8,""special_attack"":6,""special_defense"":8,""speed"":6}","{""raw"":""3' 11\"" / 1.2m (Medium)"",""meters"":1.2,""size_class"":""Medium""}","{""raw"":""34.8 lbs / 15.8kg (2)"",""kg"":15.8,""weight_class"":2}","{""raw"":""87.5% M / 12.5% F"",""male_percent"":87.5,""female_percent"":12.5,""genderless"":false}","[""Monster"",""Plant""]","[""Forest"",""Grassland""]",gen8,20,False,"{""unresolved_abilities"":0,""unresolved_move_references"":0,""unresolved_capabilities"":0}"
beartic,Beartic,,,,,,,,True,True,complete,"[""Ice""]","{""hp"":10,""attack"":13,""defense"":8,""special_attack"":7,""special_defense"":8,""speed"":5}","{""raw"":""8' 6\"" / 2.6m (Large)"",""meters"":2.6,""size_class"":""Large""}","{""raw"":""573.2 lbs / 260kg (6)"",""kg"":260.0,""weight_class"":6}","{""raw"":""50% M / 50% F"",""male_percent"":50.0,""female_percent"":50.0,""genderless"":false}","[""Field""]","[""Cave"",""Taiga"",""Tundra""]",gen8,508,False,"{""unresolved_abilities"":0,""unresolved_move_references"":1,""unresolved_capabilities"":0}"
beautifly,Beautifly,,,,,,,,True,True,complete,"[""Bug"",""Flying""]","{""hp"":6,""attack"":7,""defense"":5,""special_attack"":10,""special_defense"":5,""speed"":7}","{""raw"":""3' 3\"" / 1m (Medium)"",""meters"":1.0,""size_class"":""Medium""}","{""raw"":""62.6 lbs / 28.4kg (3)"",""kg"":28.4,""weight_class"":3}","{""raw"":""50% M / 50% F"",""male_percent"":50.0,""female_percent"":50.0,""genderless"":false}","[""Bug""]","[""Forest"",""Rainforest""]",gen8,96,False,"{""unresolved_abilities"":0,""unresolved_move_references"":0,""unresolved_capabilities"":0}"
beedrill,Beedrill,,,,,,,,True,True,complete,"[""Bug"",""Poison""]","{""hp"":7,""attack"":9,""defense"":4,""special_attack"":5,""special_defense"":8,""speed"":8}","{""raw"":""3' 3\"" / 1m (Medium)"",""meters"":1.0,""size_class"":""Medium""}","{""raw"":""65 lbs / 29.5kg (3)"",""kg"":29.5,""weight_class"":3}","{""raw"":""50% M / 50% F"",""male_percent"":50.0,""female_percent"":50.0,""genderless"":false}","[""Bug""]","[""Forest""]",gen8,93,False,"{""unresolved_abilities"":0,""unresolved_move_references"":2,""unresolved_capabilities"":0}"
beheeyem,Beheeyem,,,,,,,,True,True,complete,"[""Psychic""]","{""hp"":8,""attack"":8,""defense"":8,""special_attack"":13,""special_defense"":10,""speed"":4}","{""raw"":""3' 3\"" / 1m (Medium)"",""meters"":1.0,""size_class"":""Medium""}","{""raw"":""76.1 lbs / 34.5kg (3)"",""kg"":34.5,""weight_class"":3}","{""raw"":""50% M / 50% F"",""male_percent"":50.0,""female_percent"":50.0,""genderless"":false}","[""Humanshape""]","[""Mountain"",""Urban""]",gen8,603,False,"{""unresolved_abilities"":0,""unresolved_move_references"":0,""unresolved_capabilities"":0}"
beldum,Beldum,,,,,,,,True,True,complete,"[""Steel"",""Psychic""]","{""hp"":4,""attack"":6,""defense"":8,""special_attack"":4,""special_defense"":6,""speed"":3}","{""raw"":""2' 0\"" / 0.6m (Small)"",""meters"":0.6,""size_class"":""Small""}","{""raw"":""209.9 lbs / 95.2kg (4)"",""kg"":95.2,""weight_class"":4}","{""raw"":""No Gender"",""genderless"":true,""male_percent"":0.0,""female_percent"":0.0}","[""Mineral""]","[""Cave""]",gen8,847,False,"{""unresolved_abilities"":0,""unresolved_move_references"":1,""unresolved_capabilities"":1}"
bellossom,Bellossom,,,,,,,,True,True,complete,"[""Grass""]","{""hp"":8,""attack"":8,""defense"":10,""special_attack"":9,""special_defense"":10,""speed"":5}","{""raw"":""1' 4\"" / 0.4m (Small)"",""meters"":0.4,""size_class"":""Small""}","{""raw"":""12.8 lbs / 5.8kg (1)"",""kg"":5.8,""weight_class"":1}","{""raw"":""50% M / 50% F"",""male_percent"":50.0,""female_percent"":50.0,""genderless"":false}","[""Plant""]","[""Forest"",""Grassland"",""Marsh"",""Rainforest""]",gen8,175,False,"{""unresolved_abilities"":0,""unresolved_move_references"":0,""unresolved_capabilities"":0}"
bellsprout,Bellsprout,,,,,,,,True,True,complete,"[""Grass"",""Poison""]","{""hp"":5,""attack"":8,""defense"":4,""special_attack"":7,""special_defense"":3,""speed"":4}","{""raw"":""2' 4\"" / 0.7m (Small)"",""meters"":0.7,""size_class"":""Small""}","{""raw"":""8.8 lbs / 4kg (1)"",""kg"":4.0,""weight_class"":1}","{""raw"":""50% M / 50% F"",""male_percent"":50.0,""female_percent"":50.0,""genderless"":false}","[""Plant""]","[""Forest"",""Marsh"",""Rainforest""]",gen8,176,False,"{""unresolved_abilities"":0,""unresolved_move_references"":0,""unresolved_capabilities"":0}"
bergmite,Bergmite,,,,,,,,True,True,complete,"[""Ice""]","{""hp"":6,""attack"":7,""defense"":9,""special_attack"":3,""special_defense"":4,""speed"":3}","{""raw"":""3' 3\"" / 1m (Medium)"",""meters"":1.0,""size_class"":""Medium""}","{""raw"":""219.4 lbs / 99.5kg (4)"",""kg"":99.5,""weight_class"":4}","{""raw"":""50% M / 50% F"",""male_percent"":50.0,""female_percent"":50.0,""genderless"":false}","[""Monster""]","[""Mountain"",""Taiga"",""Tundra""]",gen8,509,False,"{""unresolved_abilities"":0,""unresolved_move_references"":0,""unresolved_capabilities"":0}"
bewear,Bewear,,,,,,,,True,True,complete,"[""Normal"",""Fighting""]","{""hp"":12,""attack"":13,""defense"":8,""special_attack"":6,""special_defense"":6,""speed"":6}","{""raw"":""6' 11\"" / 2.1m (Large)"",""meters"":2.1,""size_class"":""Large""}","{""raw"":""297.6 lbs / 135kg (5)"",""kg"":135.0,""weight_class"":5}","{""raw"":""50% M / 50% F"",""male_percent"":50.0,""female_percent"":50.0,""genderless"":false}","[""Field""]","[""Forest"",""Grassland""]",gen8,560,False,"{""unresolved_abilities"":0,""unresolved_move_references"":0,""unresolved_capabilities"":0}"
bibarel,Bibarel,,,,,,,,True,True,complete,"[""Normal"",""Water""]","{""hp"":8,""attack"":9,""defense"":6,""special_attack"":6,""special_defense"":6,""speed"":7}","{""raw"":""3' 3\"" / 1m (Medium)"",""meters"":1.0,""size_class"":""Medium""}","{""raw"":""69.4 lbs / 31.5kg (3)"",""kg"":31.5,""weight_class"":3}","{""raw"":""50% M / 50% F"",""male_percent"":50.0,""female_percent"":50.0,""genderless"":false}","[""Water 1"",""Field""]","[""Forest"",""Grassland"",""Marsh""]",gen8,542,False,"{""unresolved_abilities"":0,""unresolved_move_references"":0,""unresolved_capabilities"":0}"
bidoof,Bidoof,,,,,,,,True,True,complete,"[""Normal""]","{""hp"":6,""attack"":5,""defense"":4,""special_attack"":4,""special_defense"":4,""speed"":3}","{""raw"":""1' 8\"" / 0.5m (Small)"",""meters"":0.5,""size_class"":""Small""}","{""raw"":""44.1 lbs / 20kg (2)"",""kg"":20.0,""weight_class"":2}","{""raw"":""50% M / 50% F"",""male_percent"":50.0,""female_percent"":50.0,""genderless"":false}","[""Water 1"",""Field""]","[""Forest"",""Grassland"",""Marsh""]",gen8,541,False,"{""unresolved_abilities"":0,""unresolved_move_references"":0,""unresolved_capabilities"":0}"
binacle,Binacle,,,,,,,,True,True,complete,"[""Rock"",""Water""]","{""hp"":4,""attack"":5,""defense"":7,""special_attack"":4,""special_defense"":6,""speed"":5}","{""raw"":""1' 8\"" / 0.5m (Small)"",""meters"":0.5,""size_class"":""Small""}","{""raw"":""68.3 lbs / 31kg (3)"",""kg"":31.0,""weight_class"":3}","{""raw"":""50% M / 50% F"",""male_percent"":50.0,""female_percent"":50.0,""genderless"":false}","[""Water 1"",""Water 3""]","[""Beach"",""Ocean""]",gen8,613,False,"{""unresolved_abilities"":0,""unresolved_move_references"":0,""unresolved_capabilities"":0}"
bisharp,Bisharp,,,,,,,,True,True,complete,"[""Dark"",""Steel""]","{""hp"":7,""attack"":13,""defense"":10,""special_attack"":6,""special_defense"":7,""speed"":7}","{""raw"":""5' 3\"" / 1.6m (Medium)"",""meters"":1.6,""size_class"":""Medium""}","{""raw"":""154.3 lbs / 70kg (4)"",""kg"":70.0,""weight_class"":4}","{""raw"":""50% M / 50% F"",""male_percent"":50.0,""female_percent"":50.0,""genderless"":false}","[""Humanshape""]","[""Cave"",""Mountain""]",gen8,359,False,"{""unresolved_abilities"":0,""unresolved_move_references"":0,""unresolved_capabilities"":0}"
blacephalon,Blacephalon,,,,,,,,True,True,complete,"[""Fire"",""Ghost""]","{""hp"":5,""attack"":13,""defense"":5,""special_attack"":15,""special_defense"":8,""speed"":11}","{""raw"":""5' 11\"" / 1.8m (Medium)"",""meters"":1.8,""size_class"":""Medium""}","{""raw"":""28.7 lbs / 13kg (2)"",""kg"":13.0,""weight_class"":2}","{""raw"":""No Gender"",""genderless"":true,""male_percent"":0.0,""female_percent"":0.0}","[""None""]","[""Ultra Space""]",gen8,957,False,"{""unresolved_abilities"":0,""unresolved_move_references"":0,""unresolved_capabilities"":0}"
blastoise,Blastoise,,,,,,,,True,True,complete,"[""Water""]","{""hp"":8,""attack"":8,""defense"":10,""special_attack"":9,""special_defense"":11,""speed"":8}","{""raw"":""5' 3\"" / 1.6m (Medium)"",""meters"":1.6,""size_class"":""Medium""}","{""raw"":""188.5 lbs / 85.5kg (4)"",""kg"":85.5,""weight_class"":4}","{""raw"":""87.5% M / 12.5% F"",""male_percent"":87.5,""female_percent"":12.5,""genderless"":false}","[""Monster"",""Water 1""]","[""Beach"",""Freshwater"",""Ocean""]",gen8,66,False,"{""unresolved_abilities"":0,""unresolved_move_references"":0,""unresolved_capabilities"":0}"
blaziken,Blaziken,,,,,,,,True,True,complete,"[""Fire"",""Fighting""]","{""hp"":8,""attack"":12,""defense"":7,""special_attack"":11,""special_defense"":7,""speed"":8}","{""raw"":""6' 3\"" / 1.9m (Medium)"",""meters"":1.9,""size_class"":""Medium""}","{""raw"":""114.6 lbs / 52kg (4)"",""kg"":52.0,""weight_class"":4}","{""raw"":""87.5% M / 12.5% F"",""male_percent"":87.5,""female_percent"":12.5,""genderless"":false}","[""Field""]","[""Grassland""]",gen8,48,False,"{""unresolved_abilities"":0,""unresolved_move_references"":0,""unresolved_capabilities"":0}"
blipbug,Blipbug,,,,,,,,True,True,complete,"[""Bug""]","{""hp"":3,""attack"":2,""defense"":2,""special_attack"":3,""special_defense"":5,""speed"":5}","{""raw"":""1' 4\"" / 0.4m (Small)"",""meters"":0.4,""size_class"":""Small""}","{""raw"":""17.6 lbs / 8kg (1)"",""kg"":8.0,""weight_class"":1}","{""raw"":""50% M / 50% F"",""male_percent"":50.0,""female_percent"":50.0,""genderless"":false}","[""Bug""]","[""Grassland""]",gen8,111,False,"{""unresolved_abilities"":0,""unresolved_move_references"":1,""unresolved_capabilities"":0}"
blissey,Blissey,,,,,,,,True,True,complete,"[""Normal""]","{""hp"":26,""attack"":1,""defense"":1,""special_attack"":8,""special_defense"":14,""speed"":6}","{""raw"":""4' 11\"" / 1.5m (Medium)"",""meters"":1.5,""size_class"":""Medium""}","{""raw"":""103.2 lbs / 46.8kg (3)"",""kg"":46.8,""weight_class"":3}","{""raw"":""0% M / 100% F"",""male_percent"":0.0,""female_percent"":100.0,""genderless"":false}","[""Fairy""]","[""Grassland"",""Urban""]",gen8,217,False,"{""unresolved_abilities"":0,""unresolved_move_references"":0,""unresolved_capabilities"":0}"
blitzle,Blitzle,,,,,,,,True,True,complete,"[""Electric""]","{""hp"":5,""attack"":6,""defense"":3,""special_attack"":5,""special_defense"":3,""speed"":8}","{""raw"":""2' 7\"" / 0.8m (Small)"",""meters"":0.8,""size_class"":""Small""}","{""raw"":""65.7 lbs / 29.8kg (3)"",""kg"":29.8,""weight_class"":3}","{""raw"":""50% M / 50% F"",""male_percent"":50.0,""female_percent"":50.0,""genderless"":false}","[""Field""]","[""Grassland""]",gen8,370,False,"{""unresolved_abilities"":0,""unresolved_move_references"":0,""unresolved_capabilities"":0}"
boldore,Boldore,,,,,,,,True,True,complete,"[""Rock""]","{""hp"":7,""attack"":11,""defense"":11,""special_attack"":5,""special_defense"":4,""speed"":2}","{""raw"":""2' 11\"" / 0.9m (Medium)"",""meters"":0.9,""size_class"":""Medium""}","{""raw"":""224.9 lbs / 102kg (5)"",""kg"":102.0,""weight_class"":5}","{""raw"":""50% M / 50% F"",""male_percent"":50.0,""female_percent"":50.0,""genderless"":false}","[""Mineral""]","[""Cave"",""Mountain""]",gen8,272,False,"{""unresolved_abilities"":1,""unresolved_move_references"":0,""unresolved_capabilities"":0}"
boltund,Boltund,,,,,,,,True,True,complete,"[""Electric""]","{""hp"":7,""attack"":9,""defense"":6,""special_attack"":9,""special_defense"":6,""speed"":12}","{""raw"":""3' 3\"" / 1m (Medium)"",""meters"":1.0,""size_class"":""Medium""}","{""raw"":""75 lbs / 34kg (3)"",""kg"":34.0,""weight_class"":3}","{""raw"":""50% M / 50% F"",""male_percent"":50.0,""female_percent"":50.0,""genderless"":false}","[""Field""]","[""Grassland"",""Urban""]",gen8,375,False,"{""unresolved_abilities"":0,""unresolved_move_references"":0,""unresolved_capabilities"":0}"
bonsly,Bonsly,,,,,,,,True,True,complete,"[""Rock""]","{""hp"":5,""attack"":8,""defense"":10,""special_attack"":1,""special_defense"":5,""speed"":1}","{""raw"":""1' 8\"" / 0.5m (Small)"",""meters"":0.5,""size_class"":""Small""}","{""raw"":""33.1 lbs / 15kg (2)"",""kg"":15.0,""weight_class"":2}","{""raw"":""50% M / 50% F"",""male_percent"":50.0,""female_percent"":50.0,""genderless"":false}","[""Mineral""]","[""Desert"",""Grassland"",""Taiga""]",gen8,611,False,"{""unresolved_abilities"":0,""unresolved_move_references"":0,""unresolved_capabilities"":0}"
bouffalant,Bouffalant,,,,,,,,True,True,complete,"[""Normal""]","{""hp"":10,""attack"":11,""defense"":10,""special_attack"":4,""special_defense"":10,""speed"":6}","{""raw"":""5' 3\"" / 1.6m (Medium)"",""meters"":1.6,""size_class"":""Medium""}","{""raw"":""208.3 lbs / 94.5kg (4)"",""kg"":94.5,""weight_class"":4}","{""raw"":""50% M / 50% F"",""male_percent"":50.0,""female_percent"":50.0,""genderless"":false}","[""Field""]","[""Grassland""]",gen8,739,False,"{""unresolved_abilities"":0,""unresolved_move_references"":0,""unresolved_capabilities"":0}"
bounsweet,Bounsweet,,,,,,,,True,True,complete,"[""Grass""]","{""hp"":4,""attack"":3,""defense"":4,""special_attack"":3,""special_defense"":4,""speed"":3}","{""raw"":""0' 4\"" / 0.1m (Small)"",""meters"":0.1,""size_class"":""Small""}","{""raw"":""1.3 lbs / 0.6kg (1)"",""kg"":0.6,""weight_class"":1}","{""raw"":""0% M / 100% F"",""male_percent"":0.0,""female_percent"":100.0,""genderless"":false}","[""Plant""]","[""Forest"",""Rainforest""]",gen8,188,False,"{""unresolved_abilities"":0,""unresolved_move_references"":6,""unresolved_capabilities"":0}"
braixen,Braixen,,,,,,,,True,True,complete,"[""Fire""]","{""hp"":6,""attack"":6,""defense"":6,""special_attack"":9,""special_defense"":7,""speed"":7}","{""raw"":""3' 3\"" / 1m (Medium)"",""meters"":1.0,""size_class"":""Medium""}","{""raw"":""32 lbs / 14.5kg (2)"",""kg"":14.5,""weight_class"":2}","{""raw"":""87.5% M / 12.5% F"",""male_percent"":87.5,""female_percent"":12.5,""genderless"":false}","[""Field""]","[""Forest"",""Grassland"",""Urban""]",gen8,56,False,"{""unresolved_abilities"":0,""unresolved_move_references"":0,""unresolved_capabilities"":0}"
braviary,Braviary,,,,,,,,True,True,complete,"[""Normal"",""Flying""]","{""hp"":10,""attack"":12,""defense"":8,""special_attack"":6,""special_defense"":8,""speed"":8}","{""raw"":""4' 11\"" / 1.5m (Medium)"",""meters"":1.5,""size_class"":""Medium""}","{""raw"":""90.4 lbs / 41kg (3)"",""kg"":41.0,""weight_class"":3}","{""raw"":""100% M / 0% F"",""male_percent"":100.0,""female_percent"":0.0,""genderless"":false}","[""Flying""]","[""Forest"",""Mountain""]",gen8,554,False,"{""unresolved_abilities"":0,""unresolved_move_references"":0,""unresolved_capabilities"":0}"
breloom,Breloom,,,,,,,,True,True,complete,"[""Grass"",""Fighting""]","{""hp"":6,""attack"":13,""defense"":8,""special_attack"":6,""special_defense"":6,""speed"":7}","{""raw"":""3' 11\"" / 1.2m (Medium)"",""meters"":1.2,""size_class"":""Medium""}","{""raw"":""86.4 lbs / 39.2kg (3)"",""kg"":39.2,""weight_class"":3}","{""raw"":""50% M / 50% F"",""male_percent"":50.0,""female_percent"":50.0,""genderless"":false}","[""Fairy"",""Plant""]","[""Forest"",""Marsh"",""Rainforest""]",gen8,451,False,"{""unresolved_abilities"":0,""unresolved_move_references"":0,""unresolved_capabilities"":0}"
brionne,Brionne,,,,,,,,True,True,complete,"[""Water""]","{""hp"":6,""attack"":7,""defense"":7,""special_attack"":9,""special_defense"":8,""speed"":5}","{""raw"":""2' 0\"" / 0.6m (Small)"",""meters"":0.6,""size_class"":""Small""}","{""raw"":""38.6 lbs / 17.5kg (2)"",""kg"":17.5,""weight_class"":2}","{""raw"":""87.5% M / 12.5% F"",""male_percent"":87.5,""female_percent"":12.5,""genderless"":false}","[""Water 1"",""Field""]","[""Beach"",""Ocean""]",gen8,83,False,"{""unresolved_abilities"":0,""unresolved_move_references"":0,""unresolved_capabilities"":0}"
bronzong,Bronzong,,,,,,,,True,True,complete,"[""Steel"",""Psychic""]","{""hp"":7,""attack"":9,""defense"":12,""special_attack"":8,""special_defense"":12,""speed"":3}","{""raw"":""4' 3\"" / 1.3m (Medium)"",""meters"":1.3,""size_class"":""Medium""}","{""raw"":""412.3 lbs / 187kg (5)"",""kg"":187.0,""weight_class"":5}","{""raw"":""No Gender"",""genderless"":true,""male_percent"":0.0,""female_percent"":0.0}","[""Mineral""]","[""Cave"",""Mountain""]",gen8,620,False,"{""unresolved_abilities"":0,""unresolved_move_references"":0,""unresolved_capabilities"":1}"
bronzor,Bronzor,,,,,,,,True,True,complete,"[""Steel"",""Psychic""]","{""hp"":6,""attack"":2,""defense"":9,""special_attack"":2,""special_defense"":9,""speed"":2}","{""raw"":""1' 8\"" / 0.5m (Small)"",""meters"":0.5,""size_class"":""Small""}","{""raw"":""133.4 lbs / 60.5kg (4)"",""kg"":60.5,""weight_class"":4}","{""raw"":""No Gender"",""genderless"":true,""male_percent"":0.0,""female_percent"":0.0}","[""Mineral""]","[""Cave"",""Forest"",""Mountain""]",gen8,619,False,"{""unresolved_abilities"":0,""unresolved_move_references"":0,""unresolved_capabilities"":1}"
browt,Browt,,,,,,,10,False,False,external_stub,"[""Grass""]",{},"{""raw"":""0.3m"",""meters"":0.3}","{""raw"":""3.5kg"",""kg"":3.5}","{""raw"":""""}",[],[],pokemon_winds_waves,,False,"{""unresolved_abilities"":0,""unresolved_move_references"":0,""unresolved_capabilities"":0}"
bruxish,Bruxish,,,,,,,,True,True,complete,"[""Water"",""Psychic""]","{""hp"":7,""attack"":11,""defense"":7,""special_attack"":7,""special_defense"":7,""speed"":9}","{""raw"":""2' 11\"" / 0.9m (Small)"",""meters"":0.9,""size_class"":""Small""}","{""raw"":""41.9 lbs / 19kg (2)"",""kg"":19.0,""weight_class"":2}","{""raw"":""50% M / 50% F"",""male_percent"":50.0,""female_percent"":50.0,""genderless"":false}","[""Water 2""]","[""Ocean""]",gen8,769,False,"{""unresolved_abilities"":0,""unresolved_move_references"":0,""unresolved_capabilities"":0}"
budew,Budew,,,,,,,,True,True,complete,"[""Grass"",""Poison""]","{""hp"":4,""attack"":3,""defense"":4,""special_attack"":5,""special_defense"":7,""speed"":6}","{""raw"":""0' 8\"" / 0.2m (Small)"",""meters"":0.2,""size_class"":""Small""}","{""raw"":""2.6 lbs / 1.2kg (1)"",""kg"":1.2,""weight_class"":1}","{""raw"":""50% M / 50% F"",""male_percent"":50.0,""female_percent"":50.0,""genderless"":false}","[""Fairy"",""Plant""]","[""Forest"",""Grassland"",""Rainforest""]",gen8,185,False,"{""unresolved_abilities"":0,""unresolved_move_references"":6,""unresolved_capabilities"":0}"
buizel,Buizel,,,,,,,,True,True,complete,"[""Water""]","{""hp"":6,""attack"":7,""defense"":4,""special_attack"":6,""special_defense"":3,""speed"":9}","{""raw"":""2' 4\"" / 0.7m (Small)"",""meters"":0.7,""size_class"":""Small""}","{""raw"":""65 lbs / 29.5kg (3)"",""kg"":29.5,""weight_class"":3}","{""raw"":""50% M / 50% F"",""male_percent"":50.0,""female_percent"":50.0,""genderless"":false}","[""Water 1"",""Field""]","[""Freshwater"",""Grassland""]",gen8,665,False,"{""unresolved_abilities"":0,""unresolved_move_references"":0,""unresolved_capabilities"":0}"
bulbasaur,Bulbasaur,,,,,,,,True,True,complete,"[""Grass"",""Poison""]","{""hp"":5,""attack"":5,""defense"":5,""special_attack"":7,""special_defense"":7,""speed"":5}","{""raw"":""2' 4\"" / 0.7m (Small)"",""meters"":0.7,""size_class"":""Small""}","{""raw"":""15.2 lbs / 6.9kg (1)"",""kg"":6.9,""weight_class"":1}","{""raw"":""87.5% M / 12.5% F"",""male_percent"":87.5,""female_percent"":12.5,""genderless"":false}","[""Monster"",""Plant""]","[""Forest"",""Grassland"",""Rainforest""]",gen8,16,False,"{""unresolved_abilities"":0,""unresolved_move_references"":0,""unresolved_capabilities"":0}"
buneary,Buneary,,,,,,,,True,True,complete,"[""Normal""]","{""hp"":6,""attack"":7,""defense"":4,""special_attack"":4,""special_defense"":6,""speed"":9}","{""raw"":""1' 4\"" / 0.4m (Small)"",""meters"":0.4,""size_class"":""Small""}","{""raw"":""12.1 lbs / 5.5kg (1)"",""kg"":5.5,""weight_class"":1}","{""raw"":""50% M / 50% F"",""male_percent"":50.0,""female_percent"":50.0,""genderless"":false}","[""Field"",""Humanshape""]","[""Forest"",""Grassland"",""Urban""]",gen8,543,False,"{""unresolved_abilities"":0,""unresolved_move_references"":0,""unresolved_capabilities"":0}"
bunnelby,Bunnelby,,,,,,,,True,True,complete,"[""Normal""]","{""hp"":4,""attack"":4,""defense"":4,""special_attack"":3,""special_defense"":4,""speed"":6}","{""raw"":""1' 4\"" / 0.4m (Small)"",""meters"":0.4,""size_class"":""Small""}","{""raw"":""11 lbs / 5kg (1)"",""kg"":5.0,""weight_class"":1}","{""raw"":""50% M / 50% F"",""male_percent"":50.0,""female_percent"":50.0,""genderless"":false}","[""Field""]","[""Forest"",""Grassland"",""Mountain""]",gen8,555,False,"{""unresolved_abilities"":0,""unresolved_move_references"":0,""unresolved_capabilities"":0}"
burmy,Burmy,,,,,,,,True,True,complete,"[""Bug""]","{""hp"":4,""attack"":3,""defense"":5,""special_attack"":3,""special_defense"":5,""speed"":4}","{""raw"":""0' 8\"" / 0.2m (Small)"",""meters"":0.2,""size_class"":""Small""}","{""raw"":""7.5 lbs / 3.4kg (1)"",""kg"":3.4,""weight_class"":1}","{""raw"":""50% M / 50% F"",""male_percent"":50.0,""female_percent"":50.0,""genderless"":false}","[""Bug""]","[""Desert"",""Forest"",""Rainforest"",""Urban""]",gen8,323,False,"{""unresolved_abilities"":0,""unresolved_move_references"":2,""unresolved_capabilities"":0}"
butterfree,Butterfree,,,,,,,,True,True,complete,"[""Bug"",""Flying""]","{""hp"":6,""attack"":5,""defense"":5,""special_attack"":9,""special_defense"":8,""speed"":7}","{""raw"":""3' 7\"" / 1.1m (Medium)"",""meters"":1.1,""size_class"":""Medium""}","{""raw"":""70.5 lbs / 32kg (3)"",""kg"":32.0,""weight_class"":3}","{""raw"":""50% M / 50% F"",""male_percent"":50.0,""female_percent"":50.0,""genderless"":false}","[""Bug""]","[""Forest""]",gen8,90,False,"{""unresolved_abilities"":0,""unresolved_move_references"":0,""unresolved_capabilities"":0}"
buzzwole,Buzzwole,,,,,,,,True,True,complete,"[""Bug"",""Fighting""]","{""hp"":11,""attack"":14,""defense"":14,""special_attack"":5,""special_defense"":5,""speed"":8}","{""raw"":""7' 10\"" / 2.4m (Large)"",""meters"":2.4,""size_class"":""Large""}","{""raw"":""735.5 lbs / 333.6kg (6)"",""kg"":333.6,""weight_class"":6}","{""raw"":""No Gender"",""genderless"":true,""male_percent"":0.0,""female_percent"":0.0}","[""None""]","[""Ultra Space""]",gen8,948,False,"{""unresolved_abilities"":0,""unresolved_move_references"":0,""unresolved_capabilities"":0}"
cacnea,Cacnea,,,,,,,,True,True,complete,"[""Grass""]","{""hp"":5,""attack"":9,""defense"":4,""special_attack"":9,""special_defense"":4,""speed"":4}","{""raw"":""1' 4\"" / 0.4m (Small)"",""meters"":0.4,""size_class"":""Small""}","{""raw"":""113.1 lbs / 51.3kg (4)"",""kg"":51.3,""weight_class"":4}","{""raw"":""50% M / 50% F"",""male_percent"":50.0,""female_percent"":50.0,""genderless"":false}","[""Plant"",""Humanshape""]","[""Desert""]",gen8,452,False,"{""unresolved_abilities"":0,""unresolved_move_references"":0,""unresolved_capabilities"":0}"
cacturne,Cacturne,,,,,,,,True,True,complete,"[""Grass"",""Dark""]","{""hp"":7,""attack"":12,""defense"":6,""special_attack"":12,""special_defense"":6,""speed"":6}","{""raw"":""4' 3\"" / 1.3m (Medium)"",""meters"":1.3,""size_class"":""Medium""}","{""raw"":""170.6 lbs / 77.4kg (4)"",""kg"":77.4,""weight_class"":4}","{""raw"":""50% M / 50% F"",""male_percent"":50.0,""female_percent"":50.0,""genderless"":false}","[""Plant"",""Humanshape""]","[""Desert""]",gen8,453,False,"{""unresolved_abilities"":0,""unresolved_move_references"":0,""unresolved_capabilities"":0}"
camerupt,Camerupt,,,,,,,,True,True,complete,"[""Fire"",""Ground""]","{""hp"":7,""attack"":10,""defense"":7,""special_attack"":11,""special_defense"":8,""speed"":4}","{""raw"":""6' 3\"" / 1.9m (Large)"",""meters"":1.9,""size_class"":""Large""}","{""raw"":""485 lbs / 220kg (6)"",""kg"":220.0,""weight_class"":6}","{""raw"":""50% M / 50% F"",""male_percent"":50.0,""female_percent"":50.0,""genderless"":false}","[""Field""]","[""Desert"",""Mountain""]",gen8,415,False,"{""unresolved_abilities"":0,""unresolved_move_references"":0,""unresolved_capabilities"":0}"
carbink,Carbink,,,,,,,,True,True,complete,"[""Rock"",""Fairy""]","{""hp"":5,""attack"":5,""defense"":15,""special_attack"":5,""special_defense"":15,""speed"":5}","{""raw"":""1' 0\"" / 0.3m (Small)"",""meters"":0.3,""size_class"":""Small""}","{""raw"":""12.6 lbs / 5.7kg (1)"",""kg"":5.7,""weight_class"":1}","{""raw"":""No Gender"",""genderless"":true,""male_percent"":0.0,""female_percent"":0.0}","[""Fairy"",""Mineral""]","[""Cave""]",gen8,751,False,"{""unresolved_abilities"":0,""unresolved_move_references"":0,""unresolved_capabilities"":0}"
carkol,Carkol,,,,,,,,True,True,complete,"[""Rock"",""Fire""]","{""hp"":8,""attack"":6,""defense"":9,""special_attack"":6,""special_defense"":7,""speed"":5}","{""raw"":""3' 7\"" / 1.1m (Medium)"",""meters"":1.1,""size_class"":""Medium""}","{""raw"":""172 lbs / 78kg (4)"",""kg"":78.0,""weight_class"":4}","{""raw"":""50% M / 50% F"",""male_percent"":50.0,""female_percent"":50.0,""genderless"":false}","[""Mineral""]","[""Cave""]",gen8,275,False,"{""unresolved_abilities"":0,""unresolved_move_references"":0,""unresolved_capabilities"":0}"
carnivine,Carnivine,,,,,,,,True,True,complete,"[""Grass""]","{""hp"":7,""attack"":10,""defense"":7,""special_attack"":9,""special_defense"":7,""speed"":5}","{""raw"":""4' 7\"" / 1.4m (Medium)"",""meters"":1.4,""size_class"":""Medium""}","{""raw"":""59.5 lbs / 27kg (3)"",""kg"":27.0,""weight_class"":3}","{""raw"":""50% M / 50% F"",""male_percent"":50.0,""female_percent"":50.0,""genderless"":false}","[""Plant""]","[""Marsh"",""Rainforest""]",gen8,718,False,"{""unresolved_abilities"":0,""unresolved_move_references"":0,""unresolved_capabilities"":0}"
carracosta,Carracosta,,,,,,,,True,True,complete,"[""Rock"",""Water""]","{""hp"":7,""attack"":11,""defense"":13,""special_attack"":8,""special_defense"":7,""speed"":3}","{""raw"":""3' 11\"" / 1.2m (Medium)"",""meters"":1.2,""size_class"":""Medium""}","{""raw"":""180.8 lbs / 82kg (4)"",""kg"":82.0,""weight_class"":4}","{""raw"":""87.5% M / 12.5% F"",""male_percent"":87.5,""female_percent"":12.5,""genderless"":false}","[""Water 1"",""Water 3""]","[""Ocean""]",gen8,826,False,"{""unresolved_abilities"":0,""unresolved_move_references"":0,""unresolved_capabilities"":0}"
carvanha,Carvanha,,,,,,,,True,True,complete,"[""Water"",""Dark""]","{""hp"":5,""attack"":9,""defense"":2,""special_attack"":7,""special_defense"":2,""speed"":7}","{""raw"":""2' 7\"" / 0.8m (Small)"",""meters"":0.8,""size_class"":""Small""}","{""raw"":""45.9 lbs / 20.8kg (2)"",""kg"":20.8,""weight_class"":2}","{""raw"":""50% M / 50% F"",""male_percent"":50.0,""female_percent"":50.0,""genderless"":false}","[""Water 2""]","[""Freshwater"",""Ocean""]",gen8,652,False,"{""unresolved_abilities"":0,""unresolved_move_references"":0,""unresolved_capabilities"":0}"
cascoon,Cascoon,,,,,,,,True,True,complete,"[""Bug""]","{""hp"":5,""attack"":4,""defense"":6,""special_attack"":3,""special_defense"":3,""speed"":2}","{""raw"":""2' 4\"" / 0.7m (Small)"",""meters"":0.7,""size_class"":""Small""}","{""raw"":""25.4 lbs / 11.5kg (1)"",""kg"":11.5,""weight_class"":1}","{""raw"":""50% M / 50% F"",""male_percent"":50.0,""female_percent"":50.0,""genderless"":false}","[""Bug""]","[""Forest"",""Rainforest""]",gen8,97,False,"{""unresolved_abilities"":0,""unresolved_move_references"":1,""unresolved_capabilities"":0}"
castform,Castform,,,,,,,,True,True,complete,"[""Normal""]","{""hp"":7,""attack"":7,""defense"":7,""special_attack"":7,""special_defense"":7,""speed"":7}","{""raw"":""1' 0\"" / 0.3m (Small)"",""meters"":0.3,""size_class"":""Small""}","{""raw"":""1.8 lbs / 0.8kg (1)"",""kg"":0.8,""weight_class"":1}","{""raw"":""50% M / 50% F"",""male_percent"":50.0,""female_percent"":50.0,""genderless"":false}","[""Fairy"",""Indeterminate""]","[""Forest"",""Urban""]",gen8,735,False,"{""unresolved_abilities"":2,""unresolved_move_references"":0,""unresolved_capabilities"":0}"
caterpie,Caterpie,,,,,,,,True,True,complete,"[""Bug""]","{""hp"":5,""attack"":3,""defense"":4,""special_attack"":2,""special_defense"":2,""speed"":5}","{""raw"":""1' 0\"" / 0.3m (Small)"",""meters"":0.3,""size_class"":""Small""}","{""raw"":""6.4 lbs / 2.9kg (1)"",""kg"":2.9,""weight_class"":1}","{""raw"":""50% M / 50% F"",""male_percent"":50.0,""female_percent"":50.0,""genderless"":false}","[""Bug""]","[""Forest""]",gen8,88,False,"{""unresolved_abilities"":0,""unresolved_move_references"":1,""unresolved_capabilities"":0}"
celebi,Celebi,,,,,,,,True,True,complete,"[""Psychic"",""Grass""]","{""hp"":10,""attack"":10,""defense"":10,""special_attack"":10,""special_defense"":10,""speed"":10}","{""raw"":""2' 0\"" / 0.6m (Small)"",""meters"":0.6,""size_class"":""Small""}","{""raw"":""11 lbs / 5kg (1)"",""kg"":5.0,""weight_class"":1}","{""raw"":""No Gender"",""genderless"":true,""male_percent"":0.0,""female_percent"":0.0}","[""None""]","[""Forest"",""Rainforest""]",gen8,876,False,"{""unresolved_abilities"":0,""unresolved_move_references"":0,""unresolved_capabilities"":0}"
celesteela,Celesteela,,,,,,,,True,True,complete,"[""Steel"",""Flying""]","{""hp"":10,""attack"":10,""defense"":10,""special_attack"":11,""special_defense"":10,""speed"":6}","{""raw"":""30' 2\"" / 9.2m (Gigantic)"",""meters"":9.2,""size_class"":""Gigantic""}","{""raw"":""2204.4 lbs / 999.9kg (6)"",""kg"":999.9,""weight_class"":6}","{""raw"":""No Gender"",""genderless"":true,""male_percent"":0.0,""female_percent"":0.0}","[""None""]","[""Ultra Space""]",gen8,951,False,"{""unresolved_abilities"":0,""unresolved_move_references"":0,""unresolved_capabilities"":0}"
centiskorch,Centiskorch,,,,,,,,True,True,complete,"[""Fire"",""Bug""]","{""hp"":10,""attack"":12,""defense"":7,""special_attack"":9,""special_defense"":9,""speed"":7}","{""raw"":""9' 10\"" / 3m (Huge)"",""meters"":3.0,""size_class"":""Huge""}","{""raw"":""264.6 lbs / 120kg (5)"",""kg"":120.0,""weight_class"":5}","{""raw"":""50% M / 50% F"",""male_percent"":50.0,""female_percent"":50.0,""genderless"":false}","[""Bug""]","[""Grassland"",""Forest""]",gen8,424,False,"{""unresolved_abilities"":0,""unresolved_move_references"":0,""unresolved_capabilities"":0}"
chandelure,Chandelure,,,,,,,,True,True,complete,"[""Ghost"",""Fire""]","{""hp"":6,""attack"":6,""defense"":9,""special_attack"":15,""special_defense"":9,""speed"":8}","{""raw"":""3' 3\"" / 1m (Medium)"",""meters"":1.0,""size_class"":""Medium""}","{""raw"":""75.6 lbs / 34.3kg (3)"",""kg"":34.3,""weight_class"":3}","{""raw"":""50% M / 50% F"",""male_percent"":50.0,""female_percent"":50.0,""genderless"":false}","[""Indeterminate""]","[""Cave"",""Urban""]",gen8,171,False,"{""unresolved_abilities"":0,""unresolved_move_references"":3,""unresolved_capabilities"":0}"
chansey,Chansey,,,,,,,,True,True,complete,"[""Normal""]","{""hp"":25,""attack"":1,""defense"":1,""special_attack"":4,""special_defense"":11,""speed"":5}","{""raw"":""3' 7\"" / 1.1m (Medium)"",""meters"":1.1,""size_class"":""Medium""}","{""raw"":""76.3 lbs / 34.6kg (3)"",""kg"":34.6,""weight_class"":3}","{""raw"":""0% M / 100% F"",""male_percent"":0.0,""female_percent"":100.0,""genderless"":false}","[""Fairy""]","[""Grassland"",""Urban""]",gen8,216,False,"{""unresolved_abilities"":0,""unresolved_move_references"":0,""unresolved_capabilities"":0}"
charizard,Charizard,,,,,,,,True,True,complete,"[""Fire"",""Flying""]","{""hp"":8,""attack"":8,""defense"":8,""special_attack"":11,""special_defense"":9,""speed"":10}","{""raw"":""5' 7\"" / 1.7m (Medium)"",""meters"":1.7,""size_class"":""Medium""}","{""raw"":""199.5 lbs / 90.5kg (4)"",""kg"":90.5,""weight_class"":4}","{""raw"":""87.5% M / 12.5% F"",""male_percent"":87.5,""female_percent"":12.5,""genderless"":false}","[""Monster"",""Dragon""]","[""Cave"",""Mountain""]",gen8,42,False,"{""unresolved_abilities"":0,""unresolved_move_references"":0,""unresolved_capabilities"":0}"
charjabug,Charjabug,,,,,,,,True,True,complete,"[""Bug"",""Electric""]","{""hp"":6,""attack"":8,""defense"":10,""special_attack"":6,""special_defense"":8,""speed"":4}","{""raw"":""1' 8\"" / 0.5m (Small)"",""meters"":0.5,""size_class"":""Small""}","{""raw"":""9.7 lbs / 4.4kg (1)"",""kg"":4.4,""weight_class"":1}","{""raw"":""50% M / 50% F"",""male_percent"":50.0,""female_percent"":50.0,""genderless"":false}","[""Bug""]","[""Forest"",""Grassland""]",gen8,109,False,"{""unresolved_abilities"":1,""unresolved_move_references"":0,""unresolved_capabilities"":0}"
charmander,Charmander,,,,,,,,True,True,complete,"[""Fire""]","{""hp"":4,""attack"":5,""defense"":4,""special_attack"":6,""special_defense"":5,""speed"":7}","{""raw"":""2' 0\"" / 0.6m (Small)"",""meters"":0.6,""size_class"":""Small""}","{""raw"":""18.7 lbs / 8.5kg (1)"",""kg"":8.5,""weight_class"":1}","{""raw"":""87.5% M / 12.5% F"",""male_percent"":87.5,""female_percent"":12.5,""genderless"":false}","[""Monster"",""Dragon""]","[""Cave"",""Mountain""]",gen8,40,False,"{""unresolved_abilities"":0,""unresolved_move_references"":0,""unresolved_capabilities"":0}"
charmeleon,Charmeleon,,,,,,,,True,True,complete,"[""Fire""]","{""hp"":6,""attack"":6,""defense"":6,""special_attack"":8,""special_defense"":7,""speed"":8}","{""raw"":""3' 7\"" / 1.1m (Medium)"",""meters"":1.1,""size_class"":""Medium""}","{""raw"":""41.9 lbs / 19kg (2)"",""kg"":19.0,""weight_class"":2}","{""raw"":""87.5% M / 12.5% F"",""male_percent"":87.5,""female_percent"":12.5,""genderless"":false}","[""Monster"",""Dragon""]","[""Cave"",""Mountain""]",gen8,41,False,"{""unresolved_abilities"":0,""unresolved_move_references"":0,""unresolved_capabilities"":0}"
chatot,Chatot,,,,,,,,True,True,complete,"[""Normal"",""Flying""]","{""hp"":8,""attack"":7,""defense"":5,""special_attack"":9,""special_defense"":4,""speed"":9}","{""raw"":""1' 8\"" / 0.5m (Small)"",""meters"":0.5,""size_class"":""Small""}","{""raw"":""4.2 lbs / 1.9kg (1)"",""kg"":1.9,""weight_class"":1}","{""raw"":""50% M / 50% F"",""male_percent"":50.0,""female_percent"":50.0,""genderless"":false}","[""Flying""]","[""Forest"",""Rainforest""]",gen8,737,False,"{""unresolved_abilities"":0,""unresolved_move_references"":0,""unresolved_capabilities"":0}"
cherrim,Cherrim,,,,,,,,True,True,complete,"[""Grass""]","{""hp"":7,""attack"":6,""defense"":7,""special_attack"":9,""special_defense"":8,""speed"":9}","{""raw"":""1' 8\"" / 0.5m (Small)"",""meters"":0.5,""size_class"":""Small""}","{""raw"":""20.5 lbs / 9.3kg (1)"",""kg"":9.3,""weight_class"":1}","{""raw"":""50% M / 50% F"",""male_percent"":50.0,""female_percent"":50.0,""genderless"":false}","[""Fairy"",""Plant""]","[""Forest"",""Rainforest""]",gen8,455,False,"{""unresolved_abilities"":0,""unresolved_move_references"":0,""unresolved_capabilities"":0}"
cherubi,Cherubi,,,,,,,,True,True,complete,"[""Grass""]","{""hp"":5,""attack"":4,""defense"":5,""special_attack"":6,""special_defense"":5,""speed"":4}","{""raw"":""1' 4\"" / 0.4m (Small)"",""meters"":0.4,""size_class"":""Small""}","{""raw"":""7.3 lbs / 3.3kg (1)"",""kg"":3.3,""weight_class"":1}","{""raw"":""50% M / 50% F"",""male_percent"":50.0,""female_percent"":50.0,""genderless"":false}","[""Fairy"",""Plant""]","[""Forest"",""Rainforest""]",gen8,454,False,"{""unresolved_abilities"":0,""unresolved_move_references"":0,""unresolved_capabilities"":0}"
chesnaught,Chesnaught,,,,,,,,True,True,complete,"[""Grass"",""Fighting""]","{""hp"":9,""attack"":11,""defense"":12,""special_attack"":7,""special_defense"":8,""speed"":6}","{""raw"":""5' 3\"" / 1.6m (Medium)"",""meters"":1.6,""size_class"":""Medium""}","{""raw"":""198.4 lbs / 90kg (4)"",""kg"":90.0,""weight_class"":4}","{""raw"":""87.5% M / 12.5% F"",""male_percent"":87.5,""female_percent"":12.5,""genderless"":false}","[""Field""]","[""Forest"",""Grassland"",""Rainforest""]",gen8,33,False,"{""unresolved_abilities"":0,""unresolved_move_references"":0,""unresolved_capabilities"":0}"
chespin,Chespin,,,,,,,,True,True,complete,"[""Grass""]","{""hp"":6,""attack"":6,""defense"":7,""special_attack"":5,""special_defense"":5,""speed"":4}","{""raw"":""1' 4\"" / 0.4m (Small)"",""meters"":0.4,""size_class"":""Small""}","{""raw"":""19.8 lbs / 9kg (1)"",""kg"":9.0,""weight_class"":1}","{""raw"":""87.5% M / 12.5% F"",""male_percent"":87.5,""female_percent"":12.5,""genderless"":false}","[""Field""]","[""Forest"",""Grassland"",""Rainforest""]",gen8,31,False,"{""unresolved_abilities"":0,""unresolved_move_references"":0,""unresolved_capabilities"":0}"
chewtle,Chewtle,,,,,,,,True,True,complete,"[""Water""]","{""hp"":5,""attack"":6,""defense"":5,""special_attack"":4,""special_defense"":4,""speed"":4}","{""raw"":""1' 0\"" / 0.3m (Small)"",""meters"":0.3,""size_class"":""Small""}","{""raw"":""18.7 lbs / 8.5kg (1)"",""kg"":8.5,""weight_class"":1}","{""raw"":""50% M / 50% F"",""male_percent"":50.0,""female_percent"":50.0,""genderless"":false}","[""Monster"",""Water 1""]","[""Freshwater""]",gen8,681,False,"{""unresolved_abilities"":0,""unresolved_move_references"":3,""unresolved_capabilities"":0}"
chickute,Chickute,,,,,,,,True,True,complete,"[""Ground""]","{""hp"":4,""attack"":6,""defense"":5,""special_attack"":2,""special_defense"":3,""speed"":4}","{""raw"":""0' 3'' / 0.1m (Tiny)"",""meters"":0.1,""size_class"":""Tiny""}","{""raw"":""3.0 lbs / 1.2Kg (1)"",""kg"":1.2,""weight_class"":1}","{""raw"":""12,5%M / 87,5%F"",""male_percent"":12.5,""female_percent"":87.5,""genderless"":false}","[""Monster""]","[""Urban""]",chickute,1,False,"{""unresolved_abilities"":0,""unresolved_move_references"":1,""unresolved_capabilities"":0}"
chikorita,Chikorita,,,,,,,,True,True,complete,"[""Grass""]","{""hp"":5,""attack"":5,""defense"":7,""special_attack"":5,""special_defense"":7,""speed"":5}","{""raw"":""2' 11\"" / 0.9m (Small)"",""meters"":0.9,""size_class"":""Small""}","{""raw"":""14.1 lbs / 6.4kg (1)"",""kg"":6.4,""weight_class"":1}","{""raw"":""87.5% M / 12.5% F"",""male_percent"":87.5,""female_percent"":12.5,""genderless"":false}","[""Monster"",""Plant""]","[""Forest"",""Grassland""]",gen8,19,False,"{""unresolved_abilities"":0,""unresolved_move_references"":0,""unresolved_capabilities"":0}"
chimchar,Chimchar,,,,,,,,True,True,complete,"[""Fire""]","{""hp"":4,""attack"":6,""defense"":4,""special_attack"":6,""special_defense"":4,""speed"":6}","{""raw"":""1' 8\"" / 0.5m (Small)"",""meters"":0.5,""size_class"":""Small""}","{""raw"":""13.7 lbs / 6.2kg (1)"",""kg"":6.2,""weight_class"":1}","{""raw"":""87.5% M / 12.5% F"",""male_percent"":87.5,""female_percent"":12.5,""genderless"":false}","[""Field"",""Humanshape""]","[""Cave"",""Mountain""]",gen8,49,False,"{""unresolved_abilities"":0,""unresolved_move_references"":0,""unresolved_capabilities"":0}"
chimecho,Chimecho,,,,,,,,True,True,complete,"[""Psychic""]","{""hp"":8,""attack"":5,""defense"":8,""special_attack"":10,""special_defense"":9,""speed"":7}","{""raw"":""2' 0\"" / 0.6m (Small)"",""meters"":0.6,""size_class"":""Small""}","{""raw"":""2.2 lbs / 1kg (1)"",""kg"":1.0,""weight_class"":1}","{""raw"":""50% M / 50% F"",""male_percent"":50.0,""female_percent"":50.0,""genderless"":false}","[""Indeterminate""]","[""Cave"",""Urban""]",gen8,597,False,"{""unresolved_abilities"":0,""unresolved_move_references"":0,""unresolved_capabilities"":0}"
chinchou,Chinchou,,,,,,,,True,True,complete,"[""Water"",""Electric""]","{""hp"":8,""attack"":4,""defense"":4,""special_attack"":6,""special_defense"":6,""speed"":7}","{""raw"":""1' 8\"" / 0.5m (Small)"",""meters"":0.5,""size_class"":""Small""}","{""raw"":""26.5 lbs / 12kg (2)"",""kg"":12.0,""weight_class"":2}","{""raw"":""50% M / 50% F"",""male_percent"":50.0,""female_percent"":50.0,""genderless"":false}","[""Water 2""]","[""Ocean""]",gen8,642,False,"{""unresolved_abilities"":0,""unresolved_move_references"":0,""unresolved_capabilities"":0}"
chingling,Chingling,,,,,,,,True,True,complete,"[""Psychic""]","{""hp"":5,""attack"":3,""defense"":5,""special_attack"":7,""special_defense"":5,""speed"":5}","{""raw"":""0' 8\"" / 0.2m (Small)"",""meters"":0.2,""size_class"":""Small""}","{""raw"":""1.3 lbs / 0.6kg (1)"",""kg"":0.6,""weight_class"":1}","{""raw"":""50% M / 50% F"",""male_percent"":50.0,""female_percent"":50.0,""genderless"":false}","[""Indeterminate""]","[""Cave"",""Urban""]",gen8,596,False,"{""unresolved_abilities"":0,""unresolved_move_references"":5,""unresolved_capabilities"":0}"
cinccino,Cinccino,,,,,,,,True,True,complete,"[""Normal""]","{""hp"":8,""attack"":10,""defense"":6,""special_attack"":7,""special_defense"":6,""speed"":12}","{""raw"":""1' 8\"" / 0.5m (Small)"",""meters"":0.5,""size_class"":""Small""}","{""raw"":""16.5 lbs / 7.5kg (1)"",""kg"":7.5,""weight_class"":1}","{""raw"":""25% M / 75% F"",""male_percent"":25.0,""female_percent"":75.0,""genderless"":false}","[""Field""]","[""Forest"",""Grassland"",""Urban""]",gen8,550,False,"{""unresolved_abilities"":0,""unresolved_move_references"":0,""unresolved_capabilities"":0}"
cinderace,Cinderace,,,,,,,,True,True,complete,"[""Fire""]","{""hp"":8,""attack"":12,""defense"":8,""special_attack"":7,""special_defense"":8,""speed"":12}","{""raw"":""4' 7\"" / 1.4m (Medium)"",""meters"":1.4,""size_class"":""Medium""}","{""raw"":""72.8 lbs / 33kg (3)"",""kg"":33.0,""weight_class"":3}","{""raw"":""87.5% M / 12.5% F"",""male_percent"":87.5,""female_percent"":12.5,""genderless"":false}","[""Field"",""Humanshape""]","[""Grassland""]",gen8,63,False,"{""unresolved_abilities"":0,""unresolved_move_references"":0,""unresolved_capabilities"":0}"
clamperl,Clamperl,,,,,,,,True,True,complete,"[""Water""]","{""hp"":4,""attack"":6,""defense"":9,""special_attack"":7,""special_defense"":6,""speed"":3}","{""raw"":""1' 4\"" / 0.4m (Small)"",""meters"":0.4,""size_class"":""Small""}","{""raw"":""115.7 lbs / 52.5kg (5)"",""kg"":52.5,""weight_class"":5}","{""raw"":""50% M / 50% F"",""male_percent"":50.0,""female_percent"":50.0,""genderless"":false}","[""Water 1""]","[""Ocean""]",gen8,662,False,"{""unresolved_abilities"":0,""unresolved_move_references"":3,""unresolved_capabilities"":0}"
clauncher,Clauncher,,,,,,,,True,True,complete,"[""Water""]","{""hp"":5,""attack"":5,""defense"":6,""special_attack"":6,""special_defense"":6,""speed"":4}","{""raw"":""1' 8\"" / 0.5m (Small)"",""meters"":0.5,""size_class"":""Small""}","{""raw"":""18.3 lbs / 8.3kg (1)"",""kg"":8.3,""weight_class"":1}","{""raw"":""50% M / 50% F"",""male_percent"":50.0,""female_percent"":50.0,""genderless"":false}","[""Water 1"",""Water 3""]","[""Ocean""]",gen8,677,False,"{""unresolved_abilities"":0,""unresolved_move_references"":0,""unresolved_capabilities"":0}"
clawitzer,Clawitzer,,,,,,,,True,True,complete,"[""Water""]","{""hp"":7,""attack"":7,""defense"":9,""special_attack"":12,""special_defense"":9,""speed"":6}","{""raw"":""4' 3\"" / 1.3m (Medium)"",""meters"":1.3,""size_class"":""Medium""}","{""raw"":""77.8 lbs / 35.3kg (3)"",""kg"":35.3,""weight_class"":3}","{""raw"":""50% M / 50% F"",""male_percent"":50.0,""female_percent"":50.0,""genderless"":false}","[""Water 1"",""Water 3""]","[""Ocean""]",gen8,678,False,"{""unresolved_abilities"":0,""unresolved_move_references"":0,""unresolved_capabilities"":0}"
claydol,Claydol,,,,,,,,True,True,complete,"[""Ground"",""Psychic""]","{""hp"":6,""attack"":7,""defense"":11,""special_attack"":7,""special_defense"":12,""speed"":8}","{""raw"":""4' 11\"" / 1.5m (Medium)"",""meters"":1.5,""size_class"":""Medium""}","{""raw"":""238.1 lbs / 108kg (5)"",""kg"":108.0,""weight_class"":5}","{""raw"":""No Gender"",""genderless"":true,""male_percent"":0.0,""female_percent"":0.0}","[""Mineral""]","[""Cave"",""Desert""]",gen8,491,False,"{""unresolved_abilities"":0,""unresolved_move_references"":0,""unresolved_capabilities"":1}"
clefable,Clefable,,,,,,,,True,True,complete,"[""Fairy""]","{""hp"":10,""attack"":7,""defense"":7,""special_attack"":10,""special_defense"":9,""speed"":6}","{""raw"":""4' 3\"" / 1.3m (Medium)"",""meters"":1.3,""size_class"":""Medium""}","{""raw"":""88.2 lbs / 40kg (3)"",""kg"":40.0,""weight_class"":3}","{""raw"":""25% M / 75% F"",""male_percent"":25.0,""female_percent"":75.0,""genderless"":false}","[""Fairy""]","[""Cave"",""Mountain""]",gen8,141,False,"{""unresolved_abilities"":0,""unresolved_move_references"":0,""unresolved_capabilities"":0}"
clefairy,Clefairy,,,,,,,,True,True,complete,"[""Fairy""]","{""hp"":7,""attack"":5,""defense"":5,""special_attack"":6,""special_defense"":7,""speed"":4}","{""raw"":""2' 0\"" / 0.6m (Small)"",""meters"":0.6,""size_class"":""Small""}","{""raw"":""16.5 lbs / 7.5kg (1)"",""kg"":7.5,""weight_class"":1}","{""raw"":""25% M / 75% F"",""male_percent"":25.0,""female_percent"":75.0,""genderless"":false}","[""Fairy""]","[""Cave"",""Mountain""]",gen8,140,False,"{""unresolved_abilities"":0,""unresolved_move_references"":0,""unresolved_capabilities"":0}"
cleffa,Cleffa,,,,,,,,True,True,complete,"[""Fairy""]","{""hp"":5,""attack"":3,""defense"":3,""special_attack"":5,""special_defense"":6,""speed"":2}","{""raw"":""1' 0\"" / 0.3m (Small)"",""meters"":0.3,""size_class"":""Small""}","{""raw"":""6.6 lbs / 3kg (1)"",""kg"":3.0,""weight_class"":1}","{""raw"":""25% M / 75% F"",""male_percent"":25.0,""female_percent"":75.0,""genderless"":false}","[""Fairy""]","[""Cave"",""Mountain""]",gen8,139,False,"{""unresolved_abilities"":0,""unresolved_move_references"":9,""unresolved_capabilities"":0}"
clobbopus,Clobbopus,,,,,,,,True,True,complete,"[""Fighting""]","{""hp"":5,""attack"":7,""defense"":6,""special_attack"":5,""special_defense"":5,""speed"":3}","{""raw"":""2' 0\"" / 0.6m (Small)"",""meters"":0.6,""size_class"":""Small""}","{""raw"":""8.8 lbs / 4kg (1)"",""kg"":4.0,""weight_class"":1}","{""raw"":""50% M / 50% F"",""male_percent"":50.0,""female_percent"":50.0,""genderless"":false}","[""Water 1"",""Humanshape""]","[""Ocean""]",gen8,404,False,"{""unresolved_abilities"":0,""unresolved_move_references"":0,""unresolved_capabilities"":0}"
cloyster,Cloyster,,,,,,,,True,True,complete,"[""Water"",""Ice""]","{""hp"":5,""attack"":10,""defense"":18,""special_attack"":9,""special_defense"":5,""speed"":7}","{""raw"":""4' 11\"" / 1.5m (Medium)"",""meters"":1.5,""size_class"":""Medium""}","{""raw"":""292.1 lbs / 132.5kg (5)"",""kg"":132.5,""weight_class"":5}","{""raw"":""50% M / 50% F"",""male_percent"":50.0,""female_percent"":50.0,""genderless"":false}","[""Water 3""]","[""Arctic"",""Ocean""]",gen8,633,False,"{""unresolved_abilities"":0,""unresolved_move_references"":0,""unresolved_capabilities"":0}"
coalossal,Coalossal,,,,,,,,True,True,complete,"[""Rock"",""Fire""]","{""hp"":11,""attack"":8,""defense"":12,""special_attack"":8,""special_defense"":9,""speed"":3}","{""raw"":""9' 2\"" / 2.8m (Huge)"",""meters"":2.8,""size_class"":""Huge""}","{""raw"":""684.5 lbs / 310.5kg (6)"",""kg"":310.5,""weight_class"":6}","{""raw"":""50% M / 50% F"",""male_percent"":50.0,""female_percent"":50.0,""genderless"":false}","[""Mineral""]","[""Cave""]",gen8,276,False,"{""unresolved_abilities"":0,""unresolved_move_references"":0,""unresolved_capabilities"":0}"
cobalion,Cobalion,,,,,,,,True,True,complete,"[""Steel"",""Fighting""]","{""hp"":9,""attack"":9,""defense"":13,""special_attack"":9,""special_defense"":7,""speed"":11}","{""raw"":""6' 11\"" / 2.1m (Large)"",""meters"":2.1,""size_class"":""Large""}","{""raw"":""551.2 lbs / 250kg (6)"",""kg"":250.0,""weight_class"":6}","{""raw"":""No Gender"",""genderless"":true,""male_percent"":0.0,""female_percent"":0.0}","[""None""]","[""Cave"",""Mountain""]",gen8,907,False,"{""unresolved_abilities"":0,""unresolved_move_references"":0,""unresolved_capabilities"":0}"
cofagrigus,Cofagrigus,,,,,,,,True,True,complete,"[""Ghost""]","{""hp"":6,""attack"":5,""defense"":15,""special_attack"":10,""special_defense"":11,""speed"":3}","{""raw"":""5' 7\"" / 1.7m (Medium)"",""meters"":1.7,""size_class"":""Medium""}","{""raw"":""168.7 lbs / 76.5kg (4)"",""kg"":76.5,""weight_class"":4}","{""raw"":""50% M / 50% F"",""male_percent"":50.0,""female_percent"":50.0,""genderless"":false}","[""Mineral"",""Indeterminate""]","[""Desert""]",gen8,434,False,"{""unresolved_abilities"":0,""unresolved_move_references"":1,""unresolved_capabilities"":0}"
combee,Combee,,,,,,,,True,True,complete,"[""Bug"",""Flying""]","{""hp"":3,""attack"":3,""defense"":4,""special_attack"":3,""special_defense"":4,""speed"":7}","{""raw"":""1' 0\"" / 0.3m (Small)"",""meters"":0.3,""size_class"":""Small""}","{""raw"":""12.1 lbs / 5.5kg (1)"",""kg"":5.5,""weight_class"":1}","{""raw"":""87.5% M / 12.5% F"",""male_percent"":87.5,""female_percent"":12.5,""genderless"":false}","[""Bug""]","[""Forest""]",gen8,328,False,"{""unresolved_abilities"":0,""unresolved_move_references"":4,""unresolved_capabilities"":0}"
combusken,Combusken,,,,,,,,True,True,complete,"[""Fire"",""Fighting""]","{""hp"":6,""attack"":9,""defense"":6,""special_attack"":9,""special_defense"":6,""speed"":6}","{""raw"":""2' 11\"" / 0.9m (Small)"",""meters"":0.9,""size_class"":""Small""}","{""raw"":""43 lbs / 19.5kg (2)"",""kg"":19.5,""weight_class"":2}","{""raw"":""87.5% M / 12.5% F"",""male_percent"":87.5,""female_percent"":12.5,""genderless"":false}","[""Field""]","[""Grassland""]",gen8,47,False,"{""unresolved_abilities"":0,""unresolved_move_references"":0,""unresolved_capabilities"":0}"
comfey,Comfey,,,,,,,,True,True,complete,"[""Fairy""]","{""hp"":5,""attack"":5,""defense"":9,""special_attack"":8,""special_defense"":11,""speed"":10}","{""raw"":""0' 4\"" / 0.1m (Small)"",""meters"":0.1,""size_class"":""Small""}","{""raw"":""0.7 lbs / 0.3kg (1)"",""kg"":0.3,""weight_class"":1}","{""raw"":""25% M / 75% F"",""male_percent"":25.0,""female_percent"":75.0,""genderless"":false}","[""Plant""]","[""Forest"",""Rainforest""]",gen8,704,False,"{""unresolved_abilities"":0,""unresolved_move_references"":0,""unresolved_capabilities"":1}"
conkeldurr,Conkeldurr,,,,,,,,True,True,complete,"[""Fighting""]","{""hp"":11,""attack"":14,""defense"":10,""special_attack"":6,""special_defense"":7,""speed"":5}","{""raw"":""4' 11\"" / 1.5m (Medium)"",""meters"":1.5,""size_class"":""Medium""}","{""raw"":""191.8 lbs / 87kg (4)"",""kg"":87.0,""weight_class"":4}","{""raw"":""75% M / 25% F"",""male_percent"":75.0,""female_percent"":25.0,""genderless"":false}","[""Humanshape""]","[""Mountain""]",gen8,153,False,"{""unresolved_abilities"":0,""unresolved_move_references"":0,""unresolved_capabilities"":0}"
copperajah,Copperajah,,,,,,,,True,True,complete,"[""Steel""]","{""hp"":12,""attack"":13,""defense"":7,""special_attack"":8,""special_defense"":7,""speed"":3}","{""raw"":""9' 10\"" / 3m (Huge)"",""meters"":3.0,""size_class"":""Huge""}","{""raw"":""1433 lbs / 650kg (6)"",""kg"":650.0,""weight_class"":6}","{""raw"":""50% M / 50% F"",""male_percent"":50.0,""female_percent"":50.0,""genderless"":false}","[""Field"",""Mineral""]","[""Grassland"",""Mountain""]",gen8,622,False,"{""unresolved_abilities"":0,""unresolved_move_references"":0,""unresolved_capabilities"":0}"
corphish,Corphish,,,,,,,,True,True,complete,"[""Water""]","{""hp"":4,""attack"":8,""defense"":7,""special_attack"":5,""special_defense"":4,""speed"":4}","{""raw"":""2' 0\"" / 0.6m (Small)"",""meters"":0.6,""size_class"":""Small""}","{""raw"":""25.4 lbs / 11.5kg (2)"",""kg"":11.5,""weight_class"":2}","{""raw"":""50% M / 50% F"",""male_percent"":50.0,""female_percent"":50.0,""genderless"":false}","[""Water 1"",""Water 3""]","[""Marsh"",""Ocean""]",gen8,658,False,"{""unresolved_abilities"":0,""unresolved_move_references"":0,""unresolved_capabilities"":0}"
corsola,Corsola,,,,,,,,True,True,complete,"[""Water"",""Rock""]","{""hp"":7,""attack"":6,""defense"":10,""special_attack"":7,""special_defense"":10,""speed"":4}","{""raw"":""2' 0\"" / 0.6m (Small)"",""meters"":0.6,""size_class"":""Small""}","{""raw"":""11 lbs / 5kg (1)"",""kg"":5.0,""weight_class"":1}","{""raw"":""25% M / 75% F"",""male_percent"":25.0,""female_percent"":75.0,""genderless"":false}","[""Water 1"",""Water 3""]","[""Ocean""]",gen8,761,False,"{""unresolved_abilities"":0,""unresolved_move_references"":0,""unresolved_capabilities"":0}"
corsola-galar,CORSOLA Galar,,,,,,,,True,True,complete,"[""Ghost""]","{""hp"":6,""attack"":6,""defense"":10,""special_attack"":7,""special_defense"":10,""speed"":3}","{""raw"":""2' 0\"" / 0.6m (Small)"",""meters"":0.6,""size_class"":""Small""}","{""raw"":""1.1 lbs / 0.5kg (1)"",""kg"":0.5,""weight_class"":1}","{""raw"":""25% M / 75% F"",""male_percent"":25.0,""female_percent"":75.0,""genderless"":false}","[""Water 1"",""Water 3""]","[""Ocean""]",gen8,802,False,"{""unresolved_abilities"":0,""unresolved_move_references"":0,""unresolved_capabilities"":0}"
corviknight,Corviknight,,,,,,,,True,True,complete,"[""Flying"",""Steel""]","{""hp"":10,""attack"":9,""defense"":11,""special_attack"":5,""special_defense"":9,""speed"":7}","{""raw"":""7' 3\"" / 2.2m (Large)"",""meters"":2.2,""size_class"":""Large""}","{""raw"":""165.3 lbs / 75kg (4)"",""kg"":75.0,""weight_class"":4}","{""raw"":""50% M / 50% F"",""male_percent"":50.0,""female_percent"":50.0,""genderless"":false}","[""Flying""]","[""Forest"",""Grassland""]",gen8,162,False,"{""unresolved_abilities"":0,""unresolved_move_references"":0,""unresolved_capabilities"":0}"
corvisquire,Corvisquire,,,,,,,,True,True,complete,"[""Flying""]","{""hp"":7,""attack"":7,""defense"":6,""special_attack"":4,""special_defense"":6,""speed"":8}","{""raw"":""2' 7\"" / 0.8m (Small)"",""meters"":0.8,""size_class"":""Small""}","{""raw"":""35.3 lbs / 16kg (2)"",""kg"":16.0,""weight_class"":2}","{""raw"":""50% M / 50% F"",""male_percent"":50.0,""female_percent"":50.0,""genderless"":false}","[""Flying""]","[""Forest"",""Grassland""]",gen8,161,False,"{""unresolved_abilities"":0,""unresolved_move_references"":3,""unresolved_capabilities"":0}"
cosmoem,Cosmoem,,,,,,,,True,True,complete,"[""Psychic""]","{""hp"":4,""attack"":3,""defense"":13,""special_attack"":3,""special_defense"":13,""speed"":4}","{""raw"":""0' 4\"" / 0.1m (Small)"",""meters"":0.1,""size_class"":""Small""}","{""raw"":""2204.4 lbs / 999.9kg (6)"",""kg"":999.9,""weight_class"":6}","{""raw"":""No Gender"",""genderless"":true,""male_percent"":0.0,""female_percent"":0.0}","[""None""]","[""Ultra Space""]",gen8,941,False,"{""unresolved_abilities"":0,""unresolved_move_references"":7,""unresolved_capabilities"":0}"
cosmog,Cosmog,,,,,,,,True,True,complete,"[""Psychic""]","{""hp"":4,""attack"":3,""defense"":3,""special_attack"":3,""special_defense"":3,""speed"":4}","{""raw"":""0' 8\"" / 0.2m (Small)"",""meters"":0.2,""size_class"":""Small""}","{""raw"":""0.2 lbs / 0.1kg (1)"",""kg"":0.1,""weight_class"":1}","{""raw"":""No Gender"",""genderless"":true,""male_percent"":0.0,""female_percent"":0.0}","[""None""]","[""Ultra Space""]",gen8,940,False,"{""unresolved_abilities"":0,""unresolved_move_references"":7,""unresolved_capabilities"":0}"
cottonee,Cottonee,,,,,,,,True,True,complete,"[""Grass"",""Fairy""]","{""hp"":4,""attack"":3,""defense"":6,""special_attack"":4,""special_defense"":5,""speed"":7}","{""raw"":""1' 0\"" / 0.3m (Small)"",""meters"":0.3,""size_class"":""Small""}","{""raw"":""1.3 lbs / 0.6kg (1)"",""kg"":0.6,""weight_class"":1}","{""raw"":""50% M / 50% F"",""male_percent"":50.0,""female_percent"":50.0,""genderless"":false}","[""Plant"",""Fairy""]","[""Grassland""]",gen8,460,False,"{""unresolved_abilities"":0,""unresolved_move_references"":0,""unresolved_capabilities"":0}"
crabominable,Crabominable,,,,,,,,True,True,complete,"[""Fighting"",""Ice""]","{""hp"":10,""attack"":13,""defense"":8,""special_attack"":6,""special_defense"":7,""speed"":4}","{""raw"":""5' 7\"" / 1.7m (Large)"",""meters"":1.7,""size_class"":""Large""}","{""raw"":""396.8 lbs / 180kg (5)"",""kg"":180.0,""weight_class"":5}","{""raw"":""50% M / 50% F"",""male_percent"":50.0,""female_percent"":50.0,""genderless"":false}","[""Water 3""]","[""Tundra""]",gen8,403,False,"{""unresolved_abilities"":0,""unresolved_move_references"":0,""unresolved_capabilities"":0}"
crabrawler,Crabrawler,,,,,,,,True,True,complete,"[""Fighting""]","{""hp"":5,""attack"":8,""defense"":6,""special_attack"":4,""special_defense"":5,""speed"":6}","{""raw"":""2' 0\"" / 0.6m (Small)"",""meters"":0.6,""size_class"":""Small""}","{""raw"":""15.4 lbs / 7kg (1)"",""kg"":7.0,""weight_class"":1}","{""raw"":""50% M / 50% F"",""male_percent"":50.0,""female_percent"":50.0,""genderless"":false}","[""Water 3""]","[""Beach"",""Grassland""]",gen8,402,False,"{""unresolved_abilities"":0,""unresolved_move_references"":0,""unresolved_capabilities"":0}"
cradily,Cradily,,,,,,,,True,True,complete,"[""Rock"",""Grass""]","{""hp"":9,""attack"":8,""defense"":10,""special_attack"":8,""special_defense"":11,""speed"":4}","{""raw"":""4' 11\"" / 1.5m (Medium)"",""meters"":1.5,""size_class"":""Medium""}","{""raw"":""133.2 lbs / 60.4kg (4)"",""kg"":60.4,""weight_class"":4}","{""raw"":""87.5% M / 12.5% F"",""male_percent"":87.5,""female_percent"":12.5,""genderless"":false}","[""Water 3""]","[""Cave"",""Ocean""]",gen8,818,False,"{""unresolved_abilities"":0,""unresolved_move_references"":1,""unresolved_capabilities"":1}"
cramorant,Cramorant,,,,,,,,True,True,complete,"[""Flying"",""Water""]","{""hp"":7,""attack"":9,""defense"":6,""special_attack"":9,""special_defense"":10,""speed"":9}","{""raw"":""2' 7\"" / 0.8m (Small)"",""meters"":0.8,""size_class"":""Small""}","{""raw"":""39.7 lbs / 18kg (2)"",""kg"":18.0,""weight_class"":2}","{""raw"":""50% M / 50% F"",""male_percent"":50.0,""female_percent"":50.0,""genderless"":false}","[""Water 1"",""Flying""]","[""Freshwater""]",gen8,713,False,"{""unresolved_abilities"":0,""unresolved_move_references"":0,""unresolved_capabilities"":0}"
cranidos,Cranidos,,,,,,,,True,True,complete,"[""Rock""]","{""hp"":7,""attack"":13,""defense"":4,""special_attack"":3,""special_defense"":3,""speed"":6}","{""raw"":""2' 11\"" / 0.9m (Small)"",""meters"":0.9,""size_class"":""Small""}","{""raw"":""69.4 lbs / 31.5kg (3)"",""kg"":31.5,""weight_class"":3}","{""raw"":""87.5% M / 12.5% F"",""male_percent"":87.5,""female_percent"":12.5,""genderless"":false}","[""Monster""]","[""Cave"",""Mountain""]",gen8,821,False,"{""unresolved_abilities"":0,""unresolved_move_references"":0,""unresolved_capabilities"":0}"
crawdaunt,Crawdaunt,,,,,,,,True,True,complete,"[""Water"",""Dark""]","{""hp"":6,""attack"":12,""defense"":9,""special_attack"":9,""special_defense"":6,""speed"":6}","{""raw"":""3' 7\"" / 1.1m (Medium)"",""meters"":1.1,""size_class"":""Medium""}","{""raw"":""72.3 lbs / 32.8kg (3)"",""kg"":32.8,""weight_class"":3}","{""raw"":""50% M / 50% F"",""male_percent"":50.0,""female_percent"":50.0,""genderless"":false}","[""Water 1"",""Water 3""]","[""Marsh"",""Ocean""]",gen8,659,False,"{""unresolved_abilities"":0,""unresolved_move_references"":0,""unresolved_capabilities"":0}"
cresselia,Cresselia,,,,,,,,True,True,complete,"[""Psychic""]","{""hp"":12,""attack"":7,""defense"":12,""special_attack"":8,""special_defense"":13,""speed"":9}","{""raw"":""4' 11\"" / 1.5m (Medium)"",""meters"":1.5,""size_class"":""Medium""}","{""raw"":""188.7 lbs / 85.6kg (4)"",""kg"":85.6,""weight_class"":4}","{""raw"":""0% M / 100% F"",""male_percent"":0.0,""female_percent"":100.0,""genderless"":false}","[""None""]","[""Forest"",""Rainforest""]",gen8,899,False,"{""unresolved_abilities"":0,""unresolved_move_references"":0,""unresolved_capabilities"":0}"
croagunk,Croagunk,,,,,,,,True,True,complete,"[""Poison"",""Fighting""]","{""hp"":5,""attack"":6,""defense"":4,""special_attack"":6,""special_defense"":4,""speed"":5}","{""raw"":""2' 4\"" / 0.7m (Small)"",""meters"":0.7,""size_class"":""Small""}","{""raw"":""50.7 lbs / 23kg (2)"",""kg"":23.0,""weight_class"":2}","{""raw"":""50% M / 50% F"",""male_percent"":50.0,""female_percent"":50.0,""genderless"":false}","[""Humanshape""]","[""Freshwater"",""Marsh""]",gen8,578,False,"{""unresolved_abilities"":0,""unresolved_move_references"":0,""unresolved_capabilities"":0}"
crobat,Crobat,,,,,,,,True,True,complete,"[""Poison"",""Flying""]","{""hp"":9,""attack"":9,""defense"":8,""special_attack"":7,""special_defense"":8,""speed"":13}","{""raw"":""5' 11\"" / 1.8m (Medium)"",""meters"":1.8,""size_class"":""Medium""}","{""raw"":""165.3 lbs / 75kg (4)"",""kg"":75.0,""weight_class"":4}","{""raw"":""50% M / 50% F"",""male_percent"":50.0,""female_percent"":50.0,""genderless"":false}","[""Flying""]","[""Cave""]",gen8,247,False,"{""unresolved_abilities"":0,""unresolved_move_references"":0,""unresolved_capabilities"":0}"
croconaw,Croconaw,,,,,,,,True,True,complete,"[""Water""]","{""hp"":7,""attack"":8,""defense"":8,""special_attack"":6,""special_defense"":6,""speed"":6}","{""raw"":""3' 7\"" / 1.1m (Medium)"",""meters"":1.1,""size_class"":""Medium""}","{""raw"":""55.1 lbs / 25kg (2)"",""kg"":25.0,""weight_class"":2}","{""raw"":""87.5% M / 12.5% F"",""male_percent"":87.5,""female_percent"":12.5,""genderless"":false}","[""Monster"",""Water 1""]","[""Beach"",""Freshwater"",""Marsh""]",gen8,68,False,"{""unresolved_abilities"":0,""unresolved_move_references"":0,""unresolved_capabilities"":0}"
crustle,Crustle,,,,,,,,True,True,complete,"[""Bug"",""Rock""]","{""hp"":7,""attack"":11,""defense"":13,""special_attack"":7,""special_defense"":8,""speed"":5}","{""raw"":""4' 7\"" / 1.4m (Medium)"",""meters"":1.4,""size_class"":""Medium""}","{""raw"":""440.9 lbs / 200kg (6)"",""kg"":200.0,""weight_class"":6}","{""raw"":""50% M / 50% F"",""male_percent"":50.0,""female_percent"":50.0,""genderless"":false}","[""Bug"",""Mineral""]","[""Cave"",""Desert"",""Grassland"",""Mountain""]",gen8,331,False,"{""unresolved_abilities"":0,""unresolved_move_references"":0,""unresolved_capabilities"":0}"
cryogonal,Cryogonal,,,,,,,,True,True,complete,"[""Ice""]","{""hp"":8,""attack"":5,""defense"":5,""special_attack"":10,""special_defense"":14,""speed"":11}","{""raw"":""3' 7\"" / 1.1m (Medium)"",""meters"":1.1,""size_class"":""Medium""}","{""raw"":""326.3 lbs / 148kg (5)"",""kg"":148.0,""weight_class"":5}","{""raw"":""No Gender"",""genderless"":true,""male_percent"":0.0,""female_percent"":0.0}","[""Mineral""]","[""Cave"",""Tundra""]",gen8,722,False,"{""unresolved_abilities"":0,""unresolved_move_references"":0,""unresolved_capabilities"":0}"
cubchoo,Cubchoo,,,,,,,,True,True,complete,"[""Ice""]","{""hp"":6,""attack"":7,""defense"":4,""special_attack"":6,""special_defense"":4,""speed"":4}","{""raw"":""1' 8\"" / 0.5m (Small)"",""meters"":0.5,""size_class"":""Small""}","{""raw"":""18.7 lbs / 8.5kg (1)"",""kg"":8.5,""weight_class"":1}","{""raw"":""50% M / 50% F"",""male_percent"":50.0,""female_percent"":50.0,""genderless"":false}","[""Field""]","[""Cave"",""Taiga"",""Tundra""]",gen8,507,False,"{""unresolved_abilities"":0,""unresolved_move_references"":0,""unresolved_capabilities"":0}"
cubone,Cubone,,,,,,,,True,True,complete,"[""Ground""]","{""hp"":5,""attack"":5,""defense"":10,""special_attack"":4,""special_defense"":5,""speed"":4}","{""raw"":""1' 4\"" / 0.4m (Small)"",""meters"":0.4,""size_class"":""Small""}","{""raw"":""14.3 lbs / 6.5kg (1)"",""kg"":6.5,""weight_class"":1}","{""raw"":""50% M / 50% F"",""male_percent"":50.0,""female_percent"":50.0,""genderless"":false}","[""Monster""]","[""Cave"",""Mountain"",""Urban""]",gen8,483,False,"{""unresolved_abilities"":0,""unresolved_move_references"":0,""unresolved_capabilities"":0}"
cufant,Cufant,,,,,,,,True,True,complete,"[""Steel""]","{""hp"":7,""attack"":8,""defense"":5,""special_attack"":4,""special_defense"":5,""speed"":4}","{""raw"":""3' 11\"" / 1.2m (Medium)"",""meters"":1.2,""size_class"":""Medium""}","{""raw"":""220.5 lbs / 100kg (5)"",""kg"":100.0,""weight_class"":5}","{""raw"":""50% M / 50% F"",""male_percent"":50.0,""female_percent"":50.0,""genderless"":false}","[""Field"",""Mineral""]","[""Grassland"",""Mountain""]",gen8,621,False,"{""unresolved_abilities"":0,""unresolved_move_references"":0,""unresolved_capabilities"":0}"
cursola,Cursola,,,,,,,,True,True,complete,"[""Ghost""]","{""hp"":6,""attack"":10,""defense"":5,""special_attack"":14,""special_defense"":13,""speed"":3}","{""raw"":""3' 3\"" / 1m (Medium)"",""meters"":1.0,""size_class"":""Medium""}","{""raw"":""0.9 lbs / 0.4kg (1)"",""kg"":0.4,""weight_class"":1}","{""raw"":""25% M / 75% F"",""male_percent"":25.0,""female_percent"":75.0,""genderless"":false}","[""Water 1"",""Water 3""]","[""Ocean""]",gen8,803,False,"{""unresolved_abilities"":0,""unresolved_move_references"":0,""unresolved_capabilities"":0}"
cutiefly,Cutiefly,,,,,,,,True,True,complete,"[""Bug"",""Fairy""]","{""hp"":4,""attack"":5,""defense"":4,""special_attack"":6,""special_defense"":4,""speed"":8}","{""raw"":""0' 4\"" / 0.1m (Small)"",""meters"":0.1,""size_class"":""Small""}","{""raw"":""0.4 lbs / 0.2kg (1)"",""kg"":0.2,""weight_class"":1}","{""raw"":""50% M / 50% F"",""male_percent"":50.0,""female_percent"":50.0,""genderless"":false}","[""Bug"",""Fairy""]","[""Forest"",""Grassland""]",gen8,340,False,"{""unresolved_abilities"":0,""unresolved_move_references"":0,""unresolved_capabilities"":0}"
cyndaquil,Cyndaquil,,,,,,,,True,True,complete,"[""Fire""]","{""hp"":4,""attack"":5,""defense"":4,""special_attack"":6,""special_defense"":5,""speed"":7}","{""raw"":""1' 8\"" / 0.5m (Small)"",""meters"":0.5,""size_class"":""Small""}","{""raw"":""17.4 lbs / 7.9kg (1)"",""kg"":7.9,""weight_class"":1}","{""raw"":""87.5% M / 12.5% F"",""male_percent"":87.5,""female_percent"":12.5,""genderless"":false}","[""Field""]","[""Cave"",""Mountain""]",gen8,43,False,"{""unresolved_abilities"":0,""unresolved_move_references"":0,""unresolved_capabilities"":0}"
darkrai,Darkrai,,,,,,,,True,True,complete,"[""Dark""]","{""hp"":7,""attack"":9,""defense"":9,""special_attack"":14,""special_defense"":9,""speed"":13}","{""raw"":""4' 11\"" / 1.5m (Medium)"",""meters"":1.5,""size_class"":""Medium""}","{""raw"":""111.3 lbs / 50.5kg (4)"",""kg"":50.5,""weight_class"":4}","{""raw"":""No Gender"",""genderless"":true,""male_percent"":0.0,""female_percent"":0.0}","[""None""]","[""Forest"",""Non-Space""]",gen8,900,False,"{""unresolved_abilities"":0,""unresolved_move_references"":0,""unresolved_capabilities"":0}"
darmanitan-galar-standard-mode,"DARMANITAN Galar, Standard Mode",,,,,,,,True,True,complete,"[""Ice""]","{""hp"":11,""attack"":14,""defense"":6,""special_attack"":3,""special_defense"":6,""speed"":10}","{""raw"":""5' 7\"" / 1.7m (Medium)"",""meters"":1.7,""size_class"":""Medium""}","{""raw"":""264.6 lbs / 120kg (5)"",""kg"":120.0,""weight_class"":5}","{""raw"":""50% M / 50% F"",""male_percent"":50.0,""female_percent"":50.0,""genderless"":false}","[""Field""]","[""Mountain"",""Tundra""]",gen8,808,False,"{""unresolved_abilities"":0,""unresolved_move_references"":0,""unresolved_capabilities"":0}"
darmanitan-galar-zen-mode,"DARMANITAN Galar, Zen Mode",,,,,,,,True,True,complete,"[""Ice"",""Fire""]","{""hp"":11,""attack"":16,""defense"":6,""special_attack"":3,""special_defense"":6,""speed"":14}","{""raw"":""5' 7\"" / 1.7m (Medium)"",""meters"":1.7,""size_class"":""Medium""}","{""raw"":""264.6 lbs / 120kg (5)"",""kg"":120.0,""weight_class"":5}","{""raw"":""50% M / 50% F"",""male_percent"":50.0,""female_percent"":50.0,""genderless"":false}","[""Field""]","[""Mountain"",""Tundra""]",gen8,809,False,"{""unresolved_abilities"":0,""unresolved_move_references"":0,""unresolved_capabilities"":0}"
darmanitan-standard-mode,DARMANITAN Standard Mode,,,,,,,,True,True,complete,"[""Fire""]","{""hp"":11,""attack"":14,""defense"":6,""special_attack"":3,""special_defense"":6,""speed"":10}","{""raw"":""4' 3\"" / 1.3m (Medium)"",""meters"":1.3,""size_class"":""Medium""}","{""raw"":""204.8 lbs / 92.9kg (4)"",""kg"":92.9,""weight_class"":4}","{""raw"":""50% M / 50% F"",""male_percent"":50.0,""female_percent"":50.0,""genderless"":false}","[""Field""]","[""Cave"",""Desert"",""Mountain""]",gen8,419,False,"{""unresolved_abilities"":0,""unresolved_move_references"":0,""unresolved_capabilities"":0}"
darmanitan-zen-mode,DARMANITAN Zen Mode,,,,,,,,True,True,complete,"[""Fire"",""Psychic""]","{""hp"":11,""attack"":3,""defense"":11,""special_attack"":14,""special_defense"":11,""speed"":6}","{""raw"":""4' 3\"" / 1.3m (Medium)"",""meters"":1.3,""size_class"":""Medium""}","{""raw"":""204.8 lbs / 92.9kg (4)"",""kg"":92.9,""weight_class"":4}","{""raw"":""50% M / 50% F"",""male_percent"":50.0,""female_percent"":50.0,""genderless"":false}","[""Field""]","[""Cave"",""Desert"",""Mountain""]",gen8,420,False,"{""unresolved_abilities"":0,""unresolved_move_references"":0,""unresolved_capabilities"":0}"
dartrix,Dartrix,,,,,,,,True,True,complete,"[""Grass"",""Flying""]","{""hp"":8,""attack"":8,""defense"":8,""special_attack"":7,""special_defense"":7,""speed"":5}","{""raw"":""2' 4\"" / 0.7m (Small)"",""meters"":0.7,""size_class"":""Small""}","{""raw"":""35.3 lbs / 16kg (2)"",""kg"":16.0,""weight_class"":2}","{""raw"":""87.5% M / 12.5% F"",""male_percent"":87.5,""female_percent"":12.5,""genderless"":false}","[""Flying""]","[""Forest""]",gen8,35,False,"{""unresolved_abilities"":0,""unresolved_move_references"":0,""unresolved_capabilities"":0}"
darumaka,Darumaka,,,,,,,,True,True,complete,"[""Fire""]","{""hp"":7,""attack"":9,""defense"":5,""special_attack"":2,""special_defense"":5,""speed"":5}","{""raw"":""2' 0\"" / 0.6m (Small)"",""meters"":0.6,""size_class"":""Small""}","{""raw"":""82.7 lbs / 37.5kg (3)"",""kg"":37.5,""weight_class"":3}","{""raw"":""50% M / 50% F"",""male_percent"":50.0,""female_percent"":50.0,""genderless"":false}","[""Field""]","[""Cave"",""Desert"",""Mountain""]",gen8,418,False,"{""unresolved_abilities"":0,""unresolved_move_references"":0,""unresolved_capabilities"":0}"
darumaka-galar,DARUMAKA Galar,,,,,,,,True,True,complete,"[""Ice""]","{""hp"":7,""attack"":9,""defense"":5,""special_attack"":2,""special_defense"":5,""speed"":5}","{""raw"":""2' 4\"" / 0.7m (Small)"",""meters"":0.7,""size_class"":""Small""}","{""raw"":""88.2 lbs / 40kg (3)"",""kg"":40.0,""weight_class"":3}","{""raw"":""50% M / 50% F"",""male_percent"":50.0,""female_percent"":50.0,""genderless"":false}","[""Field""]","[""Mountain"",""Tundra""]",gen8,807,False,"{""unresolved_abilities"":0,""unresolved_move_references"":0,""unresolved_capabilities"":0}"
decidueye,Decidueye,,,,,,,,True,True,complete,"[""Grass"",""Ghost""]","{""hp"":8,""attack"":11,""defense"":8,""special_attack"":10,""special_defense"":10,""speed"":7}","{""raw"":""5' 3\"" / 1.6m (Medium)"",""meters"":1.6,""size_class"":""Medium""}","{""raw"":""80.7 lbs / 36.6kg (3)"",""kg"":36.6,""weight_class"":3}","{""raw"":""87.5% M / 12.5% F"",""male_percent"":87.5,""female_percent"":12.5,""genderless"":false}","[""Flying""]","[""Forest""]",gen8,36,False,"{""unresolved_abilities"":0,""unresolved_move_references"":0,""unresolved_capabilities"":0}"
dedenne,Dedenne,,,,,,,,True,True,complete,"[""Electric"",""Fairy""]","{""hp"":7,""attack"":6,""defense"":6,""special_attack"":8,""special_defense"":7,""speed"":10}","{""raw"":""0' 8\"" / 0.2m (Small)"",""meters"":0.2,""size_class"":""Small""}","{""raw"":""4.9 lbs / 2.2kg (1)"",""kg"":2.2,""weight_class"":1}","{""raw"":""50% M / 50% F"",""male_percent"":50.0,""female_percent"":50.0,""genderless"":false}","[""Field"",""Fairy""]","[""Forest"",""Grassland"",""Urban""]",gen8,700,False,"{""unresolved_abilities"":0,""unresolved_move_references"":0,""unresolved_capabilities"":0}"
deerling,Deerling,,,,,,,,True,True,complete,"[""Normal"",""Grass""]","{""hp"":6,""attack"":6,""defense"":5,""special_attack"":4,""special_defense"":5,""speed"":8}","{""raw"":""2' 0\"" / 0.6m (Small)"",""meters"":0.6,""size_class"":""Small""}","{""raw"":""43 lbs / 19.5kg (2)"",""kg"":19.5,""weight_class"":2}","{""raw"":""50% M / 50% F"",""male_percent"":50.0,""female_percent"":50.0,""genderless"":false}","[""Field""]","[""Forest"",""Grassland""]",gen8,551,False,"{""unresolved_abilities"":0,""unresolved_move_references"":0,""unresolved_capabilities"":0}"
deino,Deino,,,,,,,,True,True,complete,"[""Dark"",""Dragon""]","{""hp"":5,""attack"":7,""defense"":5,""special_attack"":5,""special_defense"":5,""speed"":4}","{""raw"":""2' 7\"" / 0.8m (Small)"",""meters"":0.8,""size_class"":""Small""}","{""raw"":""38.1 lbs / 17.3kg (2)"",""kg"":17.3,""weight_class"":2}","{""raw"":""50% M / 50% F"",""male_percent"":50.0,""female_percent"":50.0,""genderless"":false}","[""Dragon""]","[""Cave"",""Mountain""]",gen8,853,False,"{""unresolved_abilities"":0,""unresolved_move_references"":0,""unresolved_capabilities"":0}"
delcatty,Delcatty,,,,,,,,True,True,complete,"[""Normal""]","{""hp"":7,""attack"":7,""defense"":7,""special_attack"":6,""special_defense"":6,""speed"":9}","{""raw"":""3' 7\"" / 1.1m (Medium)"",""meters"":1.1,""size_class"":""Medium""}","{""raw"":""71.9 lbs / 32.6kg (3)"",""kg"":32.6,""weight_class"":3}","{""raw"":""25% M / 75% F"",""male_percent"":25.0,""female_percent"":75.0,""genderless"":false}","[""Field"",""Fairy""]","[""Forest"",""Grassland""]",gen8,538,False,"{""unresolved_abilities"":0,""unresolved_move_references"":0,""unresolved_capabilities"":0}"
delibird,Delibird,,,,,,,,True,True,complete,"[""Ice"",""Flying""]","{""hp"":5,""attack"":6,""defense"":5,""special_attack"":7,""special_defense"":5,""speed"":8}","{""raw"":""2' 11\"" / 0.9m (Small)"",""meters"":0.9,""size_class"":""Small""}","{""raw"":""35.3 lbs / 16kg (2)"",""kg"":16.0,""weight_class"":2}","{""raw"":""50% M / 50% F"",""male_percent"":50.0,""female_percent"":50.0,""genderless"":false}","[""Water 1"",""Field""]","[""Mountain"",""Taiga"",""Tundra""]",gen8,721,False,"{""unresolved_abilities"":0,""unresolved_move_references"":3,""unresolved_capabilities"":0}"
delphox,Delphox,,,,,,,,True,True,complete,"[""Fire"",""Psychic""]","{""hp"":8,""attack"":7,""defense"":7,""special_attack"":11,""special_defense"":10,""speed"":10}","{""raw"":""4' 11\"" / 1.5m (Medium)"",""meters"":1.5,""size_class"":""Medium""}","{""raw"":""86 lbs / 39kg (3)"",""kg"":39.0,""weight_class"":3}","{""raw"":""87.5% M / 12.5% F"",""male_percent"":87.5,""female_percent"":12.5,""genderless"":false}","[""Field""]","[""Forest"",""Grassland"",""Urban""]",gen8,57,False,"{""unresolved_abilities"":0,""unresolved_move_references"":0,""unresolved_capabilities"":0}"
deoxys-attack-forme,DEOXYS Attack Forme,,,,,,,,True,True,complete,"[""Psychic""]","{""hp"":5,""attack"":18,""defense"":2,""special_attack"":18,""special_defense"":2,""speed"":15}","{""raw"":""5' 7\"" / 1.7m (Medium)"",""meters"":1.7,""size_class"":""Medium""}","{""raw"":""134 lbs / 60.8kg (4)"",""kg"":60.8,""weight_class"":4}","{""raw"":""No Gender"",""genderless"":true,""male_percent"":0.0,""female_percent"":0.0}","[""None""]","[""Cave"",""Mountain""]",gen8,888,False,"{""unresolved_abilities"":0,""unresolved_move_references"":0,""unresolved_capabilities"":2}"
deoxys-defense-forme,DEOXYS Defense Forme,,,,,,,,True,True,complete,"[""Psychic""]","{""hp"":5,""attack"":7,""defense"":16,""special_attack"":7,""special_defense"":16,""speed"":9}","{""raw"":""5' 7\"" / 1.7m (Medium)"",""meters"":1.7,""size_class"":""Medium""}","{""raw"":""134 lbs / 60.8kg (4)"",""kg"":60.8,""weight_class"":4}","{""raw"":""No Gender"",""genderless"":true,""male_percent"":0.0,""female_percent"":0.0}","[""None""]","[""Cave"",""Mountain""]",gen8,889,False,"{""unresolved_abilities"":0,""unresolved_move_references"":0,""unresolved_capabilities"":2}"
deoxys-normal-forme,DEOXYS Normal Forme,,,,,,,,True,True,complete,"[""Psychic""]","{""hp"":5,""attack"":15,""defense"":5,""special_attack"":15,""special_defense"":5,""speed"":15}","{""raw"":""5' 7\"" / 1.7m (Medium)"",""meters"":1.7,""size_class"":""Medium""}","{""raw"":""134 lbs / 60.8kg (4)"",""kg"":60.8,""weight_class"":4}","{""raw"":""No Gender"",""genderless"":true,""male_percent"":0.0,""female_percent"":0.0}","[""None""]","[""Cave"",""Mountain""]",gen8,887,False,"{""unresolved_abilities"":0,""unresolved_move_references"":1,""unresolved_capabilities"":2}"
deoxys-speed-forme,DEOXYS Speed Forme,,,,,,,,True,True,complete,"[""Psychic""]","{""hp"":5,""attack"":10,""defense"":9,""special_attack"":10,""special_defense"":9,""speed"":18}","{""raw"":""5' 7\"" / 1.7m (Medium)"",""meters"":1.7,""size_class"":""Medium""}","{""raw"":""134 lbs / 60.8kg (4)"",""kg"":60.8,""weight_class"":4}","{""raw"":""No Gender"",""genderless"":true,""male_percent"":0.0,""female_percent"":0.0}","[""None""]","[""Cave"",""Mountain""]",gen8,890,False,"{""unresolved_abilities"":0,""unresolved_move_references"":1,""unresolved_capabilities"":2}"
dewgong,Dewgong,,,,,,,,True,True,complete,"[""Water"",""Ice""]","{""hp"":9,""attack"":7,""defense"":8,""special_attack"":7,""special_defense"":10,""speed"":7}","{""raw"":""5' 7\"" / 1.7m (Medium)"",""meters"":1.7,""size_class"":""Medium""}","{""raw"":""264.6 lbs / 120kg (5)"",""kg"":120.0,""weight_class"":5}","{""raw"":""50% M / 50% F"",""male_percent"":50.0,""female_percent"":50.0,""genderless"":false}","[""Water 1"",""Field""]","[""Arctic"",""Ocean""]",gen8,631,False,"{""unresolved_abilities"":1,""unresolved_move_references"":0,""unresolved_capabilities"":0}"
dewott,Dewott,,,,,,,,True,True,complete,"[""Water""]","{""hp"":8,""attack"":8,""defense"":6,""special_attack"":8,""special_defense"":6,""speed"":6}","{""raw"":""2' 7\"" / 0.8m (Small)"",""meters"":0.8,""size_class"":""Small""}","{""raw"":""54 lbs / 34.5kg (2)"",""kg"":34.5,""weight_class"":2}","{""raw"":""87.5% M / 12.5% F"",""male_percent"":87.5,""female_percent"":12.5,""genderless"":false}","[""Field""]","[""Beach"",""Ocean""]",gen8,77,False,"{""unresolved_abilities"":0,""unresolved_move_references"":0,""unresolved_capabilities"":0}"
dewpider,Dewpider,,,,,,,,True,True,complete,"[""Water"",""Bug""]","{""hp"":4,""attack"":4,""defense"":5,""special_attack"":4,""special_defense"":7,""speed"":3}","{""raw"":""1' 0\"" / 0.3m (Small)"",""meters"":0.3,""size_class"":""Small""}","{""raw"":""8.8 lbs / 4kg (1)"",""kg"":4.0,""weight_class"":1}","{""raw"":""50% M / 50% F"",""male_percent"":50.0,""female_percent"":50.0,""genderless"":false}","[""Water 1"",""Bug""]","[""Fresh Water"",""Grassland""]",gen8,679,False,"{""unresolved_abilities"":0,""unresolved_move_references"":0,""unresolved_capabilities"":0}"
dhelmise,Dhelmise,,,,,,,,True,True,complete,"[""Ghost"",""Grass""]","{""hp"":7,""attack"":13,""defense"":10,""special_attack"":9,""special_defense"":9,""speed"":4}","{""raw"":""12' 10\"" / 3.9m (Huge)"",""meters"":3.9,""size_class"":""Huge""}","{""raw"":""463 lbs / 210kg (6)"",""kg"":210.0,""weight_class"":6}","{""raw"":""No Gender"",""genderless"":true,""male_percent"":0.0,""female_percent"":0.0}","[""Mineral""]","[""Ocean""]",gen8,716,False,"{""unresolved_abilities"":0,""unresolved_move_references"":0,""unresolved_capabilities"":0}"
dialga,Dialga,,,,,,,,True,True,complete,"[""Steel"",""Dragon""]","{""hp"":10,""attack"":12,""defense"":12,""special_attack"":15,""special_defense"":10,""speed"":9}","{""raw"":""17' 9\"" / 5.4m (Gigantic)"",""meters"":5.4,""size_class"":""Gigantic""}","{""raw"":""1505.8 lbs / 683kg (6)"",""kg"":683.0,""weight_class"":6}","{""raw"":""No Gender"",""genderless"":true,""male_percent"":0.0,""female_percent"":0.0}","[""None""]","[""Non-Space""]",gen8,894,False,"{""unresolved_abilities"":0,""unresolved_move_references"":1,""unresolved_capabilities"":0}"
diancie,Diancie,,,,,,,,True,True,complete,"[""Rock"",""Fairy""]","{""hp"":5,""attack"":10,""defense"":15,""special_attack"":10,""special_defense"":15,""speed"":5}","{""raw"":""2' 4\"" / 0.7m (Small)"",""meters"":0.7,""size_class"":""Small""}","{""raw"":""19.3 lbs / 8.8kg (1)"",""kg"":8.8,""weight_class"":1}","{""raw"":""No Gender"",""genderless"":true,""male_percent"":0.0,""female_percent"":0.0}","[""None""]","[""Cave""]",gen8,930,False,"{""unresolved_abilities"":0,""unresolved_move_references"":0,""unresolved_capabilities"":0}"
diggersby,Diggersby,,,,,,,,True,True,complete,"[""Normal"",""Ground""]","{""hp"":9,""attack"":6,""defense"":8,""special_attack"":5,""special_defense"":8,""speed"":8}","{""raw"":""3' 3\"" / 1m (Medium)"",""meters"":1.0,""size_class"":""Medium""}","{""raw"":""93.5 lbs / 42.4kg (3)"",""kg"":42.4,""weight_class"":3}","{""raw"":""50% M / 50% F"",""male_percent"":50.0,""female_percent"":50.0,""genderless"":false}","[""Field""]","[""Forest"",""Grassland"",""Mountain""]",gen8,556,False,"{""unresolved_abilities"":0,""unresolved_move_references"":0,""unresolved_capabilities"":0}"
diglett,Diglett,,,,,,,,True,True,complete,"[""Ground""]","{""hp"":1,""attack"":6,""defense"":3,""special_attack"":4,""special_defense"":5,""speed"":10}","{""raw"":""0' 8\"" / 0.2m (Small)"",""meters"":0.2,""size_class"":""Small""}","{""raw"":""1.8 lbs / 0.8kg (1)"",""kg"":0.8,""weight_class"":1}","{""raw"":""50% M / 50% F"",""male_percent"":50.0,""female_percent"":50.0,""genderless"":false}","[""Field""]","[""Cave"",""Grassland""]",gen8,481,False,"{""unresolved_abilities"":0,""unresolved_move_references"":0,""unresolved_capabilities"":0}"
diglett-alola,DIGLETT Alola,,,,,,,,True,True,complete,"[""Ground"",""Steel""]","{""hp"":1,""attack"":6,""defense"":3,""special_attack"":4,""special_defense"":5,""speed"":9}","{""raw"":""0' 8\"" / 0.2m (Small)"",""meters"":0.2,""size_class"":""Small""}","{""raw"":""2.2 lbs / 1kg (1)"",""kg"":1.0,""weight_class"":1}","{""raw"":""50% M / 50% F"",""male_percent"":50.0,""female_percent"":50.0,""genderless"":false}","[""Field""]","[""Cave""]",gen8,787,False,"{""unresolved_abilities"":0,""unresolved_move_references"":0,""unresolved_capabilities"":0}"
ditto,Ditto,,,,,,,,True,True,complete,"[""Normal""]","{""hp"":5,""attack"":5,""defense"":5,""special_attack"":5,""special_defense"":5,""speed"":5}","{""raw"":""1' 0\"" / 0.3m (Small)"",""meters"":0.3,""size_class"":""Small""}","{""raw"":""8.8 lbs / 4kg (1)"",""kg"":4.0,""weight_class"":1}","{""raw"":""No Gender"",""genderless"":true,""male_percent"":0.0,""female_percent"":0.0}","[""Ditto""]","[""Forest"",""Grassland"",""Urban""]",gen8,770,False,"{""unresolved_abilities"":0,""unresolved_move_references"":4,""unresolved_capabilities"":0}"
dodrio,Dodrio,,,,,,,,True,True,complete,"[""Normal"",""Flying""]","{""hp"":6,""attack"":11,""defense"":7,""special_attack"":6,""special_defense"":6,""speed"":11}","{""raw"":""5' 11\"" / 1.8m (Medium)"",""meters"":1.8,""size_class"":""Medium""}","{""raw"":""187.8 lbs / 85.2kg (4)"",""kg"":85.2,""weight_class"":4}","{""raw"":""50% M / 50% F"",""male_percent"":50.0,""female_percent"":50.0,""genderless"":false}","[""Flying""]","[""Desert"",""Grassland""]",gen8,520,False,"{""unresolved_abilities"":0,""unresolved_move_references"":0,""unresolved_capabilities"":0}"
doduo,Doduo,,,,,,,,True,True,complete,"[""Normal"",""Flying""]","{""hp"":4,""attack"":9,""defense"":5,""special_attack"":4,""special_defense"":4,""speed"":8}","{""raw"":""4' 7\"" / 1.4m (Medium)"",""meters"":1.4,""size_class"":""Medium""}","{""raw"":""86.4 lbs / 39.2kg (3)"",""kg"":39.2,""weight_class"":3}","{""raw"":""50% M / 50% F"",""male_percent"":50.0,""female_percent"":50.0,""genderless"":false}","[""Flying""]","[""Desert"",""Grassland""]",gen8,519,False,"{""unresolved_abilities"":0,""unresolved_move_references"":0,""unresolved_capabilities"":0}"
donphan,Donphan,,,,,,,,True,True,complete,"[""Ground""]","{""hp"":9,""attack"":12,""defense"":12,""special_attack"":6,""special_defense"":6,""speed"":5}","{""raw"":""3' 7\"" / 1.1m (Medium)"",""meters"":1.1,""size_class"":""Medium""}","{""raw"":""264.6 lbs / 120kg (5)"",""kg"":120.0,""weight_class"":5}","{""raw"":""50% M / 50% F"",""male_percent"":50.0,""female_percent"":50.0,""genderless"":false}","[""Field""]","[""Desert"",""Forest"",""Mountain""]",gen8,489,False,"{""unresolved_abilities"":0,""unresolved_move_references"":1,""unresolved_capabilities"":0}"
dottler,Dottler,,,,,,,,True,True,complete,"[""Bug"",""Psychic""]","{""hp"":5,""attack"":4,""defense"":8,""special_attack"":5,""special_defense"":9,""speed"":3}","{""raw"":""1' 4\"" / 0.4m (Small)"",""meters"":0.4,""size_class"":""Small""}","{""raw"":""43 lbs / 19.5kg (2)"",""kg"":19.5,""weight_class"":2}","{""raw"":""50% M / 50% F"",""male_percent"":50.0,""female_percent"":50.0,""genderless"":false}","[""Bug""]","[""Grassland""]",gen8,112,False,"{""unresolved_abilities"":0,""unresolved_move_references"":3,""unresolved_capabilities"":0}"
doublade,Doublade,,,,,,,,True,True,complete,"[""Steel"",""Ghost""]","{""hp"":6,""attack"":11,""defense"":15,""special_attack"":5,""special_defense"":5,""speed"":4}","{""raw"":""2' 7\"" / 0.8m (Small)"",""meters"":0.8,""size_class"":""Small""}","{""raw"":""9.9 lbs / 4.5kg (1)"",""kg"":4.5,""weight_class"":1}","{""raw"":""50% M / 50% F"",""male_percent"":50.0,""female_percent"":50.0,""genderless"":false}","[""Mineral""]","[""Grassland"",""Urban""]",gen8,284,False,"{""unresolved_abilities"":0,""unresolved_move_references"":0,""unresolved_capabilities"":1}"
dracovish,Dracovish,,,,,,,,True,True,complete,"[""Water"",""Dragon""]","{""hp"":9,""attack"":9,""defense"":10,""special_attack"":7,""special_defense"":8,""speed"":8}","{""raw"":""7' 7\"" / 2.3m (Large)"",""meters"":2.3,""size_class"":""Large""}","{""raw"":""418.9 lbs / 190kg (5)"",""kg"":190.0,""weight_class"":5}","{""raw"":""No Gender"",""genderless"":true,""male_percent"":0.0,""female_percent"":0.0}","[""None""]","[""Forest"",""Grassland""]",gen8,836,False,"{""unresolved_abilities"":0,""unresolved_move_references"":0,""unresolved_capabilities"":0}"
dracozolt,Dracozolt,,,,,,,,True,True,complete,"[""Electric"",""Dragon""]","{""hp"":9,""attack"":10,""defense"":9,""special_attack"":8,""special_defense"":7,""speed"":8}","{""raw"":""5' 11\"" / 1.8m (Medium)"",""meters"":1.8,""size_class"":""Medium""}","{""raw"":""418.9 lbs / 190kg (5)"",""kg"":190.0,""weight_class"":5}","{""raw"":""No Gender"",""genderless"":true,""male_percent"":0.0,""female_percent"":0.0}","[""None""]","[""Forest"",""Grassland""]",gen8,834,False,"{""unresolved_abilities"":0,""unresolved_move_references"":0,""unresolved_capabilities"":0}"
dragalge,Dragalge,,,,,,,,True,True,complete,"[""Poison"",""Dragon""]","{""hp"":7,""attack"":8,""defense"":9,""special_attack"":10,""special_defense"":12,""speed"":4}","{""raw"":""5' 11\"" / 1.8m (Medium)"",""meters"":1.8,""size_class"":""Medium""}","{""raw"":""179.7 lbs / 81.5kg (4)"",""kg"":81.5,""weight_class"":4}","{""raw"":""50% M / 50% F"",""male_percent"":50.0,""female_percent"":50.0,""genderless"":false}","[""Water 1"",""Dragon""]","[""Ocean""]",gen8,583,False,"{""unresolved_abilities"":0,""unresolved_move_references"":0,""unresolved_capabilities"":0}"
dragapult,Dragapult,,,,,,,,True,True,complete,"[""Dragon"",""Ghost""]","{""hp"":9,""attack"":12,""defense"":8,""special_attack"":10,""special_defense"":8,""speed"":14}","{""raw"":""9' 10\"" / 3m (Huge)"",""meters"":3.0,""size_class"":""Huge""}","{""raw"":""110.2 lbs / 50kg (4)"",""kg"":50.0,""weight_class"":4}","{""raw"":""50% M / 50% F"",""male_percent"":50.0,""female_percent"":50.0,""genderless"":false}","[""Indeterminate"",""Dragon""]","[""Forest"",""Mountain"",""Ocean""]",gen8,864,False,"{""unresolved_abilities"":0,""unresolved_move_references"":1,""unresolved_capabilities"":0}"
dragonair,Dragonair,,,,,,,,True,True,complete,"[""Dragon""]","{""hp"":6,""attack"":8,""defense"":7,""special_attack"":7,""special_defense"":7,""speed"":7}","{""raw"":""13' 1\"" / 4m (Large)"",""meters"":4.0,""size_class"":""Large""}","{""raw"":""36.4 lbs / 16.5kg (2)"",""kg"":16.5,""weight_class"":2}","{""raw"":""50% M / 50% F"",""male_percent"":50.0,""female_percent"":50.0,""genderless"":false}","[""Water 1"",""Dragon""]","[""Cave"",""Freshwater""]",gen8,839,False,"{""unresolved_abilities"":0,""unresolved_move_references"":0,""unresolved_capabilities"":0}"
dragonite,Dragonite,,,,,,,,True,True,complete,"[""Dragon"",""Flying""]","{""hp"":9,""attack"":13,""defense"":10,""special_attack"":10,""special_defense"":10,""speed"":8}","{""raw"":""7' 3\"" / 2.2m (Large)"",""meters"":2.2,""size_class"":""Large""}","{""raw"":""463 lbs / 210kg (6)"",""kg"":210.0,""weight_class"":6}","{""raw"":""50% M / 50% F"",""male_percent"":50.0,""female_percent"":50.0,""genderless"":false}","[""Water 1"",""Dragon""]","[""Cave"",""Freshwater"",""Mountain""]",gen8,840,False,"{""unresolved_abilities"":0,""unresolved_move_references"":0,""unresolved_capabilities"":0}"
drakloak,Drakloak,,,,,,,,True,True,complete,"[""Dragon"",""Ghost""]","{""hp"":7,""attack"":8,""defense"":5,""special_attack"":6,""special_defense"":5,""speed"":10}","{""raw"":""4' 7\"" / 1.4m (Medium)"",""meters"":1.4,""size_class"":""Medium""}","{""raw"":""24.3 lbs / 11kg (2)"",""kg"":11.0,""weight_class"":2}","{""raw"":""50% M / 50% F"",""male_percent"":50.0,""female_percent"":50.0,""genderless"":false}","[""Indeterminate"",""Dragon""]","[""Forest"",""Mountain"",""Ocean""]",gen8,863,False,"{""unresolved_abilities"":0,""unresolved_move_references"":1,""unresolved_capabilities"":0}"
drampa,Drampa,,,,,,,,True,True,complete,"[""Normal"",""Dragon""]","{""hp"":8,""attack"":6,""defense"":9,""special_attack"":14,""special_defense"":9,""speed"":4}","{""raw"":""9' 10\"" / 3m (Huge)"",""meters"":3.0,""size_class"":""Huge""}","{""raw"":""407.8 lbs / 185kg (5)"",""kg"":185.0,""weight_class"":5}","{""raw"":""50% M / 50% F"",""male_percent"":50.0,""female_percent"":50.0,""genderless"":false}","[""Monster"",""Dragon""]","[""Mountain""]",gen8,743,False,"{""unresolved_abilities"":0,""unresolved_move_references"":0,""unresolved_capabilities"":0}"
drapion,Drapion,,,,,,,,True,True,complete,"[""Poison"",""Dark""]","{""hp"":7,""attack"":9,""defense"":11,""special_attack"":6,""special_defense"":8,""speed"":10}","{""raw"":""4' 3\"" / 1.3m (Medium)"",""meters"":1.3,""size_class"":""Medium""}","{""raw"":""135.6 lbs / 61.5kg (4)"",""kg"":61.5,""weight_class"":4}","{""raw"":""50% M / 50% F"",""male_percent"":50.0,""female_percent"":50.0,""genderless"":false}","[""Bug"",""Water 3""]","[""Forest"",""Marsh"",""Rainforest""]",gen8,577,False,"{""unresolved_abilities"":0,""unresolved_move_references"":0,""unresolved_capabilities"":0}"
dratini,Dratini,,,,,,,,True,True,complete,"[""Dragon""]","{""hp"":4,""attack"":6,""defense"":5,""special_attack"":5,""special_defense"":5,""speed"":5}","{""raw"":""5' 11\"" / 1.8m (Medium)"",""meters"":1.8,""size_class"":""Medium""}","{""raw"":""7.3 lbs / 3.3kg (1)"",""kg"":3.3,""weight_class"":1}","{""raw"":""50% M / 50% F"",""male_percent"":50.0,""female_percent"":50.0,""genderless"":false}","[""Water 1"",""Dragon""]","[""Cave"",""Freshwater""]",gen8,838,False,"{""unresolved_abilities"":0,""unresolved_move_references"":0,""unresolved_capabilities"":0}"
drednaw,Drednaw,,,,,,,,True,True,complete,"[""Water"",""Rock""]","{""hp"":9,""attack"":12,""defense"":9,""special_attack"":5,""special_defense"":7,""speed"":7}","{""raw"":""3' 3\"" / 1m (Medium)"",""meters"":1.0,""size_class"":""Medium""}","{""raw"":""254.6 lbs / 115.5kg (5)"",""kg"":115.5,""weight_class"":5}","{""raw"":""50% M / 50% F"",""male_percent"":50.0,""female_percent"":50.0,""genderless"":false}","[""Monster"",""Water 1""]","[""Freshwater""]",gen8,682,False,"{""unresolved_abilities"":0,""unresolved_move_references"":5,""unresolved_capabilities"":0}"
dreepy,Dreepy,,,,,,,,True,True,complete,"[""Dragon"",""Ghost""]","{""hp"":3,""attack"":6,""defense"":3,""special_attack"":4,""special_defense"":3,""speed"":8}","{""raw"":""1' 8\"" / 0.5m (Small)"",""meters"":0.5,""size_class"":""Small""}","{""raw"":""4.4 lbs / 2kg (1)"",""kg"":2.0,""weight_class"":1}","{""raw"":""50% M / 50% F"",""male_percent"":50.0,""female_percent"":50.0,""genderless"":false}","[""Indeterminate"",""Dragon""]","[""Forest"",""Mountain"",""Ocean""]",gen8,862,False,"{""unresolved_abilities"":0,""unresolved_move_references"":3,""unresolved_capabilities"":0}"
drifblim,Drifblim,,,,,,,,True,True,complete,"[""Ghost"",""Flying""]","{""hp"":15,""attack"":8,""defense"":4,""special_attack"":9,""special_defense"":5,""speed"":8}","{""raw"":""3' 11\"" / 1.2m (Medium)"",""meters"":1.2,""size_class"":""Medium""}","{""raw"":""33.1 lbs / 15kg (2)"",""kg"":15.0,""weight_class"":2}","{""raw"":""50% M / 50% F"",""male_percent"":50.0,""female_percent"":50.0,""genderless"":false}","[""Indeterminate""]","[""Forest"",""Urban""]",gen8,432,False,"{""unresolved_abilities"":0,""unresolved_move_references"":0,""unresolved_capabilities"":0}"
drifloon,Drifloon,,,,,,,,True,True,complete,"[""Ghost"",""Flying""]","{""hp"":9,""attack"":5,""defense"":3,""special_attack"":6,""special_defense"":4,""speed"":7}","{""raw"":""1' 4\"" / 0.4m (Small)"",""meters"":0.4,""size_class"":""Small""}","{""raw"":""2.6 lbs / 1.2kg (1)"",""kg"":1.2,""weight_class"":1}","{""raw"":""50% M / 50% F"",""male_percent"":50.0,""female_percent"":50.0,""genderless"":false}","[""Indeterminate""]","[""Forest"",""Urban""]",gen8,431,False,"{""unresolved_abilities"":0,""unresolved_move_references"":0,""unresolved_capabilities"":0}"
drilbur,Drilbur,,,,,,,,True,True,complete,"[""Ground""]","{""hp"":6,""attack"":9,""defense"":4,""special_attack"":3,""special_defense"":5,""speed"":7}","{""raw"":""1' 0\"" / 0.3m (Small)"",""meters"":0.3,""size_class"":""Small""}","{""raw"":""18.7 lbs / 8.5kg (1)"",""kg"":8.5,""weight_class"":1}","{""raw"":""50% M / 50% F"",""male_percent"":50.0,""female_percent"":50.0,""genderless"":false}","[""Field""]","[""Cave"",""Mountain""]",gen8,494,False,"{""unresolved_abilities"":0,""unresolved_move_references"":0,""unresolved_capabilities"":0}"
drizzile,Drizzile,,,,,,,,True,True,complete,"[""Water""]","{""hp"":7,""attack"":6,""defense"":6,""special_attack"":10,""special_defense"":6,""speed"":9}","{""raw"":""2' 4\"" / 0.7m (Small)"",""meters"":0.7,""size_class"":""Small""}","{""raw"":""25.4 lbs / 11.5kg (2)"",""kg"":11.5,""weight_class"":2}","{""raw"":""87.5% M / 12.5% F"",""male_percent"":87.5,""female_percent"":12.5,""genderless"":false}","[""Water 1"",""Field""]","[""Freshwater"",""Marsh""]",gen8,86,False,"{""unresolved_abilities"":0,""unresolved_move_references"":3,""unresolved_capabilities"":0}"
drowzee,Drowzee,,,,,,,,True,True,complete,"[""Psychic""]","{""hp"":6,""attack"":5,""defense"":5,""special_attack"":4,""special_defense"":9,""speed"":4}","{""raw"":""3' 3\"" / 1m (Medium)"",""meters"":1.0,""size_class"":""Medium""}","{""raw"":""71.4 lbs / 32.4kg (3)"",""kg"":32.4,""weight_class"":3}","{""raw"":""50% M / 50% F"",""male_percent"":50.0,""female_percent"":50.0,""genderless"":false}","[""Humanshape""]","[""Grassland"",""Marsh"",""Urban""]",gen8,588,False,"{""unresolved_abilities"":0,""unresolved_move_references"":0,""unresolved_capabilities"":0}"
druddigon,Druddigon,,,,,,,,True,True,complete,"[""Dragon""]","{""hp"":8,""attack"":12,""defense"":9,""special_attack"":6,""special_defense"":9,""speed"":5}","{""raw"":""5' 3\"" / 1.6m (Medium)"",""meters"":1.6,""size_class"":""Medium""}","{""raw"":""306.4 lbs / 139kg (5)"",""kg"":139.0,""weight_class"":5}","{""raw"":""50% M / 50% F"",""male_percent"":50.0,""female_percent"":50.0,""genderless"":false}","[""Dragon"",""Monster""]","[""Cave""]",gen8,693,False,"{""unresolved_abilities"":0,""unresolved_move_references"":0,""unresolved_capabilities"":0}"
dubwool,Dubwool,,,,,,,,True,True,complete,"[""Normal""]","{""hp"":7,""attack"":8,""defense"":10,""special_attack"":6,""special_defense"":9,""speed"":9}","{""raw"":""4' 3\"" / 1.3m (Medium)"",""meters"":1.3,""size_class"":""Medium""}","{""raw"":""94.8 lbs / 43kg (3)"",""kg"":43.0,""weight_class"":3}","{""raw"":""50% M / 50% F"",""male_percent"":50.0,""female_percent"":50.0,""genderless"":false}","[""Field""]","[""Grassland""]",gen8,564,False,"{""unresolved_abilities"":0,""unresolved_move_references"":0,""unresolved_capabilities"":0}"
ducklett,Ducklett,,,,,,,,True,True,complete,"[""Water"",""Flying""]","{""hp"":6,""attack"":4,""defense"":5,""special_attack"":4,""special_defense"":5,""speed"":6}","{""raw"":""1' 8\"" / 0.5m (Small)"",""meters"":0.5,""size_class"":""Small""}","{""raw"":""12.1 lbs / 5.5kg (1)"",""kg"":5.5,""weight_class"":1}","{""raw"":""50% M / 50% F"",""male_percent"":50.0,""female_percent"":50.0,""genderless"":false}","[""Water 1"",""Flying""]","[""Freshwater"",""Marsh""]",gen8,673,False,"{""unresolved_abilities"":0,""unresolved_move_references"":0,""unresolved_capabilities"":0}"
dugtrio,Dugtrio,,,,,,,,True,True,complete,"[""Ground""]","{""hp"":4,""attack"":10,""defense"":5,""special_attack"":5,""special_defense"":7,""speed"":12}","{""raw"":""2' 4\"" / 0.7m (Small)"",""meters"":0.7,""size_class"":""Small""}","{""raw"":""73.4 lbs / 33.3kg (3)"",""kg"":33.3,""weight_class"":3}","{""raw"":""50% M / 50% F"",""male_percent"":50.0,""female_percent"":50.0,""genderless"":false}","[""Field""]","[""Cave"",""Forest"",""Grassland""]",gen8,482,False,"{""unresolved_abilities"":0,""unresolved_move_references"":0,""unresolved_capabilities"":0}"
dugtrio-alola,DUGTRIO Alola,,,,,,,,True,True,complete,"[""Ground"",""Steel""]","{""hp"":4,""attack"":10,""defense"":6,""special_attack"":5,""special_defense"":7,""speed"":11}","{""raw"":""2' 4\"" / 0.7m (Small)"",""meters"":0.7,""size_class"":""Small""}","{""raw"":""146.8 lbs / 66.6kg (4)"",""kg"":66.6,""weight_class"":4}","{""raw"":""50% M / 50% F"",""male_percent"":50.0,""female_percent"":50.0,""genderless"":false}","[""Field""]","[""Cave""]",gen8,788,False,"{""unresolved_abilities"":0,""unresolved_move_references"":1,""unresolved_capabilities"":0}"
dunsparce,Dunsparce,,,,,,,,True,True,complete,"[""Normal""]","{""hp"":10,""attack"":7,""defense"":7,""special_attack"":7,""special_defense"":7,""speed"":5}","{""raw"":""4' 11\"" / 1.5m (Medium)"",""meters"":1.5,""size_class"":""Medium""}","{""raw"":""30.9 lbs / 14kg (2)"",""kg"":14.0,""weight_class"":2}","{""raw"":""50% M / 50% F"",""male_percent"":50.0,""female_percent"":50.0,""genderless"":false}","[""Field""]","[""Cave"",""Desert"",""Forest"",""Grassland""]",gen8,729,False,"{""unresolved_abilities"":0,""unresolved_move_references"":0,""unresolved_capabilities"":0}"
duosion,Duosion,,,,,,,,True,True,complete,"[""Psychic""]","{""hp"":7,""attack"":4,""defense"":5,""special_attack"":13,""special_defense"":6,""speed"":3}","{""raw"":""2' 0\"" / 0.6m (Small)"",""meters"":0.6,""size_class"":""Small""}","{""raw"":""17.6 lbs / 8kg (1)"",""kg"":8.0,""weight_class"":1}","{""raw"":""50% M / 50% F"",""male_percent"":50.0,""female_percent"":50.0,""genderless"":false}","[""Indeterminate""]","[""Cave"",""Forest""]",gen8,263,False,"{""unresolved_abilities"":0,""unresolved_move_references"":0,""unresolved_capabilities"":0}"
duraludon,Duraludon,,,,,,,,True,True,complete,"[""Steel"",""Dragon""]","{""hp"":7,""attack"":10,""defense"":12,""special_attack"":12,""special_defense"":5,""speed"":9}","{""raw"":""5' 11\"" / 1.8m (Medium)"",""meters"":1.8,""size_class"":""Medium""}","{""raw"":""88.2 lbs / 40kg (2)"",""kg"":40.0,""weight_class"":2}","{""raw"":""50% M / 50% F"",""male_percent"":50.0,""female_percent"":50.0,""genderless"":false}","[""Mineral"",""Dragon""]","[""Mountain""]",gen8,758,False,"{""unresolved_abilities"":1,""unresolved_move_references"":0,""unresolved_capabilities"":0}"
durant,Durant,,,,,,,,True,True,complete,"[""Bug"",""Steel""]","{""hp"":6,""attack"":11,""defense"":11,""special_attack"":5,""special_defense"":5,""speed"":11}","{""raw"":""1' 0\"" / 0.3m (Small)"",""meters"":0.3,""size_class"":""Small""}","{""raw"":""72.8 lbs / 33kg (3)"",""kg"":33.0,""weight_class"":3}","{""raw"":""50% M / 50% F"",""male_percent"":50.0,""female_percent"":50.0,""genderless"":false}","[""Bug""]","[""Cave"",""Desert"",""Mountain""]",gen8,690,False,"{""unresolved_abilities"":0,""unresolved_move_references"":0,""unresolved_capabilities"":0}"
dusclops,Dusclops,,,,,,,,True,True,complete,"[""Ghost""]","{""hp"":4,""attack"":7,""defense"":13,""special_attack"":6,""special_defense"":13,""speed"":3}","{""raw"":""5' 3\"" / 1.6m (Medium)"",""meters"":1.6,""size_class"":""Medium""}","{""raw"":""67.5 lbs / 30.6kg (3)"",""kg"":30.6,""weight_class"":3}","{""raw"":""50% M / 50% F"",""male_percent"":50.0,""female_percent"":50.0,""genderless"":false}","[""Indeterminate""]","[""Cave"",""Forest"",""Mountain""]",gen8,167,False,"{""unresolved_abilities"":0,""unresolved_move_references"":0,""unresolved_capabilities"":0}"
dusknoir,Dusknoir,,,,,,,,True,True,complete,"[""Ghost""]","{""hp"":5,""attack"":10,""defense"":14,""special_attack"":7,""special_defense"":14,""speed"":5}","{""raw"":""7' 3\"" / 2.2m (Large)"",""meters"":2.2,""size_class"":""Large""}","{""raw"":""235 lbs / 106.6kg (5)"",""kg"":106.6,""weight_class"":5}","{""raw"":""50% M / 50% F"",""male_percent"":50.0,""female_percent"":50.0,""genderless"":false}","[""Indeterminate""]","[""Cave"",""Forest"",""Mountain""]",gen8,168,False,"{""unresolved_abilities"":0,""unresolved_move_references"":0,""unresolved_capabilities"":0}"
duskull,Duskull,,,,,,,,True,True,complete,"[""Ghost""]","{""hp"":2,""attack"":4,""defense"":9,""special_attack"":3,""special_defense"":9,""speed"":3}","{""raw"":""2' 7\"" / 0.8m (Small)"",""meters"":0.8,""size_class"":""Small""}","{""raw"":""33.1 lbs / 15kg (2)"",""kg"":15.0,""weight_class"":2}","{""raw"":""50% M / 50% F"",""male_percent"":50.0,""female_percent"":50.0,""genderless"":false}","[""Indeterminate""]","[""Cave"",""Forest"",""Mountain""]",gen8,166,False,"{""unresolved_abilities"":0,""unresolved_move_references"":0,""unresolved_capabilities"":0}"
dustox,Dustox,,,,,,,,True,True,complete,"[""Bug"",""Poison""]","{""hp"":6,""attack"":5,""defense"":7,""special_attack"":5,""special_defense"":9,""speed"":7}","{""raw"":""3' 11\"" / 1.2m (Medium)"",""meters"":1.2,""size_class"":""Medium""}","{""raw"":""69.7 lbs / 31.6kg (3)"",""kg"":31.6,""weight_class"":3}","{""raw"":""50% M / 50% F"",""male_percent"":50.0,""female_percent"":50.0,""genderless"":false}","[""Bug""]","[""Forest"",""Rainforest""]",gen8,98,False,"{""unresolved_abilities"":0,""unresolved_move_references"":0,""unresolved_capabilities"":0}"
dwebble,Dwebble,,,,,,,,True,True,complete,"[""Bug"",""Rock""]","{""hp"":5,""attack"":7,""defense"":9,""special_attack"":4,""special_defense"":4,""speed"":6}","{""raw"":""1' 0\"" / 0.3m (Small)"",""meters"":0.3,""size_class"":""Small""}","{""raw"":""32 lbs / 14.5kg (2)"",""kg"":14.5,""weight_class"":2}","{""raw"":""50% M / 50% F"",""male_percent"":50.0,""female_percent"":50.0,""genderless"":false}","[""Bug"",""Mineral""]","[""Cave"",""Desert"",""Grassland"",""Mountain""]",gen8,330,False,"{""unresolved_abilities"":0,""unresolved_move_references"":0,""unresolved_capabilities"":0}"
eelektrik,Eelektrik,,,,,,,,True,True,complete,"[""Electric""]","{""hp"":7,""attack"":9,""defense"":7,""special_attack"":8,""special_defense"":7,""speed"":4}","{""raw"":""3' 11\"" / 1.2m (Medium)"",""meters"":1.2,""size_class"":""Medium""}","{""raw"":""48.5 lbs / 22.2kg (2)"",""kg"":22.2,""weight_class"":2}","{""raw"":""50% M / 50% F"",""male_percent"":50.0,""female_percent"":50.0,""genderless"":false}","[""Indeterminate""]","[""Cave"",""Freshwater""]",gen8,137,False,"{""unresolved_abilities"":0,""unresolved_move_references"":0,""unresolved_capabilities"":0}"
eelektross,Eelektross,,,,,,,,True,True,complete,"[""Electric""]","{""hp"":9,""attack"":12,""defense"":8,""special_attack"":11,""special_defense"":8,""speed"":5}","{""raw"":""6' 11\"" / 2.1m (Large)"",""meters"":2.1,""size_class"":""Large""}","{""raw"":""177.5 lbs / 80.5kg (4)"",""kg"":80.5,""weight_class"":4}","{""raw"":""50% M / 50% F"",""male_percent"":50.0,""female_percent"":50.0,""genderless"":false}","[""Indeterminate""]","[""Cave"",""Freshwater""]",gen8,138,False,"{""unresolved_abilities"":0,""unresolved_move_references"":1,""unresolved_capabilities"":0}"
eevee,Eevee,,,,,,,,True,True,complete,"[""Normal""]","{""hp"":6,""attack"":6,""defense"":5,""special_attack"":5,""special_defense"":7,""speed"":6}","{""raw"":""1' 0\"" / 0.3m (Small)"",""meters"":0.3,""size_class"":""Small""}","{""raw"":""14.3 lbs / 6.5kg (1)"",""kg"":6.5,""weight_class"":1}","{""raw"":""87.5% M / 12.5% F"",""male_percent"":87.5,""female_percent"":12.5,""genderless"":false}","[""Field""]","[""Forest"",""Grassland"",""Urban""]",gen8,771,False,"{""unresolved_abilities"":0,""unresolved_move_references"":0,""unresolved_capabilities"":0}"
eiscue-ice-face,EISCUE Ice Face,,,,,,,,True,True,complete,"[""Ice""]","{""hp"":8,""attack"":8,""defense"":11,""special_attack"":7,""special_defense"":9,""speed"":5}","{""raw"":""4' 7\"" / 1.4m (Medium)"",""meters"":1.4,""size_class"":""Medium""}","{""raw"":""196.2 lbs / 89kg (4)"",""kg"":89.0,""weight_class"":4}","{""raw"":""50% M / 50% F"",""male_percent"":50.0,""female_percent"":50.0,""genderless"":false}","[""Water 1"",""Field""]","[""Arctic""]",gen8,723,False,"{""unresolved_abilities"":0,""unresolved_move_references"":0,""unresolved_capabilities"":0}"
eiscue-noice-face,EISCUE Noice Face,,,,,,,,True,True,complete,"[""Ice""]","{""hp"":8,""attack"":8,""defense"":7,""special_attack"":7,""special_defense"":5,""speed"":13}","{""raw"":""4' 7\"" / 1.4m (Medium)"",""meters"":1.4,""size_class"":""Medium""}","{""raw"":""196.2 lbs / 89kg (4)"",""kg"":89.0,""weight_class"":4}","{""raw"":""50% M / 50% F"",""male_percent"":50.0,""female_percent"":50.0,""genderless"":false}","[""Water 1"",""Field""]","[""Arctic""]",gen8,724,False,"{""unresolved_abilities"":0,""unresolved_move_references"":0,""unresolved_capabilities"":0}"
ekans,Ekans,,,,,,,,True,True,complete,"[""Poison""]","{""hp"":4,""attack"":6,""defense"":4,""special_attack"":6,""special_defense"":5,""speed"":6}","{""raw"":""6' 7\"" / 2m (Medium)"",""meters"":2.0,""size_class"":""Medium""}","{""raw"":""15.2 lbs / 6.9kg (1)"",""kg"":6.9,""weight_class"":1}","{""raw"":""50% M / 50% F"",""male_percent"":50.0,""female_percent"":50.0,""genderless"":false}","[""Field"",""Dragon""]","[""Forest"",""Grassland"",""Marsh""]",gen8,565,False,"{""unresolved_abilities"":0,""unresolved_move_references"":0,""unresolved_capabilities"":0}"
eldegoss,Eldegoss,,,,,,,,True,True,complete,"[""Grass""]","{""hp"":6,""attack"":5,""defense"":9,""special_attack"":8,""special_defense"":12,""speed"":6}","{""raw"":""1' 8\"" / 0.5m (Small)"",""meters"":0.5,""size_class"":""Small""}","{""raw"":""5.5 lbs / 2.5kg (1)"",""kg"":2.5,""weight_class"":1}","{""raw"":""50% M / 50% F"",""male_percent"":50.0,""female_percent"":50.0,""genderless"":false}","[""Plant""]","[""Grassland""]",gen8,475,False,"{""unresolved_abilities"":1,""unresolved_move_references"":0,""unresolved_capabilities"":0}"
electabuzz,Electabuzz,,,,,,,,True,True,complete,"[""Electric""]","{""hp"":7,""attack"":8,""defense"":6,""special_attack"":10,""special_defense"":9,""speed"":11}","{""raw"":""3' 7\"" / 1.1m (Medium)"",""meters"":1.1,""size_class"":""Medium""}","{""raw"":""66.1 lbs / 30kg (3)"",""kg"":30.0,""weight_class"":3}","{""raw"":""75% M / 25% F"",""male_percent"":75.0,""female_percent"":25.0,""genderless"":false}","[""Humanshape""]","[""Forest"",""Grassland"",""Urban""]",gen8,128,False,"{""unresolved_abilities"":1,""unresolved_move_references"":0,""unresolved_capabilities"":0}"
electivire,Electivire,,,,,,,,True,True,complete,"[""Electric""]","{""hp"":8,""attack"":12,""defense"":7,""special_attack"":10,""special_defense"":9,""speed"":10}","{""raw"":""5' 11\"" / 1.8m (Medium)"",""meters"":1.8,""size_class"":""Medium""}","{""raw"":""305.6 lbs / 138.6kg (5)"",""kg"":138.6,""weight_class"":5}","{""raw"":""75% M / 25% F"",""male_percent"":75.0,""female_percent"":25.0,""genderless"":false}","[""Humanshape""]","[""Forest"",""Grassland"",""Urban""]",gen8,129,False,"{""unresolved_abilities"":1,""unresolved_move_references"":0,""unresolved_capabilities"":0}"
electrike,Electrike,,,,,,,,True,True,complete,"[""Electric""]","{""hp"":4,""attack"":5,""defense"":4,""special_attack"":7,""special_defense"":4,""speed"":7}","{""raw"":""2' 0\"" / 0.6m (Small)"",""meters"":0.6,""size_class"":""Small""}","{""raw"":""33.5 lbs / 15.2kg (2)"",""kg"":15.2,""weight_class"":2}","{""raw"":""50% M / 50% F"",""male_percent"":50.0,""female_percent"":50.0,""genderless"":false}","[""Field""]","[""Forest"",""Grassland"",""Urban""]",gen8,368,False,"{""unresolved_abilities"":0,""unresolved_move_references"":0,""unresolved_capabilities"":0}"
electrode,Electrode,,,,,,,,True,True,complete,"[""Electric""]","{""hp"":6,""attack"":5,""defense"":7,""special_attack"":8,""special_defense"":8,""speed"":15}","{""raw"":""3' 11\"" / 1.2m (Medium)"",""meters"":1.2,""size_class"":""Medium""}","{""raw"":""146.8 lbs / 66.6kg (6)"",""kg"":66.6,""weight_class"":6}","{""raw"":""No Gender"",""genderless"":true,""male_percent"":0.0,""female_percent"":0.0}","[""Mineral""]","[""Urban""]",gen8,367,False,"{""unresolved_abilities"":0,""unresolved_move_references"":0,""unresolved_capabilities"":0}"
elekid,Elekid,,,,,,,,True,True,complete,"[""Electric""]","{""hp"":5,""attack"":8,""defense"":4,""special_attack"":7,""special_defense"":6,""speed"":8}","{""raw"":""2' 0\"" / 0.6m (Small)"",""meters"":0.6,""size_class"":""Small""}","{""raw"":""51.8 lbs / 23.5kg (2)"",""kg"":23.5,""weight_class"":2}","{""raw"":""75% M / 25% F"",""male_percent"":75.0,""female_percent"":25.0,""genderless"":false}","[""Humanshape""]","[""Forest"",""Grassland"",""Urban""]",gen8,127,False,"{""unresolved_abilities"":1,""unresolved_move_references"":0,""unresolved_capabilities"":0}"
elgyem,Elgyem,,,,,,,,True,True,complete,"[""Psychic""]","{""hp"":6,""attack"":6,""defense"":6,""special_attack"":9,""special_defense"":6,""speed"":3}","{""raw"":""1' 8\"" / 0.5m (Small)"",""meters"":0.5,""size_class"":""Small""}","{""raw"":""19.8 lbs / 9kg (1)"",""kg"":9.0,""weight_class"":1}","{""raw"":""50% M / 50% F"",""male_percent"":50.0,""female_percent"":50.0,""genderless"":false}","[""Humanshape""]","[""Mountain"",""Urban""]",gen8,602,False,"{""unresolved_abilities"":0,""unresolved_move_references"":0,""unresolved_capabilities"":0}"
emboar,Emboar,,,,,,,,True,True,complete,"[""Fire"",""Fighting""]","{""hp"":11,""attack"":12,""defense"":7,""special_attack"":10,""special_defense"":7,""speed"":7}","{""raw"":""5' 3\"" / 1.6m (Medium)"",""meters"":1.6,""size_class"":""Medium""}","{""raw"":""330.7 lbs / 150kg (5)"",""kg"":150.0,""weight_class"":5}","{""raw"":""87.5% M / 12.5% F"",""male_percent"":87.5,""female_percent"":12.5,""genderless"":false}","[""Field""]","[""Forest"",""Grassland"",""Mountain""]",gen8,54,False,"{""unresolved_abilities"":0,""unresolved_move_references"":0,""unresolved_capabilities"":0}"
emolga,Emolga,,,,,,,,True,True,complete,"[""Electric"",""Flying""]","{""hp"":6,""attack"":8,""defense"":6,""special_attack"":8,""special_defense"":6,""speed"":10}","{""raw"":""1' 4\"" / 0.4m (Small)"",""meters"":0.4,""size_class"":""Small""}","{""raw"":""11 lbs / 5kg (1)"",""kg"":5.0,""weight_class"":1}","{""raw"":""50% M / 50% F"",""male_percent"":50.0,""female_percent"":50.0,""genderless"":false}","[""Field""]","[""Forest"",""Urban""]",gen8,699,False,"{""unresolved_abilities"":0,""unresolved_move_references"":0,""unresolved_capabilities"":0}"
empoleon,Empoleon,,,,,,,,True,True,complete,"[""Water"",""Steel""]","{""hp"":8,""attack"":9,""defense"":9,""special_attack"":11,""special_defense"":10,""speed"":6}","{""raw"":""5' 7\"" / 1.7m (Medium)"",""meters"":1.7,""size_class"":""Medium""}","{""raw"":""186.3 lbs / 84.5kg (4)"",""kg"":84.5,""weight_class"":4}","{""raw"":""87.5% M / 12.5% F"",""male_percent"":87.5,""female_percent"":12.5,""genderless"":false}","[""Water 1"",""Field""]","[""Beach"",""Taiga"",""Tundra""]",gen8,75,False,"{""unresolved_abilities"":0,""unresolved_move_references"":1,""unresolved_capabilities"":0}"
entei,Entei,,,,,,,,True,True,complete,"[""Fire""]","{""hp"":12,""attack"":12,""defense"":9,""special_attack"":9,""special_defense"":8,""speed"":10}","{""raw"":""6' 11\"" / 2.1m (Large)"",""meters"":2.1,""size_class"":""Large""}","{""raw"":""436.5 lbs / 198kg (5)"",""kg"":198.0,""weight_class"":5}","{""raw"":""No Gender"",""genderless"":true,""male_percent"":0.0,""female_percent"":0.0}","[""None""]","[""Mountain""]",gen8,872,False,"{""unresolved_abilities"":0,""unresolved_move_references"":0,""unresolved_capabilities"":0}"
escavalier,Escavalier,,,,,,,,True,True,complete,"[""Bug"",""Steel""]","{""hp"":7,""attack"":14,""defense"":11,""special_attack"":6,""special_defense"":11,""speed"":2}","{""raw"":""3' 3\"" / 1m (Medium)"",""meters"":1.0,""size_class"":""Medium""}","{""raw"":""72.8 lbs / 33kg (3)"",""kg"":33.0,""weight_class"":3}","{""raw"":""50% M / 50% F"",""male_percent"":50.0,""female_percent"":50.0,""genderless"":false}","[""Bug""]","[""Forest""]",gen8,333,False,"{""unresolved_abilities"":0,""unresolved_move_references"":0,""unresolved_capabilities"":0}"
espeon,Espeon,,,,,,,,True,True,complete,"[""Psychic""]","{""hp"":7,""attack"":7,""defense"":6,""special_attack"":13,""special_defense"":10,""speed"":11}","{""raw"":""2' 11\"" / 0.9m (Small)"",""meters"":0.9,""size_class"":""Small""}","{""raw"":""58.4 lbs / 26.5kg (3)"",""kg"":26.5,""weight_class"":3}","{""raw"":""87.5% M / 12.5% F"",""male_percent"":87.5,""female_percent"":12.5,""genderless"":false}","[""Field""]","[""Forest"",""Grassland"",""Urban""]",gen8,775,False,"{""unresolved_abilities"":2,""unresolved_move_references"":0,""unresolved_capabilities"":0}"
espurr,Espurr,,,,,,,,True,True,complete,"[""Psychic""]","{""hp"":6,""attack"":5,""defense"":5,""special_attack"":6,""special_defense"":6,""speed"":7}","{""raw"":""1' 0\"" / 0.3m (Small)"",""meters"":0.3,""size_class"":""Small""}","{""raw"":""7.7 lbs / 3.5kg (1)"",""kg"":3.5,""weight_class"":1}","{""raw"":""50% M / 50% F"",""male_percent"":50.0,""female_percent"":50.0,""genderless"":false}","[""Field""]","[""Grassland"",""Urban""]",gen8,604,False,"{""unresolved_abilities"":0,""unresolved_move_references"":6,""unresolved_capabilities"":0}"
eternatus,Eternatus,,,,,,,,True,True,complete,"[""Poison"",""Dragon""]","{""hp"":14,""attack"":9,""defense"":10,""special_attack"":15,""special_defense"":10,""speed"":13}","{""raw"":""65' 7\"" / 20m (Gigantic)"",""meters"":20.0,""size_class"":""Gigantic""}","{""raw"":""2094.4 lbs / 950kg (6)"",""kg"":950.0,""weight_class"":6}","{""raw"":""No Gender"",""genderless"":true,""male_percent"":0.0,""female_percent"":0.0}","[""None""]","[""Space""]",gen8,967,False,"{""unresolved_abilities"":0,""unresolved_move_references"":0,""unresolved_capabilities"":0}"
excadrill,Excadrill,,,,,,,,True,True,complete,"[""Ground"",""Steel""]","{""hp"":11,""attack"":14,""defense"":6,""special_attack"":5,""special_defense"":7,""speed"":9}","{""raw"":""2' 4\"" / 0.7m (Small)"",""meters"":0.7,""size_class"":""Small""}","{""raw"":""89.1 lbs / 40.4kg (3)"",""kg"":40.4,""weight_class"":3}","{""raw"":""50% M / 50% F"",""male_percent"":50.0,""female_percent"":50.0,""genderless"":false}","[""Field""]","[""Cave"",""Mountain""]",gen8,495,False,"{""unresolved_abilities"":0,""unresolved_move_references"":0,""unresolved_capabilities"":0}"
exeggcute,Exeggcute,,,,,,,,True,True,complete,"[""Grass"",""Psychic""]","{""hp"":6,""attack"":4,""defense"":8,""special_attack"":6,""special_defense"":5,""speed"":4}","{""raw"":""1' 4\"" / 0.4m (Small)"",""meters"":0.4,""size_class"":""Small""}","{""raw"":""5.5 lbs / 2.5kg (1)"",""kg"":2.5,""weight_class"":1}","{""raw"":""50% M / 50% F"",""male_percent"":50.0,""female_percent"":50.0,""genderless"":false}","[""Plant""]","[""Forest"",""Grassland"",""Rainforest""]",gen8,443,False,"{""unresolved_abilities"":0,""unresolved_move_references"":0,""unresolved_capabilities"":0}"
exeggutor,Exeggutor,,,,,,,,True,True,complete,"[""Grass"",""Psychic""]","{""hp"":10,""attack"":10,""defense"":9,""special_attack"":13,""special_defense"":8,""speed"":6}","{""raw"":""6' 7\"" / 2m (Large)"",""meters"":2.0,""size_class"":""Large""}","{""raw"":""264.6 lbs / 120kg (5)"",""kg"":120.0,""weight_class"":5}","{""raw"":""50% M / 50% F"",""male_percent"":50.0,""female_percent"":50.0,""genderless"":false}","[""Plant""]","[""Forest"",""Rainforest""]",gen8,444,False,"{""unresolved_abilities"":0,""unresolved_move_references"":0,""unresolved_capabilities"":0}"
exeggutor-alola,EXEGGUTOR Alola,,,,,,,,True,True,complete,"[""Grass"",""Dragon""]","{""hp"":10,""attack"":11,""defense"":9,""special_attack"":13,""special_defense"":8,""speed"":5}","{""raw"":""35' 9\"" / 10.9m (Huge)"",""meters"":10.9,""size_class"":""Huge""}","{""raw"":""916.2 lbs / 415.6kg (6)"",""kg"":415.6,""weight_class"":6}","{""raw"":""50% M / 50% F"",""male_percent"":50.0,""female_percent"":50.0,""genderless"":false}","[""Plant""]","[""Grassland"",""Rainforest""]",gen8,445,False,"{""unresolved_abilities"":0,""unresolved_move_references"":0,""unresolved_capabilities"":0}"
exploud,Exploud,,,,,,,,True,True,complete,"[""Normal""]","{""hp"":10,""attack"":9,""defense"":6,""special_attack"":9,""special_defense"":7,""speed"":7}","{""raw"":""4' 11\"" / 1.5m (Medium)"",""meters"":1.5,""size_class"":""Medium""}","{""raw"":""185.2 lbs / 84kg (4)"",""kg"":84.0,""weight_class"":4}","{""raw"":""50% M / 50% F"",""male_percent"":50.0,""female_percent"":50.0,""genderless"":false}","[""Monster"",""Field""]","[""Cave""]",gen8,226,False,"{""unresolved_abilities"":0,""unresolved_move_references"":0,""unresolved_capabilities"":0}"
falinks,Falinks,,,,,,,,True,True,complete,"[""Fighting""]","{""hp"":7,""attack"":10,""defense"":10,""special_attack"":7,""special_defense"":6,""speed"":8}","{""raw"":""9' 10\"" / 3m (Huge)"",""meters"":3.0,""size_class"":""Huge""}","{""raw"":""136.7 lbs / 62kg (4)"",""kg"":62.0,""weight_class"":4}","{""raw"":""No Gender"",""genderless"":true,""male_percent"":0.0,""female_percent"":0.0}","[""Fairy"",""Mineral""]","[""Mountain""]",gen8,709,False,"{""unresolved_abilities"":0,""unresolved_move_references"":0,""unresolved_capabilities"":0}"
rotom-fan,Fan Rotom,,,4,rotom-normal-form,form,,,False,False,partial,"[""Electric"",""Flying""]","{""hp"":5,""attack"":7,""defense"":11,""special_attack"":11,""special_defense"":11,""speed"":9}","{""raw"":""Medium size"",""size_class"":""Medium""}","{""raw"":""Weight Class 3"",""weight_class"":3}","{""raw"":""No Gender"",""genderless"":true,""male_percent"":0.0,""female_percent"":0.0}","[""Indeterminate""]","[""Urban""]",gen8,698,True,"{""unresolved_abilities"":0,""unresolved_move_references"":0,""unresolved_capabilities"":0}"
farfetchd,Farfetch’D,,,,,,,,True,True,complete,"[""Normal"",""Flying""]","{""hp"":5,""attack"":9,""defense"":6,""special_attack"":6,""special_defense"":6,""speed"":6}","{""raw"":""2' 7\"" / 0.8m (Small)"",""meters"":0.8,""size_class"":""Small""}","{""raw"":""33.1 lbs / 15kg (2)"",""kg"":15.0,""weight_class"":2}","{""raw"":""50% M / 50% F"",""male_percent"":50.0,""female_percent"":50.0,""genderless"":false}","[""Flying"",""Field""]","[""Freshwater"",""Grassland"",""Marsh""]",gen8,725,False,"{""unresolved_abilities"":0,""unresolved_move_references"":0,""unresolved_capabilities"":0}"
farfetchd-galar,FARFETCH’D Galar,,,,,,,,True,True,complete,"[""Fighting""]","{""hp"":5,""attack"":10,""defense"":6,""special_attack"":6,""special_defense"":6,""speed"":6}","{""raw"":""2' 7\"" / 0.8m (Small)"",""meters"":0.8,""size_class"":""Small""}","{""raw"":""92.6 lbs / 42kg (3)"",""kg"":42.0,""weight_class"":3}","{""raw"":""50% M / 50% F"",""male_percent"":50.0,""female_percent"":50.0,""genderless"":false}","[""Flying"",""Field""]","[""Grassland""]",gen8,800,False,"{""unresolved_abilities"":0,""unresolved_move_references"":0,""unresolved_capabilities"":0}"
fearow,Fearow,,,,,,,,True,True,complete,"[""Normal"",""Flying""]","{""hp"":7,""attack"":9,""defense"":7,""special_attack"":6,""special_defense"":6,""speed"":10}","{""raw"":""3' 11\"" / 1.2m (Medium)"",""meters"":1.2,""size_class"":""Medium""}","{""raw"":""83.8 lbs / 38kg (3)"",""kg"":38.0,""weight_class"":3}","{""raw"":""50% M / 50% F"",""male_percent"":50.0,""female_percent"":50.0,""genderless"":false}","[""Flying""]","[""Forest"",""Grassland"",""Mountain""]",gen8,516,False,"{""unresolved_abilities"":0,""unresolved_move_references"":0,""unresolved_capabilities"":0}"
feebas,Feebas,,,,,,,,True,True,complete,"[""Water""]","{""hp"":2,""attack"":2,""defense"":2,""special_attack"":1,""special_defense"":6,""speed"":8}","{""raw"":""2' 0\"" / 0.6m (Small)"",""meters"":0.6,""size_class"":""Small""}","{""raw"":""16.3 lbs / 7.4kg (1)"",""kg"":7.4,""weight_class"":1}","{""raw"":""50% M / 50% F"",""male_percent"":50.0,""female_percent"":50.0,""genderless"":false}","[""Water 1"",""Dragon""]","[""Freshwater"",""Marsh""]",gen8,660,False,"{""unresolved_abilities"":0,""unresolved_move_references"":3,""unresolved_capabilities"":0}"
fennekin,Fennekin,,,,,,,,True,True,complete,"[""Fire""]","{""hp"":4,""attack"":5,""defense"":4,""special_attack"":6,""special_defense"":6,""speed"":6}","{""raw"":""1' 4\"" / 0.4m (Small)"",""meters"":0.4,""size_class"":""Small""}","{""raw"":""20.7 lbs / 9.4kg (1)"",""kg"":9.4,""weight_class"":1}","{""raw"":""87.5% M / 12.5% F"",""male_percent"":87.5,""female_percent"":12.5,""genderless"":false}","[""Field""]","[""Forest"",""Grassland"",""Urban""]",gen8,55,False,"{""unresolved_abilities"":0,""unresolved_move_references"":0,""unresolved_capabilities"":0}"
feraligatr,Feraligatr,,,,,,,,True,True,complete,"[""Water""]","{""hp"":9,""attack"":11,""defense"":10,""special_attack"":8,""special_defense"":8,""speed"":8}","{""raw"":""7' 7\"" / 2.3m (Large)"",""meters"":2.3,""size_class"":""Large""}","{""raw"":""195.8 lbs / 88.8kg (4)"",""kg"":88.8,""weight_class"":4}","{""raw"":""87.5% M / 12.5% F"",""male_percent"":87.5,""female_percent"":12.5,""genderless"":false}","[""Monster"",""Water 1""]","[""Beach"",""Freshwater"",""Marsh""]",gen8,69,False,"{""unresolved_abilities"":0,""unresolved_move_references"":0,""unresolved_capabilities"":0}"
ferroseed,Ferroseed,,,,,,,,True,True,complete,"[""Grass"",""Steel""]","{""hp"":4,""attack"":5,""defense"":9,""special_attack"":2,""special_defense"":9,""speed"":1}","{""raw"":""2' 0\"" / 0.6m (Small)"",""meters"":0.6,""size_class"":""Small""}","{""raw"":""41.5 lbs / 18.8kg (2)"",""kg"":18.8,""weight_class"":2}","{""raw"":""50% M / 50% F"",""male_percent"":50.0,""female_percent"":50.0,""genderless"":false}","[""Plant"",""Mineral""]","[""Cave"",""Mountain""]",gen8,466,False,"{""unresolved_abilities"":0,""unresolved_move_references"":0,""unresolved_capabilities"":0}"
ferrothorn,Ferrothorn,,,,,,,,True,True,complete,"[""Grass"",""Steel""]","{""hp"":7,""attack"":9,""defense"":13,""special_attack"":5,""special_defense"":12,""speed"":2}","{""raw"":""3' 3\"" / 1m (Medium)"",""meters"":1.0,""size_class"":""Medium""}","{""raw"":""242.5 lbs / 110kg (5)"",""kg"":110.0,""weight_class"":5}","{""raw"":""50% M / 50% F"",""male_percent"":50.0,""female_percent"":50.0,""genderless"":false}","[""Plant"",""Mineral""]","[""Cave"",""Mountain""]",gen8,467,False,"{""unresolved_abilities"":0,""unresolved_move_references"":0,""unresolved_capabilities"":0}"
finneon,Finneon,,,,,,,,True,True,complete,"[""Water""]","{""hp"":5,""attack"":5,""defense"":6,""special_attack"":5,""special_defense"":6,""speed"":7}","{""raw"":""1' 4\"" / 0.4m (Small)"",""meters"":0.4,""size_class"":""Small""}","{""raw"":""15.4 lbs / 7kg (1)"",""kg"":7.0,""weight_class"":1}","{""raw"":""50% M / 50% F"",""male_percent"":50.0,""female_percent"":50.0,""genderless"":false}","[""Water 2""]","[""Ocean""]",gen8,669,False,"{""unresolved_abilities"":0,""unresolved_move_references"":0,""unresolved_capabilities"":0}"
flaaffy,Flaaffy,,,,,,,,True,True,complete,"[""Electric""]","{""hp"":7,""attack"":6,""defense"":6,""special_attack"":8,""special_defense"":6,""speed"":5}","{""raw"":""2' 7\"" / 0.8m (Small)"",""meters"":0.8,""size_class"":""Small""}","{""raw"":""29.3 lbs / 13.3kg (2)"",""kg"":13.3,""weight_class"":2}","{""raw"":""50% M / 50% F"",""male_percent"":50.0,""female_percent"":50.0,""genderless"":false}","[""Monster"",""Field""]","[""Grassland""]",gen8,131,False,"{""unresolved_abilities"":0,""unresolved_move_references"":0,""unresolved_capabilities"":0}"
flabebe,FLABÉBÉ,,,,,,,,True,True,complete,"[""Fairy""]","{""hp"":4,""attack"":4,""defense"":4,""special_attack"":6,""special_defense"":8,""speed"":4}","{""raw"":""0' 4\"" / 0.1m (Small)"",""meters"":0.1,""size_class"":""Small""}","{""raw"":""0.2 lbs / 0.1kg (1)"",""kg"":0.1,""weight_class"":1}","{""raw"":""0% M / 100% F"",""male_percent"":0.0,""female_percent"":100.0,""genderless"":false}","[""Fairy""]","[""Forest"",""Grassland""]",gen8,145,False,"{""unresolved_abilities"":0,""unresolved_move_references"":0,""unresolved_capabilities"":0}"
flapple,Flapple,,,,,,,,True,True,complete,"[""Grass"",""Dragon""]","{""hp"":7,""attack"":11,""defense"":8,""special_attack"":10,""special_defense"":6,""speed"":7}","{""raw"":""1' 0\"" / 0.3m (Small)"",""meters"":0.3,""size_class"":""Small""}","{""raw"":""2.2 lbs / 1kg (1)"",""kg"":1.0,""weight_class"":1}","{""raw"":""50% M / 50% F"",""male_percent"":50.0,""female_percent"":50.0,""genderless"":false}","[""Plant"",""Dragon""]","[""Forest"",""Grassland""]",gen8,477,False,"{""unresolved_abilities"":0,""unresolved_move_references"":1,""unresolved_capabilities"":0}"
flareon,Flareon,,,,,,,,True,True,complete,"[""Fire""]","{""hp"":7,""attack"":13,""defense"":6,""special_attack"":10,""special_defense"":11,""speed"":7}","{""raw"":""2' 11\"" / 0.9m (Small)"",""meters"":0.9,""size_class"":""Small""}","{""raw"":""55.1 lbs / 25kg (3)"",""kg"":25.0,""weight_class"":3}","{""raw"":""87.5% M / 12.5% F"",""male_percent"":87.5,""female_percent"":12.5,""genderless"":false}","[""Field""]","[""Cave"",""Mountain"",""Urban""]",gen8,774,False,"{""unresolved_abilities"":1,""unresolved_move_references"":0,""unresolved_capabilities"":0}"
fletchinder,Fletchinder,,,,,,,,True,True,complete,"[""Fire"",""Flying""]","{""hp"":6,""attack"":7,""defense"":6,""special_attack"":6,""special_defense"":5,""speed"":8}","{""raw"":""2' 4\"" / 0.7m (Small)"",""meters"":0.7,""size_class"":""Small""}","{""raw"":""35.3 lbs / 16kg (2)"",""kg"":16.0,""weight_class"":2}","{""raw"":""50% M / 50% F"",""male_percent"":50.0,""female_percent"":50.0,""genderless"":false}","[""Flying""]","[""Forest"",""Grassland""]",gen8,158,False,"{""unresolved_abilities"":0,""unresolved_move_references"":0,""unresolved_capabilities"":0}"
fletchling,Fletchling,,,,,,,,True,True,complete,"[""Normal"",""Flying""]","{""hp"":5,""attack"":5,""defense"":4,""special_attack"":4,""special_defense"":4,""speed"":6}","{""raw"":""1' 0\"" / 0.3m (Small)"",""meters"":0.3,""size_class"":""Small""}","{""raw"":""3.7 lbs / 1.7kg (1)"",""kg"":1.7,""weight_class"":1}","{""raw"":""50% M / 50% F"",""male_percent"":50.0,""female_percent"":50.0,""genderless"":false}","[""Flying""]","[""Forest"",""Grassland""]",gen8,157,False,"{""unresolved_abilities"":0,""unresolved_move_references"":0,""unresolved_capabilities"":0}"
floatzel,Floatzel,,,,,,,,True,True,complete,"[""Water""]","{""hp"":9,""attack"":11,""defense"":6,""special_attack"":9,""special_defense"":5,""speed"":12}","{""raw"":""3' 7\"" / 1.1m (Medium)"",""meters"":1.1,""size_class"":""Medium""}","{""raw"":""73.9 lbs / 33.5kg (3)"",""kg"":33.5,""weight_class"":3}","{""raw"":""50% M / 50% F"",""male_percent"":50.0,""female_percent"":50.0,""genderless"":false}","[""Water 1"",""Field""]","[""Freshwater"",""Grassland""]",gen8,666,False,"{""unresolved_abilities"":0,""unresolved_move_references"":0,""unresolved_capabilities"":0}"
floette,Floette,,,,,,,,True,True,complete,"[""Fairy""]","{""hp"":5,""attack"":5,""defense"":5,""special_attack"":8,""special_defense"":10,""speed"":5}","{""raw"":""0' 8\"" / 0.2m (Small)"",""meters"":0.2,""size_class"":""Small""}","{""raw"":""2 lbs / 0.9kg (1)"",""kg"":0.9,""weight_class"":1}","{""raw"":""0% M / 100% F"",""male_percent"":0.0,""female_percent"":100.0,""genderless"":false}","[""Fairy""]","[""Forest"",""Grassland""]",gen8,146,False,"{""unresolved_abilities"":0,""unresolved_move_references"":0,""unresolved_capabilities"":0}"
florges,Florges,,,,,,,,True,True,complete,"[""Fairy""]","{""hp"":8,""attack"":7,""defense"":7,""special_attack"":11,""special_defense"":15,""speed"":8}","{""raw"":""3' 7\"" / 1.1m (Medium)"",""meters"":1.1,""size_class"":""Medium""}","{""raw"":""22 lbs / 10kg (1)"",""kg"":10.0,""weight_class"":1}","{""raw"":""0% M / 100% F"",""male_percent"":0.0,""female_percent"":100.0,""genderless"":false}","[""Fairy""]","[""Forest"",""Grassland""]",gen8,147,False,"{""unresolved_abilities"":0,""unresolved_move_references"":0,""unresolved_capabilities"":0}"
flygon,Flygon,,,,,,,,True,True,complete,"[""Ground"",""Dragon""]","{""hp"":8,""attack"":10,""defense"":8,""special_attack"":8,""special_defense"":8,""speed"":10}","{""raw"":""6' 7\"" / 2m (Large)"",""meters"":2.0,""size_class"":""Large""}","{""raw"":""180.8 lbs / 82kg (4)"",""kg"":82.0,""weight_class"":4}","{""raw"":""50% M / 50% F"",""male_percent"":50.0,""female_percent"":50.0,""genderless"":false}","[""Bug""]","[""Desert"",""Mountain""]",gen8,196,False,"{""unresolved_abilities"":0,""unresolved_move_references"":0,""unresolved_capabilities"":0}"
fomantis,Fomantis,,,,,,,,True,True,complete,"[""Grass""]","{""hp"":4,""attack"":6,""defense"":4,""special_attack"":5,""special_defense"":4,""speed"":4}","{""raw"":""1' 0\"" / 0.3m (Small)"",""meters"":0.3,""size_class"":""Small""}","{""raw"":""3.3 lbs / 1.5kg (1)"",""kg"":1.5,""weight_class"":1}","{""raw"":""50% M / 50% F"",""male_percent"":50.0,""female_percent"":50.0,""genderless"":false}","[""Plant""]","[""Forest"",""Grassland"",""Rainforest""]",gen8,470,False,"{""unresolved_abilities"":0,""unresolved_move_references"":0,""unresolved_capabilities"":0}"
foongus,Foongus,,,,,,,,True,True,complete,"[""Grass"",""Poison""]","{""hp"":7,""attack"":6,""defense"":5,""special_attack"":6,""special_defense"":6,""speed"":2}","{""raw"":""0' 8\"" / 0.2m (Small)"",""meters"":0.2,""size_class"":""Small""}","{""raw"":""2.2 lbs / 1.2kg (1)"",""kg"":1.2,""weight_class"":1}","{""raw"":""50% M / 50% F"",""male_percent"":50.0,""female_percent"":50.0,""genderless"":false}","[""Plant""]","[""Cave"",""Forest"",""Grassland""]",gen8,464,False,"{""unresolved_abilities"":0,""unresolved_move_references"":0,""unresolved_capabilities"":0}"
forretress,Forretress,,,,,,,,True,True,complete,"[""Bug"",""Steel""]","{""hp"":8,""attack"":9,""defense"":14,""special_attack"":6,""special_defense"":6,""speed"":4}","{""raw"":""3' 11\"" / 1.2m (Medium)"",""meters"":1.2,""size_class"":""Medium""}","{""raw"":""277.3 lbs / 125.8kg (5)"",""kg"":125.8,""weight_class"":5}","{""raw"":""50% M / 50% F"",""male_percent"":50.0,""female_percent"":50.0,""genderless"":false}","[""Bug""]","[""Forest""]",gen8,315,False,"{""unresolved_abilities"":0,""unresolved_move_references"":0,""unresolved_capabilities"":0}"
fraxure,Fraxure,,,,,,,,True,True,complete,"[""Dragon""]","{""hp"":7,""attack"":12,""defense"":7,""special_attack"":4,""special_defense"":5,""speed"":7}","{""raw"":""3' 3\"" / 1m (Medium)"",""meters"":1.0,""size_class"":""Medium""}","{""raw"":""79.4 lbs / 36kg (3)"",""kg"":36.0,""weight_class"":3}","{""raw"":""50% M / 50% F"",""male_percent"":50.0,""female_percent"":50.0,""genderless"":false}","[""Monster"",""Dragon""]","[""Cave"",""Mountain""]",gen8,118,False,"{""unresolved_abilities"":0,""unresolved_move_references"":0,""unresolved_capabilities"":0}"
frillish,Frillish,,,,,,,,True,True,complete,"[""Water"",""Ghost""]","{""hp"":6,""attack"":4,""defense"":5,""special_attack"":7,""special_defense"":9,""speed"":4}","{""raw"":""3' 11\"" / 1.2m (Medium)"",""meters"":1.2,""size_class"":""Medium""}","{""raw"":""72.8 lbs / 33kg (3)"",""kg"":33.0,""weight_class"":3}","{""raw"":""50% M / 50% F"",""male_percent"":50.0,""female_percent"":50.0,""genderless"":false}","[""Indeterminate""]","[""Ocean""]",gen8,675,False,"{""unresolved_abilities"":0,""unresolved_move_references"":0,""unresolved_capabilities"":0}"
froakie,Froakie,,,,,,,,True,True,complete,"[""Water""]","{""hp"":4,""attack"":6,""defense"":4,""special_attack"":6,""special_defense"":4,""speed"":7}","{""raw"":""1' 0\"" / 0.3m (Small)"",""meters"":0.3,""size_class"":""Small""}","{""raw"":""15.4 lbs / 7kg (1)"",""kg"":7.0,""weight_class"":1}","{""raw"":""87.5% M / 12.5% F"",""male_percent"":87.5,""female_percent"":12.5,""genderless"":false}","[""Water 1""]","[""Freshwater"",""Marsh""]",gen8,79,False,"{""unresolved_abilities"":0,""unresolved_move_references"":0,""unresolved_capabilities"":0}"
frogadier,Frogadier,,,,,,,,True,True,complete,"[""Water""]","{""hp"":5,""attack"":6,""defense"":5,""special_attack"":8,""special_defense"":6,""speed"":10}","{""raw"":""2' 0\"" / 0.6m (Small)"",""meters"":0.6,""size_class"":""Small""}","{""raw"":""24 lbs / 10.9kg (1)"",""kg"":10.9,""weight_class"":1}","{""raw"":""87.5% M / 12.5% F"",""male_percent"":87.5,""female_percent"":12.5,""genderless"":false}","[""Water 1""]","[""Freshwater"",""Marsh""]",gen8,80,False,"{""unresolved_abilities"":0,""unresolved_move_references"":0,""unresolved_capabilities"":0}"
froslass,Froslass,,,,,,,,True,True,complete,"[""Ice"",""Ghost""]","{""hp"":7,""attack"":8,""defense"":7,""special_attack"":8,""special_defense"":7,""speed"":11}","{""raw"":""4' 3\"" / 1.3m (Medium)"",""meters"":1.3,""size_class"":""Medium""}","{""raw"":""58.6 lbs / 26.6kg (3)"",""kg"":26.6,""weight_class"":3}","{""raw"":""0% M / 100% F"",""male_percent"":0.0,""female_percent"":100.0,""genderless"":false}","[""Fairy"",""Mineral""]","[""Cave"",""Taiga"",""Tundra""]",gen8,506,False,"{""unresolved_abilities"":0,""unresolved_move_references"":1,""unresolved_capabilities"":0}"
frosmoth,Frosmoth,,,,,,,,True,True,complete,"[""Ice"",""Bug""]","{""hp"":7,""attack"":7,""defense"":6,""special_attack"":13,""special_defense"":9,""speed"":7}","{""raw"":""4' 3\"" / 1.3m (Medium)"",""meters"":1.3,""size_class"":""Medium""}","{""raw"":""92.6 lbs / 42kg (1)"",""kg"":42.0,""weight_class"":1}","{""raw"":""50% M / 50% F"",""male_percent"":50.0,""female_percent"":50.0,""genderless"":false}","[""Bug""]","[""Taiga"",""Tundra""]",gen8,512,False,"{""unresolved_abilities"":0,""unresolved_move_references"":0,""unresolved_capabilities"":0}"
rotom-frost,Frost Rotom,,,3,rotom-normal-form,form,,,False,False,partial,"[""Electric"",""Ice""]","{""hp"":5,""attack"":7,""defense"":11,""special_attack"":11,""special_defense"":11,""speed"":9}","{""raw"":""Medium size"",""size_class"":""Medium""}","{""raw"":""Weight Class 3"",""weight_class"":3}","{""raw"":""No Gender"",""genderless"":true,""male_percent"":0.0,""female_percent"":0.0}","[""Indeterminate""]","[""Urban""]",gen8,698,True,"{""unresolved_abilities"":0,""unresolved_move_references"":0,""unresolved_capabilities"":0}"
furfrou,Furfrou,,,,,,,,True,True,complete,"[""Normal""]","{""hp"":8,""attack"":8,""defense"":6,""special_attack"":7,""special_defense"":9,""speed"":10}","{""raw"":""3' 11\"" / 1.2m (Medium)"",""meters"":1.2,""size_class"":""Medium""}","{""raw"":""61.7 lbs / 28kg (3)"",""kg"":28.0,""weight_class"":3}","{""raw"":""50% M / 50% F"",""male_percent"":50.0,""female_percent"":50.0,""genderless"":false}","[""Field""]","[""Grassland"",""Urban""]",gen8,740,False,"{""unresolved_abilities"":0,""unresolved_move_references"":0,""unresolved_capabilities"":0}"
furret,Furret,,,,,,,,True,True,complete,"[""Normal""]","{""hp"":9,""attack"":8,""defense"":6,""special_attack"":5,""special_defense"":9,""speed"":6}","{""raw"":""5' 11\"" / 1.8m (Medium)"",""meters"":1.8,""size_class"":""Medium""}","{""raw"":""71.7 lbs / 32.5kg (3)"",""kg"":32.5,""weight_class"":3}","{""raw"":""50% M / 50% F"",""male_percent"":50.0,""female_percent"":50.0,""genderless"":false}","[""Field""]","[""Forest"",""Grassland""]",gen8,526,False,"{""unresolved_abilities"":0,""unresolved_move_references"":0,""unresolved_capabilities"":0}"
gabite,Gabite,,,,,,,,True,True,complete,"[""Dragon"",""Ground""]","{""hp"":7,""attack"":9,""defense"":7,""special_attack"":5,""special_defense"":6,""speed"":8}","{""raw"":""4' 7\"" / 1.4m (Medium)"",""meters"":1.4,""size_class"":""Medium""}","{""raw"":""123.5 lbs / 56kg (4)"",""kg"":56.0,""weight_class"":4}","{""raw"":""50% M / 50% F"",""male_percent"":50.0,""female_percent"":50.0,""genderless"":false}","[""Monster"",""Dragon""]","[""Cave"",""Desert""]",gen8,851,False,"{""unresolved_abilities"":0,""unresolved_move_references"":0,""unresolved_capabilities"":0}"
gallade,Gallade,,,,,,,,True,True,complete,"[""Psychic"",""Fighting""]","{""hp"":7,""attack"":13,""defense"":7,""special_attack"":7,""special_defense"":12,""speed"":8}","{""raw"":""5' 3\"" / 1.6m (Medium)"",""meters"":1.6,""size_class"":""Medium""}","{""raw"":""114.6 lbs / 52kg (4)"",""kg"":52.0,""weight_class"":4}","{""raw"":""100% M / 0% F"",""male_percent"":100.0,""female_percent"":0.0,""genderless"":false}","[""Indeterminate""]","[""Forest"",""Urban""]",gen8,258,False,"{""unresolved_abilities"":0,""unresolved_move_references"":0,""unresolved_capabilities"":0}"
galvantula,Galvantula,,,,,,,,True,True,complete,"[""Bug"",""Electric""]","{""hp"":7,""attack"":8,""defense"":6,""special_attack"":10,""special_defense"":6,""speed"":11}","{""raw"":""2' 7\"" / 0.8m (Small)"",""meters"":0.8,""size_class"":""Small""}","{""raw"":""31.5 lbs / 14.3kg (2)"",""kg"":14.3,""weight_class"":2}","{""raw"":""50% M / 50% F"",""male_percent"":50.0,""female_percent"":50.0,""genderless"":false}","[""Bug""]","[""Cave"",""Forest""]",gen8,337,False,"{""unresolved_abilities"":0,""unresolved_move_references"":0,""unresolved_capabilities"":0}"
garbodor,Garbodor,,,,,,,,True,True,complete,"[""Poison""]","{""hp"":8,""attack"":10,""defense"":8,""special_attack"":6,""special_defense"":8,""speed"":8}","{""raw"":""6' 3\"" / 1.9m (Large)"",""meters"":1.9,""size_class"":""Large""}","{""raw"":""236.6 lbs / 107.3kg (5)"",""kg"":107.3,""weight_class"":5}","{""raw"":""50% M / 50% F"",""male_percent"":50.0,""female_percent"":50.0,""genderless"":false}","[""Mineral""]","[""Grassland"",""Marsh"",""Urban""]",gen8,581,False,"{""unresolved_abilities"":0,""unresolved_move_references"":0,""unresolved_capabilities"":1}"
garchomp,Garchomp,,,,,,,,True,True,complete,"[""Dragon"",""Ground""]","{""hp"":11,""attack"":13,""defense"":10,""special_attack"":8,""special_defense"":9,""speed"":10}","{""raw"":""6' 3\"" / 1.9m (Large)"",""meters"":1.9,""size_class"":""Large""}","{""raw"":""209.4 lbs / 95kg (4)"",""kg"":95.0,""weight_class"":4}","{""raw"":""50% M / 50% F"",""male_percent"":50.0,""female_percent"":50.0,""genderless"":false}","[""Monster"",""Dragon""]","[""Cave"",""Desert"",""Mountain""]",gen8,852,False,"{""unresolved_abilities"":0,""unresolved_move_references"":0,""unresolved_capabilities"":0}"
gardevoir,Gardevoir,,,,,,,,True,True,complete,"[""Psychic"",""Fairy""]","{""hp"":7,""attack"":7,""defense"":7,""special_attack"":13,""special_defense"":12,""speed"":8}","{""raw"":""5' 3\"" / 1.6m (Medium)"",""meters"":1.6,""size_class"":""Medium""}","{""raw"":""106.7 lbs / 48.4kg (3)"",""kg"":48.4,""weight_class"":3}","{""raw"":""50% M / 50% F"",""male_percent"":50.0,""female_percent"":50.0,""genderless"":false}","[""Indeterminate""]","[""Forest"",""Urban""]",gen8,257,False,"{""unresolved_abilities"":0,""unresolved_move_references"":0,""unresolved_capabilities"":0}"
gastly,Gastly,,,,,,,,True,True,complete,"[""Ghost"",""Poison""]","{""hp"":3,""attack"":4,""defense"":3,""special_attack"":10,""special_defense"":4,""speed"":8}","{""raw"":""4' 3\"" / 1.3m (Medium)"",""meters"":1.3,""size_class"":""Medium""}","{""raw"":""0.2 lbs / 0.1kg (1)"",""kg"":0.1,""weight_class"":1}","{""raw"":""50% M / 50% F"",""male_percent"":50.0,""female_percent"":50.0,""genderless"":false}","[""Indeterminate""]","[""Cave"",""Urban""]",gen8,163,False,"{""unresolved_abilities"":0,""unresolved_move_references"":0,""unresolved_capabilities"":0}"
gastrodon,Gastrodon,,,,,,,,True,True,complete,"[""Water"",""Ground""]","{""hp"":11,""attack"":8,""defense"":7,""special_attack"":9,""special_defense"":8,""speed"":4}","{""raw"":""2' 11\"" / 0.9m (Small)"",""meters"":0.9,""size_class"":""Small""}","{""raw"":""65.9 lbs / 29.9kg (3)"",""kg"":29.9,""weight_class"":3}","{""raw"":""50% M / 50% F"",""male_percent"":50.0,""female_percent"":50.0,""genderless"":false}","[""Water 1"",""Indeterminate""]","[""Beach"",""Ocean""]",gen8,668,False,"{""unresolved_abilities"":0,""unresolved_move_references"":0,""unresolved_capabilities"":1}"
gecqua,Gecqua,,,,,,,10,False,False,external_stub,"[""Water""]",{},"{""raw"":""0.3m"",""meters"":0.3}","{""raw"":""4.3kg"",""kg"":4.3}","{""raw"":""""}",[],[],pokemon_winds_waves,,False,"{""unresolved_abilities"":0,""unresolved_move_references"":0,""unresolved_capabilities"":0}"
genesect,Genesect,,,,,,,,True,True,complete,"[""Bug"",""Steel""]","{""hp"":7,""attack"":12,""defense"":10,""special_attack"":12,""special_defense"":10,""speed"":10}","{""raw"":""4' 11\"" / 1.5m (Medium)"",""meters"":1.5,""size_class"":""Medium""}","{""raw"":""181.9 lbs / 82.5kg (4)"",""kg"":82.5,""weight_class"":4}","{""raw"":""No Gender"",""genderless"":true,""male_percent"":0.0,""female_percent"":0.0}","[""None""]","[""Cave"",""Urban""]",gen8,924,False,"{""unresolved_abilities"":0,""unresolved_move_references"":0,""unresolved_capabilities"":1}"
gengar,Gengar,,,,,,,,True,True,complete,"[""Ghost"",""Poison""]","{""hp"":6,""attack"":7,""defense"":6,""special_attack"":13,""special_defense"":8,""speed"":11}","{""raw"":""4' 11\"" / 1.5m (Medium)"",""meters"":1.5,""size_class"":""Medium""}","{""raw"":""89.3 lbs / 40.5kg (3)"",""kg"":40.5,""weight_class"":3}","{""raw"":""50% M / 50% F"",""male_percent"":50.0,""female_percent"":50.0,""genderless"":false}","[""Indeterminate""]","[""Urban""]",gen8,165,False,"{""unresolved_abilities"":0,""unresolved_move_references"":0,""unresolved_capabilities"":0}"
geodude,Geodude,,,,,,,,True,True,complete,"[""Rock"",""Ground""]","{""hp"":4,""attack"":8,""defense"":10,""special_attack"":3,""special_defense"":3,""speed"":2}","{""raw"":""1' 4\"" / 0.4m (Small)"",""meters"":0.4,""size_class"":""Small""}","{""raw"":""44.1 lbs / 20kg (2)"",""kg"":20.0,""weight_class"":2}","{""raw"":""50% M / 50% F"",""male_percent"":50.0,""female_percent"":50.0,""genderless"":false}","[""Mineral""]","[""Cave"",""Mountain""]",gen8,268,False,"{""unresolved_abilities"":0,""unresolved_move_references"":0,""unresolved_capabilities"":0}"
geodude-alola,GEODUDE Alola,,,,,,,,True,True,complete,"[""Rock"",""Electric""]","{""hp"":4,""attack"":8,""defense"":10,""special_attack"":3,""special_defense"":3,""speed"":2}","{""raw"":""1' 4\"" / 0.4m (Small)"",""meters"":0.4,""size_class"":""Small""}","{""raw"":""44.8 lbs / 20.3kg (2)"",""kg"":20.3,""weight_class"":2}","{""raw"":""50% M / 50% F"",""male_percent"":50.0,""female_percent"":50.0,""genderless"":false}","[""Mineral""]","[""Cave"",""Mountain""]",gen8,791,False,"{""unresolved_abilities"":0,""unresolved_move_references"":0,""unresolved_capabilities"":0}"
gible,Gible,,,,,,,,True,True,complete,"[""Dragon"",""Ground""]","{""hp"":6,""attack"":7,""defense"":5,""special_attack"":4,""special_defense"":5,""speed"":4}","{""raw"":""2' 4\"" / 0.7m (Small)"",""meters"":0.7,""size_class"":""Small""}","{""raw"":""45.2 lbs / 20.5kg (2)"",""kg"":20.5,""weight_class"":2}","{""raw"":""50% M / 50% F"",""male_percent"":50.0,""female_percent"":50.0,""genderless"":false}","[""Monster"",""Dragon""]","[""Cave"",""Desert""]",gen8,850,False,"{""unresolved_abilities"":0,""unresolved_move_references"":0,""unresolved_capabilities"":0}"
gigalith,Gigalith,,,,,,,,True,True,complete,"[""Rock""]","{""hp"":9,""attack"":14,""defense"":13,""special_attack"":6,""special_defense"":8,""speed"":3}","{""raw"":""5' 7\"" / 1.7m (Large)"",""meters"":1.7,""size_class"":""Large""}","{""raw"":""573.2 lbs / 260kg (6)"",""kg"":260.0,""weight_class"":6}","{""raw"":""50% M / 50% F"",""male_percent"":50.0,""female_percent"":50.0,""genderless"":false}","[""Mineral""]","[""Cave"",""Mountain""]",gen8,273,False,"{""unresolved_abilities"":0,""unresolved_move_references"":0,""unresolved_capabilities"":0}"
girafarig,Girafarig,,,,,,,,True,True,complete,"[""Normal"",""Psychic""]","{""hp"":7,""attack"":8,""defense"":7,""special_attack"":9,""special_defense"":7,""speed"":9}","{""raw"":""4' 11\"" / 1.5m (Medium)"",""meters"":1.5,""size_class"":""Medium""}","{""raw"":""91.5 lbs / 41.5kg (3)"",""kg"":41.5,""weight_class"":3}","{""raw"":""50% M / 50% F"",""male_percent"":50.0,""female_percent"":50.0,""genderless"":false}","[""Field""]","[""Grassland"",""Mountain""]",gen8,728,False,"{""unresolved_abilities"":0,""unresolved_move_references"":0,""unresolved_capabilities"":0}"
giratina-altered-forme,GIRATINA Altered Forme,,,,,,,,True,True,complete,"[""Ghost"",""Dragon""]","{""hp"":15,""attack"":10,""defense"":12,""special_attack"":10,""special_defense"":12,""speed"":9}","{""raw"":""14' 9\"" / 4.5m (Gigantic)"",""meters"":4.5,""size_class"":""Gigantic""}","{""raw"":""1653.5 lbs / 750kg (6)"",""kg"":750.0,""weight_class"":6}","{""raw"":""No Gender"",""genderless"":true,""male_percent"":0.0,""female_percent"":0.0}","[""None""]","[""Non-Space""]",gen8,897,False,"{""unresolved_abilities"":0,""unresolved_move_references"":0,""unresolved_capabilities"":1}"
giratina-origin-forme,GIRATINA Origin Forme,,,,,,,,True,True,complete,"[""Ghost"",""Dragon""]","{""hp"":15,""attack"":12,""defense"":10,""special_attack"":12,""special_defense"":10,""speed"":9}","{""raw"":""22' 8\"" / 6.9m (Gigantic)"",""meters"":6.9,""size_class"":""Gigantic""}","{""raw"":""1433 lbs / 650kg (6)"",""kg"":650.0,""weight_class"":6}","{""raw"":""No Gender"",""genderless"":true,""male_percent"":0.0,""female_percent"":0.0}","[""None""]","[""Non-Space""]",gen8,896,False,"{""unresolved_abilities"":0,""unresolved_move_references"":0,""unresolved_capabilities"":1}"
glaceon,Glaceon,,,,,,,,True,True,complete,"[""Ice""]","{""hp"":7,""attack"":6,""defense"":11,""special_attack"":13,""special_defense"":10,""speed"":7}","{""raw"":""2' 7\"" / 0.8m (Small)"",""meters"":0.8,""size_class"":""Small""}","{""raw"":""57.1 lbs / 25.9kg (3)"",""kg"":25.9,""weight_class"":3}","{""raw"":""87.5% M / 12.5% F"",""male_percent"":87.5,""female_percent"":12.5,""genderless"":false}","[""Field""]","[""Taiga"",""Tundra""]",gen8,778,False,"{""unresolved_abilities"":1,""unresolved_move_references"":0,""unresolved_capabilities"":0}"
glalie,Glalie,,,,,,,,True,True,complete,"[""Ice""]","{""hp"":8,""attack"":8,""defense"":8,""special_attack"":8,""special_defense"":8,""speed"":8}","{""raw"":""4' 11\"" / 1.5m (Medium)"",""meters"":1.5,""size_class"":""Medium""}","{""raw"":""565.5 lbs / 256.5kg (6)"",""kg"":256.5,""weight_class"":6}","{""raw"":""50% M / 50% F"",""male_percent"":50.0,""female_percent"":50.0,""genderless"":false}","[""Fairy"",""Mineral""]","[""Cave"",""Taiga"",""Tundra""]",gen8,505,False,"{""unresolved_abilities"":0,""unresolved_move_references"":0,""unresolved_capabilities"":0}"
glameow,Glameow,,,,,,,,True,True,complete,"[""Normal""]","{""hp"":5,""attack"":6,""defense"":4,""special_attack"":4,""special_defense"":4,""speed"":9}","{""raw"":""1' 8\"" / 0.5m (Small)"",""meters"":0.5,""size_class"":""Small""}","{""raw"":""8.6 lbs / 3.9kg (1)"",""kg"":3.9,""weight_class"":1}","{""raw"":""25% M / 75% F"",""male_percent"":25.0,""female_percent"":75.0,""genderless"":false}","[""Field""]","[""Forest"",""Grassland"",""Urban""]",gen8,545,False,"{""unresolved_abilities"":0,""unresolved_move_references"":0,""unresolved_capabilities"":0}"
gligar,Gligar,,,,,,,,True,True,complete,"[""Ground"",""Flying""]","{""hp"":7,""attack"":8,""defense"":11,""special_attack"":4,""special_defense"":7,""speed"":9}","{""raw"":""3' 7\"" / 1.1m (Medium)"",""meters"":1.1,""size_class"":""Medium""}","{""raw"":""142.9 lbs / 64.8kg (4)"",""kg"":64.8,""weight_class"":4}","{""raw"":""50% M / 50% F"",""male_percent"":50.0,""female_percent"":50.0,""genderless"":false}","[""Bug""]","[""Cave"",""Desert"",""Forest"",""Mountain""]",gen8,486,False,"{""unresolved_abilities"":0,""unresolved_move_references"":0,""unresolved_capabilities"":0}"
gliscor,Gliscor,,,,,,,,True,True,complete,"[""Ground"",""Flying""]","{""hp"":8,""attack"":10,""defense"":13,""special_attack"":5,""special_defense"":8,""speed"":10}","{""raw"":""6' 7\"" / 2m (Large)"",""meters"":2.0,""size_class"":""Large""}","{""raw"":""93.7 lbs / 42.5kg (3)"",""kg"":42.5,""weight_class"":3}","{""raw"":""50% M / 50% F"",""male_percent"":50.0,""female_percent"":50.0,""genderless"":false}","[""Bug""]","[""Cave"",""Desert"",""Forest"",""Mountain""]",gen8,487,False,"{""unresolved_abilities"":0,""unresolved_move_references"":1,""unresolved_capabilities"":0}"
gloom,Gloom,,,,,,,,True,True,complete,"[""Grass"",""Poison""]","{""hp"":6,""attack"":7,""defense"":7,""special_attack"":9,""special_defense"":8,""speed"":4}","{""raw"":""2' 7\"" / 0.8m (Small)"",""meters"":0.8,""size_class"":""Small""}","{""raw"":""19 lbs / 8.6kg (1)"",""kg"":8.6,""weight_class"":1}","{""raw"":""50% M / 50% F"",""male_percent"":50.0,""female_percent"":50.0,""genderless"":false}","[""Plant""]","[""Forest"",""Grassland"",""Marsh"",""Rainforest""]",gen8,173,False,"{""unresolved_abilities"":0,""unresolved_move_references"":0,""unresolved_capabilities"":0}"
gogoat,Gogoat,,,,,,,,True,True,complete,"[""Grass""]","{""hp"":12,""attack"":10,""defense"":6,""special_attack"":10,""special_defense"":8,""speed"":7}","{""raw"":""5' 7\"" / 1.7m (Medium)"",""meters"":1.7,""size_class"":""Medium""}","{""raw"":""200.6 lbs / 91kg (4)"",""kg"":91.0,""weight_class"":4}","{""raw"":""50% M / 50% F"",""male_percent"":50.0,""female_percent"":50.0,""genderless"":false}","[""Field""]","[""Forest"",""Grassland"",""Urban""]",gen8,469,False,"{""unresolved_abilities"":0,""unresolved_move_references"":0,""unresolved_capabilities"":0}"
golbat,Golbat,,,,,,,,True,True,complete,"[""Poison"",""Flying""]","{""hp"":8,""attack"":8,""defense"":7,""special_attack"":7,""special_defense"":8,""speed"":9}","{""raw"":""5' 3\"" / 1.6m (Medium)"",""meters"":1.6,""size_class"":""Medium""}","{""raw"":""121.3 lbs / 55kg (4)"",""kg"":55.0,""weight_class"":4}","{""raw"":""50% M / 50% F"",""male_percent"":50.0,""female_percent"":50.0,""genderless"":false}","[""Flying""]","[""Cave""]",gen8,246,False,"{""unresolved_abilities"":0,""unresolved_move_references"":0,""unresolved_capabilities"":0}"
goldeen,Goldeen,,,,,,,,True,True,complete,"[""Water""]","{""hp"":5,""attack"":7,""defense"":6,""special_attack"":4,""special_defense"":5,""speed"":6}","{""raw"":""2' 0\"" / 0.6m (Small)"",""meters"":0.6,""size_class"":""Small""}","{""raw"":""33.1 lbs / 15kg (2)"",""kg"":15.0,""weight_class"":2}","{""raw"":""50% M / 50% F"",""male_percent"":50.0,""female_percent"":50.0,""genderless"":false}","[""Water 2""]","[""Freshwater""]",gen8,636,False,"{""unresolved_abilities"":0,""unresolved_move_references"":0,""unresolved_capabilities"":0}"
golduck,Golduck,,,,,,,,True,True,complete,"[""Water""]","{""hp"":8,""attack"":8,""defense"":8,""special_attack"":10,""special_defense"":8,""speed"":9}","{""raw"":""5' 7\"" / 1.7m (Medium)"",""meters"":1.7,""size_class"":""Medium""}","{""raw"":""168.9 lbs / 76.6kg (4)"",""kg"":76.6,""weight_class"":4}","{""raw"":""50% M / 50% F"",""male_percent"":50.0,""female_percent"":50.0,""genderless"":false}","[""Water 1"",""Field""]","[""Beach"",""Freshwater""]",gen8,624,False,"{""unresolved_abilities"":0,""unresolved_move_references"":0,""unresolved_capabilities"":0}"
golem,Golem,,,,,,,,True,True,complete,"[""Rock"",""Ground""]","{""hp"":8,""attack"":12,""defense"":13,""special_attack"":6,""special_defense"":7,""speed"":5}","{""raw"":""4' 7\"" / 1.4m (Medium)"",""meters"":1.4,""size_class"":""Medium""}","{""raw"":""661.4 lbs / 300kg (6)"",""kg"":300.0,""weight_class"":6}","{""raw"":""50% M / 50% F"",""male_percent"":50.0,""female_percent"":50.0,""genderless"":false}","[""Mineral""]","[""Cave"",""Mountain""]",gen8,270,False,"{""unresolved_abilities"":0,""unresolved_move_references"":0,""unresolved_capabilities"":0}"
golem-alola,GOLEM Alola,,,,,,,,True,True,complete,"[""Rock"",""Electric""]","{""hp"":8,""attack"":12,""defense"":13,""special_attack"":6,""special_defense"":7,""speed"":5}","{""raw"":""5' 7\"" / 1.7m (Medium)"",""meters"":1.7,""size_class"":""Medium""}","{""raw"":""696.7 lbs / 316kg (6)"",""kg"":316.0,""weight_class"":6}","{""raw"":""50% M / 50% F"",""male_percent"":50.0,""female_percent"":50.0,""genderless"":false}","[""Mineral""]","[""Cave"",""Mountain""]",gen8,793,False,"{""unresolved_abilities"":0,""unresolved_move_references"":0,""unresolved_capabilities"":0}"
golett,Golett,,,,,,,,True,True,complete,"[""Ground"",""Ghost""]","{""hp"":6,""attack"":7,""defense"":5,""special_attack"":4,""special_defense"":5,""speed"":4}","{""raw"":""3' 3\"" / 1m (Medium)"",""meters"":1.0,""size_class"":""Medium""}","{""raw"":""202.8 lbs / 92kg (4)"",""kg"":92.0,""weight_class"":4}","{""raw"":""No Gender"",""genderless"":true,""male_percent"":0.0,""female_percent"":0.0}","[""Mineral""]","[""Desert"",""Grassland"",""Mountain""]",gen8,496,False,"{""unresolved_abilities"":0,""unresolved_move_references"":0,""unresolved_capabilities"":1}"
golisopod,Golisopod,,,,,,,,True,True,complete,"[""Bug"",""Water""]","{""hp"":8,""attack"":13,""defense"":14,""special_attack"":6,""special_defense"":9,""speed"":4}","{""raw"":""6' 7\"" / 2m (Large)"",""meters"":2.0,""size_class"":""Large""}","{""raw"":""238.1 lbs / 108kg (5)"",""kg"":108.0,""weight_class"":5}","{""raw"":""50% M / 50% F"",""male_percent"":50.0,""female_percent"":50.0,""genderless"":false}","[""Bug"",""Water 3""]","[""Beach"",""Ocean""]",gen8,343,False,"{""unresolved_abilities"":0,""unresolved_move_references"":0,""unresolved_capabilities"":0}"
golurk,Golurk,,,,,,,,True,True,complete,"[""Ground"",""Ghost""]","{""hp"":9,""attack"":12,""defense"":8,""special_attack"":6,""special_defense"":8,""speed"":6}","{""raw"":""9' 0\"" / 2.8m (Huge)"",""meters"":2.8,""size_class"":""Huge""}","{""raw"":""727.5 lbs / 330kg (6)"",""kg"":330.0,""weight_class"":6}","{""raw"":""No Gender"",""genderless"":true,""male_percent"":0.0,""female_percent"":0.0}","[""Mineral""]","[""Desert"",""Grassland"",""Mountain""]",gen8,497,False,"{""unresolved_abilities"":0,""unresolved_move_references"":0,""unresolved_capabilities"":1}"
goodra,Goodra,,,,,,,,True,True,complete,"[""Dragon""]","{""hp"":9,""attack"":10,""defense"":7,""special_attack"":11,""special_defense"":15,""speed"":8}","{""raw"":""6' 7\"" / 2m (Large)"",""meters"":2.0,""size_class"":""Large""}","{""raw"":""331.8 lbs / 150.5kg (5)"",""kg"":150.5,""weight_class"":5}","{""raw"":""50% M / 50% F"",""male_percent"":50.0,""female_percent"":50.0,""genderless"":false}","[""Dragon""]","[""Marsh"",""Rainforest""]",gen8,858,False,"{""unresolved_abilities"":0,""unresolved_move_references"":0,""unresolved_capabilities"":1}"
goomy,Goomy,,,,,,,,True,True,complete,"[""Dragon""]","{""hp"":5,""attack"":5,""defense"":4,""special_attack"":6,""special_defense"":8,""speed"":4}","{""raw"":""1' 0\"" / 0.3m (Small)"",""meters"":0.3,""size_class"":""Small""}","{""raw"":""6.2 lbs / 2.8kg (1)"",""kg"":2.8,""weight_class"":1}","{""raw"":""50% M / 50% F"",""male_percent"":50.0,""female_percent"":50.0,""genderless"":false}","[""Dragon""]","[""Marsh"",""Rainforest""]",gen8,856,False,"{""unresolved_abilities"":0,""unresolved_move_references"":0,""unresolved_capabilities"":1}"
gorebyss,Gorebyss,,,,,,,,True,True,complete,"[""Water""]","{""hp"":6,""attack"":8,""defense"":11,""special_attack"":11,""special_defense"":8,""speed"":5}","{""raw"":""5' 11\"" / 1.8m (Medium)"",""meters"":1.8,""size_class"":""Medium""}","{""raw"":""49.8 lbs / 22.6kg (2)"",""kg"":22.6,""weight_class"":2}","{""raw"":""50% M / 50% F"",""male_percent"":50.0,""female_percent"":50.0,""genderless"":false}","[""Water 1""]","[""Ocean""]",gen8,664,False,"{""unresolved_abilities"":0,""unresolved_move_references"":0,""unresolved_capabilities"":0}"
gossifleur,Gossifleur,,,,,,,,True,True,complete,"[""Grass""]","{""hp"":4,""attack"":4,""defense"":6,""special_attack"":4,""special_defense"":6,""speed"":1}","{""raw"":""1' 4\"" / 0.4m (Small)"",""meters"":0.4,""size_class"":""Small""}","{""raw"":""4.9 lbs / 2.2kg (1)"",""kg"":2.2,""weight_class"":1}","{""raw"":""50% M / 50% F"",""male_percent"":50.0,""female_percent"":50.0,""genderless"":false}","[""Plant""]","[""Grassland""]",gen8,474,False,"{""unresolved_abilities"":0,""unresolved_move_references"":0,""unresolved_capabilities"":0}"
gothita,Gothita,,,,,,,,True,True,complete,"[""Psychic""]","{""hp"":5,""attack"":3,""defense"":5,""special_attack"":6,""special_defense"":7,""speed"":5}","{""raw"":""1' 4\"" / 0.4m (Small)"",""meters"":0.4,""size_class"":""Small""}","{""raw"":""12.8 lbs / 5.8kg (1)"",""kg"":5.8,""weight_class"":1}","{""raw"":""25% M / 75% F"",""male_percent"":25.0,""female_percent"":75.0,""genderless"":false}","[""Humanshape""]","[""Forest"",""Urban""]",gen8,259,False,"{""unresolved_abilities"":0,""unresolved_move_references"":0,""unresolved_capabilities"":0}"
gothitelle,Gothitelle,,,,,,,,True,True,complete,"[""Psychic""]","{""hp"":7,""attack"":6,""defense"":10,""special_attack"":10,""special_defense"":11,""speed"":7}","{""raw"":""4' 11\"" / 1.5m (Medium)"",""meters"":1.5,""size_class"":""Medium""}","{""raw"":""97 lbs / 18kg (2)"",""kg"":18.0,""weight_class"":2}","{""raw"":""25% M / 75% F"",""male_percent"":25.0,""female_percent"":75.0,""genderless"":false}","[""Humanshape""]","[""Forest"",""Urban""]",gen8,261,False,"{""unresolved_abilities"":0,""unresolved_move_references"":0,""unresolved_capabilities"":0}"
gothorita,Gothorita,,,,,,,,True,True,complete,"[""Psychic""]","{""hp"":6,""attack"":5,""defense"":7,""special_attack"":8,""special_defense"":9,""speed"":6}","{""raw"":""2' 4\"" / 0.7m (Small)"",""meters"":0.7,""size_class"":""Small""}","{""raw"":""39.7 lbs / 18kg (2)"",""kg"":18.0,""weight_class"":2}","{""raw"":""25% M / 75% F"",""male_percent"":25.0,""female_percent"":75.0,""genderless"":false}","[""Humanshape""]","[""Forest"",""Urban""]",gen8,260,False,"{""unresolved_abilities"":0,""unresolved_move_references"":0,""unresolved_capabilities"":0}"
gourgeist,Gourgeist,,,,,,,,True,True,complete,"[""Ghost"",""Grass""]","{""hp"":6,""attack"":9,""defense"":12,""special_attack"":6,""special_defense"":8,""speed"":10}","{""raw"":""2' 4\"" - 5' 7\"" / 0.7m (Small) - 1.7m (Medium)"",""meters"":0.7,""size_class"":""Small""}","{""raw"":""20.9 lbs - 86 lbs / 9.5kg (1) - 39kg (3)"",""kg"":9.5,""weight_class"":3}","{""raw"":""50% M / 50% F"",""male_percent"":50.0,""female_percent"":50.0,""genderless"":false}","[""Indeterminate""]","[""Forest"",""Grassland""]",gen8,438,False,"{""unresolved_abilities"":0,""unresolved_move_references"":0,""unresolved_capabilities"":0}"
granbull,Granbull,,,,,,,,True,True,complete,"[""Fairy""]","{""hp"":9,""attack"":12,""defense"":8,""special_attack"":6,""special_defense"":6,""speed"":5}","{""raw"":""4' 7\"" / 1.4m (Medium)"",""meters"":1.4,""size_class"":""Medium""}","{""raw"":""107.4 lbs / 48.7kg (3)"",""kg"":48.7,""weight_class"":3}","{""raw"":""25% M / 75% F"",""male_percent"":25.0,""female_percent"":75.0,""genderless"":false}","[""Field"",""Fairy""]","[""Forest"",""Urban""]",gen8,379,False,"{""unresolved_abilities"":0,""unresolved_move_references"":5,""unresolved_capabilities"":0}"
grapploct,Grapploct,,,,,,,,True,True,complete,"[""Fighting""]","{""hp"":8,""attack"":12,""defense"":9,""special_attack"":7,""special_defense"":8,""speed"":4}","{""raw"":""5' 3\"" / 1.6m (Medium)"",""meters"":1.6,""size_class"":""Medium""}","{""raw"":""86 lbs / 39kg (3)"",""kg"":39.0,""weight_class"":3}","{""raw"":""50% M / 50% F"",""male_percent"":50.0,""female_percent"":50.0,""genderless"":false}","[""Water 1"",""Humanshape""]","[""Ocean""]",gen8,405,False,"{""unresolved_abilities"":0,""unresolved_move_references"":0,""unresolved_capabilities"":0}"
graveler,Graveler,,,,,,,,True,True,complete,"[""Rock"",""Ground""]","{""hp"":6,""attack"":10,""defense"":12,""special_attack"":5,""special_defense"":5,""speed"":4}","{""raw"":""3' 3\"" / 1m (Medium)"",""meters"":1.0,""size_class"":""Medium""}","{""raw"":""231.5 lbs / 105kg (5)"",""kg"":105.0,""weight_class"":5}","{""raw"":""50% M / 50% F"",""male_percent"":50.0,""female_percent"":50.0,""genderless"":false}","[""Mineral""]","[""Cave"",""Mountain""]",gen8,269,False,"{""unresolved_abilities"":0,""unresolved_move_references"":0,""unresolved_capabilities"":0}"
graveler-alola,GRAVELER Alola,,,,,,,,True,True,complete,"[""Rock"",""Electric""]","{""hp"":6,""attack"":10,""defense"":12,""special_attack"":5,""special_defense"":5,""speed"":4}","{""raw"":""3' 3\"" / 1m (Medium)"",""meters"":1.0,""size_class"":""Medium""}","{""raw"":""242.5 lbs / 110kg (5)"",""kg"":110.0,""weight_class"":5}","{""raw"":""50% M / 50% F"",""male_percent"":50.0,""female_percent"":50.0,""genderless"":false}","[""Mineral""]","[""Cave"",""Mountain""]",gen8,792,False,"{""unresolved_abilities"":0,""unresolved_move_references"":0,""unresolved_capabilities"":0}"
greedent,Greedent,,,,,,,,True,True,complete,"[""Normal""]","{""hp"":12,""attack"":10,""defense"":10,""special_attack"":6,""special_defense"":8,""speed"":2}","{""raw"":""2' 0\"" / 0.6m (Small)"",""meters"":0.6,""size_class"":""Small""}","{""raw"":""13.2 lbs / 6kg (1)"",""kg"":6.0,""weight_class"":1}","{""raw"":""50% M / 50% F"",""male_percent"":50.0,""female_percent"":50.0,""genderless"":false}","[""Field""]","[""Forest"",""Grassland"",""Urban""]",gen8,562,False,"{""unresolved_abilities"":0,""unresolved_move_references"":0,""unresolved_capabilities"":0}"
greninja,Greninja,,,,,,,,True,True,complete,"[""Water"",""Dark""]","{""hp"":7,""attack"":10,""defense"":7,""special_attack"":10,""special_defense"":7,""speed"":12}","{""raw"":""4' 11\"" / 1.5m (Medium)"",""meters"":1.5,""size_class"":""Medium""}","{""raw"":""88.2 lbs / 40kg (3)"",""kg"":40.0,""weight_class"":3}","{""raw"":""87.5% M / 12.5% F"",""male_percent"":87.5,""female_percent"":12.5,""genderless"":false}","[""Water 1""]","[""Freshwater"",""Marsh""]",gen8,81,False,"{""unresolved_abilities"":0,""unresolved_move_references"":0,""unresolved_capabilities"":0}"
grimer,Grimer,,,,,,,,True,True,complete,"[""Poison""]","{""hp"":8,""attack"":8,""defense"":5,""special_attack"":4,""special_defense"":5,""speed"":3}","{""raw"":""2' 11\"" / 0.9m (Small)"",""meters"":0.9,""size_class"":""Small""}","{""raw"":""66.1 lbs / 30kg (3)"",""kg"":30.0,""weight_class"":3}","{""raw"":""50% M / 50% F"",""male_percent"":50.0,""female_percent"":50.0,""genderless"":false}","[""Indeterminate""]","[""Urban""]",gen8,567,False,"{""unresolved_abilities"":0,""unresolved_move_references"":0,""unresolved_capabilities"":1}"
grimer-alola,GRIMER Alola,,,,,,,,True,True,complete,"[""Poison"",""Dark""]","{""hp"":8,""attack"":8,""defense"":5,""special_attack"":4,""special_defense"":3,""speed"":5}","{""raw"":""2' 4\"" / 0.7m (Small)"",""meters"":0.7,""size_class"":""Small""}","{""raw"":""92.6 lbs / 42kg (3)"",""kg"":42.0,""weight_class"":3}","{""raw"":""50% M / 50% F"",""male_percent"":50.0,""female_percent"":50.0,""genderless"":false}","[""Indeterminate""]","[""Urban""]",gen8,794,False,"{""unresolved_abilities"":0,""unresolved_move_references"":0,""unresolved_capabilities"":1}"
grimmsnarl,Grimmsnarl,,,,,,,,True,True,complete,"[""Dark"",""Fairy""]","{""hp"":10,""attack"":12,""defense"":7,""special_attack"":10,""special_defense"":8,""speed"":6}","{""raw"":""4' 11\"" / 1.5m (Medium)"",""meters"":1.5,""size_class"":""Medium""}","{""raw"":""134.5 lbs / 61kg (4)"",""kg"":61.0,""weight_class"":4}","{""raw"":""100% M / 0% F"",""male_percent"":100.0,""female_percent"":0.0,""genderless"":false}","[""Fairy"",""Humanshape""]","[""Forest"",""Urban""]",gen8,116,False,"{""unresolved_abilities"":0,""unresolved_move_references"":0,""unresolved_capabilities"":0}"
grookey,Grookey,,,,,,,,True,True,complete,"[""Grass""]","{""hp"":5,""attack"":7,""defense"":5,""special_attack"":4,""special_defense"":4,""speed"":7}","{""raw"":""1' 0\"" / 0.3m (Small)"",""meters"":0.3,""size_class"":""Small""}","{""raw"":""11 lbs / 5kg (1)"",""kg"":5.0,""weight_class"":1}","{""raw"":""87.5% M / 12.5% F"",""male_percent"":87.5,""female_percent"":12.5,""genderless"":false}","[""Field"",""Plant""]","[""Forest"",""Rainforest""]",gen8,37,False,"{""unresolved_abilities"":0,""unresolved_move_references"":0,""unresolved_capabilities"":0}"
grotle,Grotle,,,,,,,,True,True,complete,"[""Grass""]","{""hp"":8,""attack"":9,""defense"":9,""special_attack"":6,""special_defense"":7,""speed"":4}","{""raw"":""3' 7\"" / 1.1m (Medium)"",""meters"":1.1,""size_class"":""Medium""}","{""raw"":""213.8 lbs / 97kg (4)"",""kg"":97.0,""weight_class"":4}","{""raw"":""87.5% M / 12.5% F"",""male_percent"":87.5,""female_percent"":12.5,""genderless"":false}","[""Monster"",""Plant""]","[""Forest"",""Marsh"",""Rainforest""]",gen8,26,False,"{""unresolved_abilities"":0,""unresolved_move_references"":0,""unresolved_capabilities"":0}"
groudon,Groudon,,,,,,,,True,True,complete,"[""Ground""]","{""hp"":10,""attack"":15,""defense"":14,""special_attack"":10,""special_defense"":9,""speed"":9}","{""raw"":""11' 6\"" / 3.5m (Huge)"",""meters"":3.5,""size_class"":""Huge""}","{""raw"":""2094.4 lbs / 950kg (6)"",""kg"":950.0,""weight_class"":6}","{""raw"":""No Gender"",""genderless"":true,""male_percent"":0.0,""female_percent"":0.0}","[""None""]","[""Cave"",""Desert"",""Mountain""]",gen8,884,False,"{""unresolved_abilities"":0,""unresolved_move_references"":0,""unresolved_capabilities"":0}"
grovyle,Grovyle,,,,,,,,True,True,complete,"[""Grass""]","{""hp"":5,""attack"":7,""defense"":5,""special_attack"":9,""special_defense"":6,""speed"":7}","{""raw"":""2' 11\"" / 0.9m (Medium)"",""meters"":0.9,""size_class"":""Medium""}","{""raw"":""47.6 lbs / 21.6kg (2)"",""kg"":21.6,""weight_class"":2}","{""raw"":""87.5% M / 12.5% F"",""male_percent"":87.5,""female_percent"":12.5,""genderless"":false}","[""Monster"",""Dragon""]","[""Rainforest""]",gen8,23,False,"{""unresolved_abilities"":0,""unresolved_move_references"":0,""unresolved_capabilities"":0}"
growlithe,Growlithe,,,,,,,,True,True,complete,"[""Fire""]","{""hp"":6,""attack"":7,""defense"":5,""special_attack"":7,""special_defense"":5,""speed"":6}","{""raw"":""2' 4\"" / 0.7m (Small)"",""meters"":0.7,""size_class"":""Small""}","{""raw"":""41.9 lbs / 19kg (2)"",""kg"":19.0,""weight_class"":2}","{""raw"":""75% M / 25% F"",""male_percent"":75.0,""female_percent"":25.0,""genderless"":false}","[""Field""]","[""Grassland"",""Mountain""]",gen8,408,False,"{""unresolved_abilities"":0,""unresolved_move_references"":0,""unresolved_capabilities"":0}"
grubbin,Grubbin,,,,,,,,True,True,complete,"[""Bug""]","{""hp"":5,""attack"":6,""defense"":5,""special_attack"":6,""special_defense"":5,""speed"":5}","{""raw"":""1' 4\"" / 0.4m (Small)"",""meters"":0.4,""size_class"":""Small""}","{""raw"":""9.7 lbs / 4.4kg (1)"",""kg"":4.4,""weight_class"":1}","{""raw"":""50% M / 50% F"",""male_percent"":50.0,""female_percent"":50.0,""genderless"":false}","[""Bug""]","[""Forest"",""Grassland""]",gen8,108,False,"{""unresolved_abilities"":1,""unresolved_move_references"":0,""unresolved_capabilities"":0}"
grumpig,Grumpig,,,,,,,,True,True,complete,"[""Psychic""]","{""hp"":8,""attack"":5,""defense"":7,""special_attack"":9,""special_defense"":11,""speed"":8}","{""raw"":""2' 11\"" / 0.9m (Small)"",""meters"":0.9,""size_class"":""Small""}","{""raw"":""157.6 lbs / 71.5kg (4)"",""kg"":71.5,""weight_class"":4}","{""raw"":""50% M / 50% F"",""male_percent"":50.0,""female_percent"":50.0,""genderless"":false}","[""Field""]","[""Forest"",""Grassland"",""Taiga""]",gen8,595,False,"{""unresolved_abilities"":0,""unresolved_move_references"":0,""unresolved_capabilities"":0}"
gulpin,Gulpin,,,,,,,,True,True,complete,"[""Poison""]","{""hp"":7,""attack"":4,""defense"":5,""special_attack"":4,""special_defense"":5,""speed"":4}","{""raw"":""1' 4\"" / 0.4m (Small)"",""meters"":0.4,""size_class"":""Small""}","{""raw"":""22.7 lbs / 10.3kg (1)"",""kg"":10.3,""weight_class"":1}","{""raw"":""50% M / 50% F"",""male_percent"":50.0,""female_percent"":50.0,""genderless"":false}","[""Indeterminate""]","[""Grassland"",""Marsh"",""Urban""]",gen8,572,False,"{""unresolved_abilities"":0,""unresolved_move_references"":0,""unresolved_capabilities"":1}"
gumshoos,Gumshoos,,,,,,,,True,True,complete,"[""Normal""]","{""hp"":9,""attack"":11,""defense"":6,""special_attack"":6,""special_defense"":6,""speed"":5}","{""raw"":""2' 4\"" / 0.7m (Small)"",""meters"":0.7,""size_class"":""Small""}","{""raw"":""31.3 lbs / 14.2kg (2)"",""kg"":14.2,""weight_class"":2}","{""raw"":""50% M / 50% F"",""male_percent"":50.0,""female_percent"":50.0,""genderless"":false}","[""Field""]","[""Grassland""]",gen8,558,False,"{""unresolved_abilities"":0,""unresolved_move_references"":0,""unresolved_capabilities"":0}"
gurdurr,Gurdurr,,,,,,,,True,True,complete,"[""Fighting""]","{""hp"":9,""attack"":11,""defense"":9,""special_attack"":4,""special_defense"":5,""speed"":4}","{""raw"":""3' 11\"" / 1.2m (Medium)"",""meters"":1.2,""size_class"":""Medium""}","{""raw"":""88.2 lbs / 40kg (3)"",""kg"":40.0,""weight_class"":3}","{""raw"":""75% M / 25% F"",""male_percent"":75.0,""female_percent"":25.0,""genderless"":false}","[""Humanshape""]","[""Mountain"",""Urban""]",gen8,152,False,"{""unresolved_abilities"":0,""unresolved_move_references"":0,""unresolved_capabilities"":0}"
guzzlord,Guzzlord,,,,,,,,True,True,complete,"[""Dark"",""Dragon""]","{""hp"":22,""attack"":10,""defense"":5,""special_attack"":10,""special_defense"":5,""speed"":4}","{""raw"":""18' 1\"" / 5.5m (Huge)"",""meters"":5.5,""size_class"":""Huge""}","{""raw"":""1957.7 lbs / 888.8kg (6)"",""kg"":888.8,""weight_class"":6}","{""raw"":""No Gender"",""genderless"":true,""male_percent"":0.0,""female_percent"":0.0}","[""None""]","[""Ultra Space""]",gen8,953,False,"{""unresolved_abilities"":0,""unresolved_move_references"":1,""unresolved_capabilities"":0}"
gyarados,Gyarados,,,,,,,,True,True,complete,"[""Water"",""Flying""]","{""hp"":10,""attack"":13,""defense"":8,""special_attack"":6,""special_defense"":10,""speed"":8}","{""raw"":""21' 4\"" / 6.5m (Huge)"",""meters"":6.5,""size_class"":""Huge""}","{""raw"":""518.1 lbs / 235kg (6)"",""kg"":235.0,""weight_class"":6}","{""raw"":""50% M / 50% F"",""male_percent"":50.0,""female_percent"":50.0,""genderless"":false}","[""Water 2"",""Dragon""]","[""Freshwater"",""Ocean""]",gen8,641,False,"{""unresolved_abilities"":0,""unresolved_move_references"":0,""unresolved_capabilities"":1}"
hakamo-o,Hakamo-O,,,,,,,,True,True,complete,"[""Dragon"",""Fighting""]","{""hp"":6,""attack"":8,""defense"":9,""special_attack"":7,""special_defense"":7,""speed"":7}","{""raw"":""3' 11\"" / 1.2m (Medium)"",""meters"":1.2,""size_class"":""Medium""}","{""raw"":""103.6 lbs / 47kg (3)"",""kg"":47.0,""weight_class"":3}","{""raw"":""50% M / 50% F"",""male_percent"":50.0,""female_percent"":50.0,""genderless"":false}","[""Dragon""]","[""Cave"",""Mountain""]",gen8,860,False,"{""unresolved_abilities"":0,""unresolved_move_references"":0,""unresolved_capabilities"":0}"
happiny,Happiny,,,,,,,,True,True,complete,"[""Normal""]","{""hp"":10,""attack"":1,""defense"":1,""special_attack"":2,""special_defense"":7,""speed"":3}","{""raw"":""2' 0\"" / 0.6m (Small)"",""meters"":0.6,""size_class"":""Small""}","{""raw"":""53.8 lbs / 24.4kg (2)"",""kg"":24.4,""weight_class"":2}","{""raw"":""0% M / 100% F"",""male_percent"":0.0,""female_percent"":100.0,""genderless"":false}","[""Fairy""]","[""Grassland"",""Urban""]",gen8,215,False,"{""unresolved_abilities"":0,""unresolved_move_references"":6,""unresolved_capabilities"":0}"
hariyama,Hariyama,,,,,,,,True,True,complete,"[""Fighting""]","{""hp"":14,""attack"":12,""defense"":6,""special_attack"":4,""special_defense"":6,""speed"":5}","{""raw"":""7' 7\"" / 2.3m (Large)"",""meters"":2.3,""size_class"":""Large""}","{""raw"":""559.5 lbs / 253.6kg (6)"",""kg"":253.6,""weight_class"":6}","{""raw"":""75% M / 25% F"",""male_percent"":75.0,""female_percent"":25.0,""genderless"":false}","[""Humanshape""]","[""Cave"",""Mountain""]",gen8,393,False,"{""unresolved_abilities"":0,""unresolved_move_references"":0,""unresolved_capabilities"":0}"
hatenna,Hatenna,,,,,,,,True,True,complete,"[""Psychic""]","{""hp"":4,""attack"":3,""defense"":5,""special_attack"":6,""special_defense"":5,""speed"":4}","{""raw"":""1' 4\"" / 0.4m (Small)"",""meters"":0.4,""size_class"":""Small""}","{""raw"":""7.5 lbs / 3.4kg (1)"",""kg"":3.4,""weight_class"":1}","{""raw"":""0% M / 100% F"",""male_percent"":0.0,""female_percent"":100.0,""genderless"":false}","[""Fairy""]","[""Forest""]",gen8,265,False,"{""unresolved_abilities"":0,""unresolved_move_references"":0,""unresolved_capabilities"":0}"
hatterene,Hatterene,,,,,,,,True,True,complete,"[""Psychic"",""Fairy""]","{""hp"":6,""attack"":9,""defense"":10,""special_attack"":14,""special_defense"":10,""speed"":3}","{""raw"":""6' 11\"" / 2.1m (Large)"",""meters"":2.1,""size_class"":""Large""}","{""raw"":""11.2 lbs / 5.1kg (1)"",""kg"":5.1,""weight_class"":1}","{""raw"":""0% M / 100% F"",""male_percent"":0.0,""female_percent"":100.0,""genderless"":false}","[""Fairy""]","[""Forest""]",gen8,267,False,"{""unresolved_abilities"":0,""unresolved_move_references"":0,""unresolved_capabilities"":0}"
hattrem,Hattrem,,,,,,,,True,True,complete,"[""Psychic""]","{""hp"":6,""attack"":4,""defense"":7,""special_attack"":9,""special_defense"":7,""speed"":5}","{""raw"":""2' 0\"" / 0.6m (Small)"",""meters"":0.6,""size_class"":""Small""}","{""raw"":""10.6 lbs / 4.8kg (1)"",""kg"":4.8,""weight_class"":1}","{""raw"":""0% M / 100% F"",""male_percent"":0.0,""female_percent"":100.0,""genderless"":false}","[""Fairy""]","[""Forest""]",gen8,266,False,"{""unresolved_abilities"":0,""unresolved_move_references"":0,""unresolved_capabilities"":0}"
haunter,Haunter,,,,,,,,True,True,complete,"[""Ghost"",""Poison""]","{""hp"":5,""attack"":5,""defense"":5,""special_attack"":12,""special_defense"":6,""speed"":10}","{""raw"":""5' 3\"" / 1.6m (Medium)"",""meters"":1.6,""size_class"":""Medium""}","{""raw"":""0.2 lbs / 0.1kg (1)"",""kg"":0.1,""weight_class"":1}","{""raw"":""50% M / 50% F"",""male_percent"":50.0,""female_percent"":50.0,""genderless"":false}","[""Indeterminate""]","[""Cave"",""Urban""]",gen8,164,False,"{""unresolved_abilities"":0,""unresolved_move_references"":0,""unresolved_capabilities"":0}"
hawlucha,Hawlucha,,,,,,,,True,True,complete,"[""Fighting"",""Flying""]","{""hp"":8,""attack"":9,""defense"":8,""special_attack"":7,""special_defense"":6,""speed"":12}","{""raw"":""2' 7\"" / 0.8m (Small)"",""meters"":0.8,""size_class"":""Small""}","{""raw"":""47.4 lbs / 21.5kg (2)"",""kg"":21.5,""weight_class"":2}","{""raw"":""50% M / 50% F"",""male_percent"":50.0,""female_percent"":50.0,""genderless"":false}","[""Humanshape""]","[""Forest"",""Grassland""]",gen8,707,False,"{""unresolved_abilities"":0,""unresolved_move_references"":0,""unresolved_capabilities"":0}"
haxorus,Haxorus,,,,,,,,True,True,complete,"[""Dragon""]","{""hp"":8,""attack"":15,""defense"":9,""special_attack"":6,""special_defense"":7,""speed"":10}","{""raw"":""5' 11\"" / 1.8m (Medium)"",""meters"":1.8,""size_class"":""Medium""}","{""raw"":""232.6 lbs / 105.5kg (5)"",""kg"":105.5,""weight_class"":5}","{""raw"":""50% M / 50% F"",""male_percent"":50.0,""female_percent"":50.0,""genderless"":false}","[""Monster"",""Dragon""]","[""Cave"",""Mountain""]",gen8,119,False,"{""unresolved_abilities"":0,""unresolved_move_references"":0,""unresolved_capabilities"":0}"
heafinha,Heafinha,,,,,,,,True,True,complete,"[""Ground"",""Fire""]","{""hp"":6,""attack"":7,""defense"":6,""special_attack"":8,""special_defense"":6,""speed"":7}","{""raw"":""3' 2'' / 1m (Small)"",""meters"":1.0,""size_class"":""Small""}","{""raw"":""150.0 lbs / 68 Kg (4)"",""kg"":68.0,""weight_class"":4}","{""raw"":""100%F"",""female_percent"":100.0,""genderless"":false}","[""Monster""]","[""Urban""]",chickute,2,False,"{""unresolved_abilities"":0,""unresolved_move_references"":4,""unresolved_capabilities"":1}"
rotom-heat,Heat Rotom,,,1,rotom-normal-form,form,,,False,False,partial,"[""Electric"",""Fire""]","{""hp"":5,""attack"":7,""defense"":11,""special_attack"":11,""special_defense"":11,""speed"":9}","{""raw"":""Medium size"",""size_class"":""Medium""}","{""raw"":""Weight Class 3"",""weight_class"":3}","{""raw"":""No Gender"",""genderless"":true,""male_percent"":0.0,""female_percent"":0.0}","[""Indeterminate""]","[""Urban""]",gen8,698,True,"{""unresolved_abilities"":0,""unresolved_move_references"":0,""unresolved_capabilities"":0}"
heatmor,Heatmor,,,,,,,,True,True,complete,"[""Fire""]","{""hp"":9,""attack"":10,""defense"":7,""special_attack"":11,""special_defense"":7,""speed"":7}","{""raw"":""4' 8\"" / 1.4m (Medium)"",""meters"":1.4,""size_class"":""Medium""}","{""raw"":""127.9 lbs / 58kg (4)"",""kg"":58.0,""weight_class"":4}","{""raw"":""50% M / 50% F"",""male_percent"":50.0,""female_percent"":50.0,""genderless"":false}","[""Field""]","[""Cave"",""Desert"",""Mountain""]",gen8,711,False,"{""unresolved_abilities"":0,""unresolved_move_references"":0,""unresolved_capabilities"":0}"
heatran,Heatran,,,,,,,,True,True,complete,"[""Fire"",""Steel""]","{""hp"":9,""attack"":9,""defense"":11,""special_attack"":13,""special_defense"":11,""speed"":8}","{""raw"":""5' 7\"" / 1.9m (Large)"",""meters"":1.9,""size_class"":""Large""}","{""raw"":""948 lbs / 430kg (6)"",""kg"":430.0,""weight_class"":6}","{""raw"":""50% M / 50% F"",""male_percent"":50.0,""female_percent"":50.0,""genderless"":false}","[""None""]","[""Mountain""]",gen8,898,False,"{""unresolved_abilities"":0,""unresolved_move_references"":0,""unresolved_capabilities"":0}"
heliolisk,Heliolisk,,,,,,,,True,True,complete,"[""Electric"",""Normal""]","{""hp"":6,""attack"":6,""defense"":5,""special_attack"":11,""special_defense"":9,""speed"":11}","{""raw"":""3' 3\"" / 1m (Medium)"",""meters"":1.0,""size_class"":""Medium""}","{""raw"":""46.3 lbs / 21kg (2)"",""kg"":21.0,""weight_class"":2}","{""raw"":""50% M / 50% F"",""male_percent"":50.0,""female_percent"":50.0,""genderless"":false}","[""Monster"",""Dragon""]","[""Desert"",""Mountain""]",gen8,373,False,"{""unresolved_abilities"":0,""unresolved_move_references"":0,""unresolved_capabilities"":0}"
helioptile,Helioptile,,,,,,,,True,True,complete,"[""Electric"",""Normal""]","{""hp"":4,""attack"":4,""defense"":3,""special_attack"":6,""special_defense"":4,""speed"":7}","{""raw"":""1' 8\"" / 0.5m (Small)"",""meters"":0.5,""size_class"":""Small""}","{""raw"":""13.2 lbs / 6kg (1)"",""kg"":6.0,""weight_class"":1}","{""raw"":""50% M / 50% F"",""male_percent"":50.0,""female_percent"":50.0,""genderless"":false}","[""Monster"",""Dragon""]","[""Desert"",""Mountain""]",gen8,372,False,"{""unresolved_abilities"":0,""unresolved_move_references"":0,""unresolved_capabilities"":0}"
heracross,Heracross,,,,,,,,True,True,complete,"[""Bug"",""Fighting""]","{""hp"":8,""attack"":13,""defense"":8,""special_attack"":4,""special_defense"":10,""speed"":9}","{""raw"":""4' 11\"" / 1.5m (Medium)"",""meters"":1.5,""size_class"":""Medium""}","{""raw"":""119 lbs / 54kg (4)"",""kg"":54.0,""weight_class"":4}","{""raw"":""50% M / 50% F"",""male_percent"":50.0,""female_percent"":50.0,""genderless"":false}","[""Bug""]","[""Forest"",""Rainforest""]",gen8,687,False,"{""unresolved_abilities"":0,""unresolved_move_references"":0,""unresolved_capabilities"":0}"
herdier,Herdier,,,,,,,,True,True,complete,"[""Normal""]","{""hp"":7,""attack"":8,""defense"":7,""special_attack"":4,""special_defense"":7,""speed"":6}","{""raw"":""2' 11\"" / 0.9m (Small)"",""meters"":0.9,""size_class"":""Small""}","{""raw"":""32.4 lbs / 14.7kg (2)"",""kg"":14.7,""weight_class"":2}","{""raw"":""50% M / 50% F"",""male_percent"":50.0,""female_percent"":50.0,""genderless"":false}","[""Field""]","[""Grassland"",""Urban""]",gen8,231,False,"{""unresolved_abilities"":0,""unresolved_move_references"":0,""unresolved_capabilities"":0}"
hippopotas,Hippopotas,,,,,,,,True,True,complete,"[""Ground""]","{""hp"":7,""attack"":7,""defense"":8,""special_attack"":4,""special_defense"":4,""speed"":3}","{""raw"":""2' 7\"" / 0.8m (Small)"",""meters"":0.8,""size_class"":""Small""}","{""raw"":""109.1 lbs / 49.5kg (3)"",""kg"":49.5,""weight_class"":3}","{""raw"":""50% M / 50% F"",""male_percent"":50.0,""female_percent"":50.0,""genderless"":false}","[""Field""]","[""Cave"",""Desert""]",gen8,492,False,"{""unresolved_abilities"":0,""unresolved_move_references"":0,""unresolved_capabilities"":0}"
hippowdon,Hippowdon,,,,,,,,True,True,complete,"[""Ground""]","{""hp"":10,""attack"":11,""defense"":12,""special_attack"":7,""special_defense"":7,""speed"":5}","{""raw"":""6' 7\"" / 2m (Large)"",""meters"":2.0,""size_class"":""Large""}","{""raw"":""661.4 lbs / 300kg (6)"",""kg"":300.0,""weight_class"":6}","{""raw"":""50% M / 50% F"",""male_percent"":50.0,""female_percent"":50.0,""genderless"":false}","[""Field""]","[""Cave"",""Desert""]",gen8,493,False,"{""unresolved_abilities"":0,""unresolved_move_references"":3,""unresolved_capabilities"":0}"
hitmonchan,Hitmonchan,,,,,,,,True,True,complete,"[""Fighting""]","{""hp"":5,""attack"":11,""defense"":8,""special_attack"":4,""special_defense"":11,""speed"":8}","{""raw"":""4' 7\"" / 1.4m (Medium)"",""meters"":1.4,""size_class"":""Medium""}","{""raw"":""110.7 lbs / 50.2kg (4)"",""kg"":50.2,""weight_class"":4}","{""raw"":""100% M / 0% F"",""male_percent"":100.0,""female_percent"":0.0,""genderless"":false}","[""Humanshape""]","[""Mountain"",""Urban""]",gen8,390,False,"{""unresolved_abilities"":0,""unresolved_move_references"":0,""unresolved_capabilities"":0}"
hitmonlee,Hitmonlee,,,,,,,,True,True,complete,"[""Fighting""]","{""hp"":5,""attack"":12,""defense"":5,""special_attack"":4,""special_defense"":11,""speed"":9}","{""raw"":""4' 11\"" / 1.5m (Medium)"",""meters"":1.5,""size_class"":""Medium""}","{""raw"":""109.8 lbs / 49.8kg (3)"",""kg"":49.8,""weight_class"":3}","{""raw"":""100% M / 0% F"",""male_percent"":100.0,""female_percent"":0.0,""genderless"":false}","[""Humanshape""]","[""Mountain"",""Urban""]",gen8,389,False,"{""unresolved_abilities"":0,""unresolved_move_references"":1,""unresolved_capabilities"":0}"
hitmontop,Hitmontop,,,,,,,,True,True,complete,"[""Fighting""]","{""hp"":5,""attack"":10,""defense"":10,""special_attack"":4,""special_defense"":11,""speed"":7}","{""raw"":""4' 7\"" / 1.4m (Medium)"",""meters"":1.4,""size_class"":""Medium""}","{""raw"":""105.8 lbs / 48kg (3)"",""kg"":48.0,""weight_class"":3}","{""raw"":""100% M / 0% F"",""male_percent"":100.0,""female_percent"":0.0,""genderless"":false}","[""Humanshape""]","[""Mountain"",""Urban""]",gen8,391,False,"{""unresolved_abilities"":0,""unresolved_move_references"":0,""unresolved_capabilities"":0}"
ho-oh,Ho-Oh,,,,,,,,True,True,complete,"[""Fire"",""Flying""]","{""hp"":11,""attack"":13,""defense"":9,""special_attack"":11,""special_defense"":15,""speed"":9}","{""raw"":""12' 6\"" / 3.8m (Huge)"",""meters"":3.8,""size_class"":""Huge""}","{""raw"":""438.7 lbs / 199kg (5)"",""kg"":199.0,""weight_class"":5}","{""raw"":""No Gender"",""genderless"":true,""male_percent"":0.0,""female_percent"":0.0}","[""None""]","[""Mountain""]",gen8,875,False,"{""unresolved_abilities"":0,""unresolved_move_references"":0,""unresolved_capabilities"":0}"
honchkrow,Honchkrow,,,,,,,,True,True,complete,"[""Dark"",""Flying""]","{""hp"":10,""attack"":13,""defense"":5,""special_attack"":11,""special_defense"":5,""speed"":7}","{""raw"":""2' 11\"" / 0.9m (Small)"",""meters"":0.9,""size_class"":""Small""}","{""raw"":""60.2 lbs / 27.3kg (3)"",""kg"":27.3,""weight_class"":3}","{""raw"":""50% M / 50% F"",""male_percent"":50.0,""female_percent"":50.0,""genderless"":false}","[""Flying""]","[""Forest"",""Marsh"",""Urban""]",gen8,345,False,"{""unresolved_abilities"":0,""unresolved_move_references"":0,""unresolved_capabilities"":0}"
honedge,Honedge,,,,,,,,True,True,complete,"[""Steel"",""Ghost""]","{""hp"":5,""attack"":8,""defense"":10,""special_attack"":4,""special_defense"":4,""speed"":3}","{""raw"":""2' 7\"" / 0.8m (Small)"",""meters"":0.8,""size_class"":""Small""}","{""raw"":""4.4 lbs / 2kg (1)"",""kg"":2.0,""weight_class"":1}","{""raw"":""50% M / 50% F"",""male_percent"":50.0,""female_percent"":50.0,""genderless"":false}","[""Mineral""]","[""Grassland"",""Urban""]",gen8,283,False,"{""unresolved_abilities"":0,""unresolved_move_references"":0,""unresolved_capabilities"":1}"
hoopa-confined,HOOPA Confined,,,,,,,,True,True,complete,"[""Psychic"",""Ghost""]","{""hp"":8,""attack"":11,""defense"":6,""special_attack"":15,""special_defense"":13,""speed"":7}","{""raw"":""1' 8\"" / 0.5m (Small)"",""meters"":0.5,""size_class"":""Small""}","{""raw"":""19.8 lbs / 9kg (1)"",""kg"":9.0,""weight_class"":1}","{""raw"":""No Gender"",""genderless"":true,""male_percent"":0.0,""female_percent"":0.0}","[""None""]","[""Non-Space""]",gen8,931,False,"{""unresolved_abilities"":0,""unresolved_move_references"":1,""unresolved_capabilities"":1}"
hoopa-unbound,HOOPA Unbound,,,,,,,,True,True,complete,"[""Psychic"",""Dark""]","{""hp"":8,""attack"":16,""defense"":6,""special_attack"":17,""special_defense"":13,""speed"":8}","{""raw"":""21' 5\"" / 5m (Gigantic)"",""meters"":5.0,""size_class"":""Gigantic""}","{""raw"":""1080.3 lbs / 490kg (9)"",""kg"":490.0,""weight_class"":9}","{""raw"":""No Gender"",""genderless"":true,""male_percent"":0.0,""female_percent"":0.0}","[""None""]","[""Non-Space""]",gen8,932,False,"{""unresolved_abilities"":0,""unresolved_move_references"":1,""unresolved_capabilities"":1}"
hoothoot,Hoothoot,,,,,,,,True,True,complete,"[""Normal"",""Flying""]","{""hp"":6,""attack"":3,""defense"":3,""special_attack"":4,""special_defense"":6,""speed"":5}","{""raw"":""2' 4\"" / 0.7m (Small)"",""meters"":0.7,""size_class"":""Small""}","{""raw"":""46.7 lbs / 21.2kg (2)"",""kg"":21.2,""weight_class"":2}","{""raw"":""50% M / 50% F"",""male_percent"":50.0,""female_percent"":50.0,""genderless"":false}","[""Flying""]","[""Forest""]",gen8,527,False,"{""unresolved_abilities"":0,""unresolved_move_references"":0,""unresolved_capabilities"":0}"
hoppip,Hoppip,,,,,,,,True,True,complete,"[""Grass"",""Flying""]","{""hp"":4,""attack"":4,""defense"":4,""special_attack"":4,""special_defense"":6,""speed"":5}","{""raw"":""1' 4\"" / 0.4m (Small)"",""meters"":0.4,""size_class"":""Small""}","{""raw"":""1.1 lbs / 0.5kg (1)"",""kg"":0.5,""weight_class"":1}","{""raw"":""50% M / 50% F"",""male_percent"":50.0,""female_percent"":50.0,""genderless"":false}","[""Fairy"",""Plant""]","[""Forest"",""Grassland""]",gen8,179,False,"{""unresolved_abilities"":0,""unresolved_move_references"":0,""unresolved_capabilities"":0}"
horsea,Horsea,,,,,,,,True,True,complete,"[""Water""]","{""hp"":3,""attack"":4,""defense"":7,""special_attack"":7,""special_defense"":3,""speed"":6}","{""raw"":""1' 4\"" / 0.4m (Small)"",""meters"":0.4,""size_class"":""Small""}","{""raw"":""17.6 lbs / 8kg (1)"",""kg"":8.0,""weight_class"":1}","{""raw"":""50% M / 50% F"",""male_percent"":50.0,""female_percent"":50.0,""genderless"":false}","[""Water 1"",""Dragon""]","[""Ocean""]",gen8,290,False,"{""unresolved_abilities"":0,""unresolved_move_references"":0,""unresolved_capabilities"":0}"
houndoom,Houndoom,,,,,,,,True,True,complete,"[""Dark"",""Fire""]","{""hp"":8,""attack"":9,""defense"":5,""special_attack"":11,""special_defense"":8,""speed"":10}","{""raw"":""4' 7\"" / 1.4m (Medium)"",""meters"":1.4,""size_class"":""Medium""}","{""raw"":""77.2 lbs / 35kg (3)"",""kg"":35.0,""weight_class"":3}","{""raw"":""50% M / 50% F"",""male_percent"":50.0,""female_percent"":50.0,""genderless"":false}","[""Field""]","[""Cave"",""Mountain""]",gen8,349,False,"{""unresolved_abilities"":0,""unresolved_move_references"":0,""unresolved_capabilities"":0}"
houndour,Houndour,,,,,,,,True,True,complete,"[""Dark"",""Fire""]","{""hp"":5,""attack"":6,""defense"":3,""special_attack"":8,""special_defense"":5,""speed"":7}","{""raw"":""2' 0\"" / 0.6m (Small)"",""meters"":0.6,""size_class"":""Small""}","{""raw"":""23.8 lbs / 10.8kg (1)"",""kg"":10.8,""weight_class"":1}","{""raw"":""50% M / 50% F"",""male_percent"":50.0,""female_percent"":50.0,""genderless"":false}","[""Field""]","[""Cave"",""Mountain""]",gen8,348,False,"{""unresolved_abilities"":0,""unresolved_move_references"":0,""unresolved_capabilities"":0}"
huntail,Huntail,,,,,,,,True,True,complete,"[""Water""]","{""hp"":6,""attack"":10,""defense"":11,""special_attack"":9,""special_defense"":8,""speed"":5}","{""raw"":""5' 7\"" / 1.7m (Medium)"",""meters"":1.7,""size_class"":""Medium""}","{""raw"":""59.5 lbs / 27kg (3)"",""kg"":27.0,""weight_class"":3}","{""raw"":""50% M / 50% F"",""male_percent"":50.0,""female_percent"":50.0,""genderless"":false}","[""Water 1""]","[""Ocean""]",gen8,663,False,"{""unresolved_abilities"":0,""unresolved_move_references"":0,""unresolved_capabilities"":0}"
hydreigon,Hydreigon,,,,,,,,True,True,complete,"[""Dark"",""Dragon""]","{""hp"":9,""attack"":11,""defense"":9,""special_attack"":13,""special_defense"":9,""speed"":10}","{""raw"":""5' 11\"" / 1.8m (Medium)"",""meters"":1.8,""size_class"":""Medium""}","{""raw"":""352.7 lbs / 160kg (5)"",""kg"":160.0,""weight_class"":5}","{""raw"":""50% M / 50% F"",""male_percent"":50.0,""female_percent"":50.0,""genderless"":false}","[""Dragon""]","[""Cave"",""Mountain""]",gen8,855,False,"{""unresolved_abilities"":0,""unresolved_move_references"":0,""unresolved_capabilities"":0}"
hypno,Hypno,,,,,,,,True,True,complete,"[""Psychic""]","{""hp"":9,""attack"":7,""defense"":7,""special_attack"":7,""special_defense"":12,""speed"":7}","{""raw"":""5' 3\"" / 1.6m (Medium)"",""meters"":1.6,""size_class"":""Medium""}","{""raw"":""166.7 lbs / 75.6kg (7)"",""kg"":75.6,""weight_class"":7}","{""raw"":""50% M / 50% F"",""male_percent"":50.0,""female_percent"":50.0,""genderless"":false}","[""Humanshape""]","[""Grassland"",""Marsh"",""Urban""]",gen8,589,False,"{""unresolved_abilities"":0,""unresolved_move_references"":0,""unresolved_capabilities"":0}"
igglybuff,Igglybuff,,,,,,,,True,True,complete,"[""Normal"",""Fairy""]","{""hp"":9,""attack"":3,""defense"":2,""special_attack"":4,""special_defense"":2,""speed"":2}","{""raw"":""1' 0\"" / 0.3m (Small)"",""meters"":0.3,""size_class"":""Small""}","{""raw"":""2.2 lbs / 1kg (1)"",""kg"":1.0,""weight_class"":1}","{""raw"":""25% M / 75% F"",""male_percent"":25.0,""female_percent"":75.0,""genderless"":false}","[""Fairy""]","[""Cave"",""Grassland"",""Urban""]",gen8,212,False,"{""unresolved_abilities"":0,""unresolved_move_references"":6,""unresolved_capabilities"":0}"
illumise,Illumise,,,,,,,,True,True,complete,"[""Bug""]","{""hp"":7,""attack"":5,""defense"":8,""special_attack"":7,""special_defense"":9,""speed"":9}","{""raw"":""2' 0\"" / 0.6m (Small)"",""meters"":0.6,""size_class"":""Small""}","{""raw"":""39 lbs / 17.7kg (2)"",""kg"":17.7,""weight_class"":2}","{""raw"":""0% M / 100% F"",""male_percent"":0.0,""female_percent"":100.0,""genderless"":false}","[""Bug"",""Humanshape""]","[""Forest"",""Grassland"",""Rainforest""]",gen8,689,False,"{""unresolved_abilities"":0,""unresolved_move_references"":1,""unresolved_capabilities"":0}"
impidimp,Impidimp,,,,,,,,True,True,complete,"[""Dark"",""Fairy""]","{""hp"":5,""attack"":5,""defense"":3,""special_attack"":6,""special_defense"":4,""speed"":5}","{""raw"":""1' 4\"" / 0.4m (Small)"",""meters"":0.4,""size_class"":""Small""}","{""raw"":""12.1 lbs / 5.5kg (1)"",""kg"":5.5,""weight_class"":1}","{""raw"":""100% M / 0% F"",""male_percent"":100.0,""female_percent"":0.0,""genderless"":false}","[""Fairy"",""Humanshape""]","[""Forest"",""Urban""]",gen8,114,False,"{""unresolved_abilities"":0,""unresolved_move_references"":0,""unresolved_capabilities"":0}"
incineroar,Incineroar,,,,,,,,True,True,complete,"[""Fire"",""Dark""]","{""hp"":10,""attack"":12,""defense"":9,""special_attack"":8,""special_defense"":9,""speed"":6}","{""raw"":""5' 11\"" / 1.8m (Medium)"",""meters"":1.8,""size_class"":""Medium""}","{""raw"":""183 lbs / 83kg (4)"",""kg"":83.0,""weight_class"":4}","{""raw"":""87.5% M / 12.5% F"",""male_percent"":87.5,""female_percent"":12.5,""genderless"":false}","[""Field""]","[""Forest"",""Grassland"",""Urban""]",gen8,60,False,"{""unresolved_abilities"":0,""unresolved_move_references"":0,""unresolved_capabilities"":0}"
indeedee-female,INDEEDEE Female,,,,,,,,True,True,complete,"[""Psychic"",""Normal""]","{""hp"":7,""attack"":6,""defense"":7,""special_attack"":10,""special_defense"":11,""speed"":9}","{""raw"":""2' 11\"" / 0.9m (Small)"",""meters"":0.9,""size_class"":""Small""}","{""raw"":""61.7 lbs / 28kg (3)"",""kg"":28.0,""weight_class"":3}","{""raw"":""0% M / 100% F"",""male_percent"":0.0,""female_percent"":100.0,""genderless"":false}","[""Fairy""]","[""Forest"",""Urban""]",gen8,748,False,"{""unresolved_abilities"":0,""unresolved_move_references"":0,""unresolved_capabilities"":0}"
indeedee-male,INDEEDEE Male,,,,,,,,True,True,complete,"[""Psychic"",""Normal""]","{""hp"":6,""attack"":7,""defense"":6,""special_attack"":11,""special_defense"":10,""speed"":10}","{""raw"":""2' 11\"" / 0.9m (Small)"",""meters"":0.9,""size_class"":""Small""}","{""raw"":""61.7 lbs / 28kg (3)"",""kg"":28.0,""weight_class"":3}","{""raw"":""100% M / 0% F"",""male_percent"":100.0,""female_percent"":0.0,""genderless"":false}","[""Fairy""]","[""Forest"",""Urban""]",gen8,747,False,"{""unresolved_abilities"":0,""unresolved_move_references"":0,""unresolved_capabilities"":0}"
infernape,Infernape,,,,,,,,True,True,complete,"[""Fire"",""Fighting""]","{""hp"":8,""attack"":10,""defense"":7,""special_attack"":10,""special_defense"":7,""speed"":10}","{""raw"":""3' 11\"" / 1.2m (Medium)"",""meters"":1.2,""size_class"":""Medium""}","{""raw"":""121.3 lbs / 55kg (4)"",""kg"":55.0,""weight_class"":4}","{""raw"":""87.5% M / 12.5% F"",""male_percent"":87.5,""female_percent"":12.5,""genderless"":false}","[""Field"",""Humanshape""]","[""Cave"",""Mountain""]",gen8,51,False,"{""unresolved_abilities"":0,""unresolved_move_references"":0,""unresolved_capabilities"":0}"
inkay,Inkay,,,,,,,,True,True,complete,"[""Dark"",""Psychic""]","{""hp"":5,""attack"":5,""defense"":5,""special_attack"":4,""special_defense"":5,""speed"":5}","{""raw"":""1' 4\"" / 0.4m (Small)"",""meters"":0.4,""size_class"":""Small""}","{""raw"":""7.7 lbs / 3.5kg (1)"",""kg"":3.5,""weight_class"":1}","{""raw"":""50% M / 50% F"",""male_percent"":50.0,""female_percent"":50.0,""genderless"":false}","[""Water 1"",""Water 2""]","[""Ocean""]",gen8,362,False,"{""unresolved_abilities"":0,""unresolved_move_references"":0,""unresolved_capabilities"":0}"
inteleon,Inteleon,,,,,,,,True,True,complete,"[""Water""]","{""hp"":7,""attack"":9,""defense"":7,""special_attack"":13,""special_defense"":7,""speed"":12}","{""raw"":""6' 3\"" / 1.9m (Medium)"",""meters"":1.9,""size_class"":""Medium""}","{""raw"":""99.6 lbs / 45.2kg (3)"",""kg"":45.2,""weight_class"":3}","{""raw"":""87.5% M / 12.5% F"",""male_percent"":87.5,""female_percent"":12.5,""genderless"":false}","[""Water 1"",""Field""]","[""Freshwater"",""Marsh""]",gen8,87,False,"{""unresolved_abilities"":0,""unresolved_move_references"":0,""unresolved_capabilities"":0}"
ivysaur,Ivysaur,,,,,,,,True,True,complete,"[""Grass"",""Poison""]","{""hp"":6,""attack"":6,""defense"":6,""special_attack"":8,""special_defense"":8,""speed"":6}","{""raw"":""3' 3\"" / 1m (Medium)"",""meters"":1.0,""size_class"":""Medium""}","{""raw"":""28.7 lbs / 13.2kg (2)"",""kg"":13.2,""weight_class"":2}","{""raw"":""87.5% M / 12.5% F"",""male_percent"":87.5,""female_percent"":12.5,""genderless"":false}","[""Monster"",""Plant""]","[""Forest"",""Grassland"",""Rainforest""]",gen8,17,False,"{""unresolved_abilities"":0,""unresolved_move_references"":0,""unresolved_capabilities"":0}"
jangmo-o,Jangmo-O,,,,,,,,True,True,complete,"[""Dragon""]","{""hp"":5,""attack"":6,""defense"":7,""special_attack"":5,""special_defense"":5,""speed"":5}","{""raw"":""2' 0\"" / 0.6m (Small)"",""meters"":0.6,""size_class"":""Small""}","{""raw"":""65.5 lbs / 29.7kg (3)"",""kg"":29.7,""weight_class"":3}","{""raw"":""50% M / 50% F"",""male_percent"":50.0,""female_percent"":50.0,""genderless"":false}","[""Dragon""]","[""Cave"",""Mountain""]",gen8,859,False,"{""unresolved_abilities"":0,""unresolved_move_references"":0,""unresolved_capabilities"":0}"
jellicent,Jellicent,,,,,,,,True,True,complete,"[""Water"",""Ghost""]","{""hp"":10,""attack"":6,""defense"":7,""special_attack"":9,""special_defense"":11,""speed"":6}","{""raw"":""7' 3\"" / 2.2m (Large)"",""meters"":2.2,""size_class"":""Large""}","{""raw"":""297.6 lbs / 135kg (5)"",""kg"":135.0,""weight_class"":5}","{""raw"":""50% M / 50% F"",""male_percent"":50.0,""female_percent"":50.0,""genderless"":false}","[""Indeterminate""]","[""Ocean""]",gen8,676,False,"{""unresolved_abilities"":0,""unresolved_move_references"":1,""unresolved_capabilities"":0}"
jigglypuff,Jigglypuff,,,,,,,,True,True,complete,"[""Normal"",""Fairy""]","{""hp"":12,""attack"":5,""defense"":2,""special_attack"":5,""special_defense"":3,""speed"":2}","{""raw"":""1' 8\"" / 0.5m (Small)"",""meters"":0.5,""size_class"":""Small""}","{""raw"":""12.1 lbs / 5.5kg (1)"",""kg"":5.5,""weight_class"":1}","{""raw"":""25% M / 75% F"",""male_percent"":25.0,""female_percent"":75.0,""genderless"":false}","[""Fairy""]","[""Cave"",""Grassland"",""Urban""]",gen8,213,False,"{""unresolved_abilities"":0,""unresolved_move_references"":0,""unresolved_capabilities"":0}"
jirachi,Jirachi,,,,,,,,True,True,complete,"[""Steel"",""Psychic""]","{""hp"":10,""attack"":10,""defense"":10,""special_attack"":10,""special_defense"":10,""speed"":10}","{""raw"":""1' 0\"" / 0.3m (Small)"",""meters"":0.3,""size_class"":""Small""}","{""raw"":""2.4 lbs / 1.1kg (1)"",""kg"":1.1,""weight_class"":1}","{""raw"":""No Gender"",""genderless"":true,""male_percent"":0.0,""female_percent"":0.0}","[""None""]","[""Cave"",""Forest"",""Mountain"",""Rainforest""]",gen8,886,False,"{""unresolved_abilities"":0,""unresolved_move_references"":0,""unresolved_capabilities"":0}"
jolteon,Jolteon,,,,,,,,True,True,complete,"[""Electric""]","{""hp"":7,""attack"":7,""defense"":6,""special_attack"":11,""special_defense"":10,""speed"":13}","{""raw"":""2' 7\"" / 0.8m (Small)"",""meters"":0.8,""size_class"":""Small""}","{""raw"":""54 lbs / 24.5kg (2)"",""kg"":24.5,""weight_class"":2}","{""raw"":""87.5% M / 12.5% F"",""male_percent"":87.5,""female_percent"":12.5,""genderless"":false}","[""Field""]","[""Forest"",""Urban""]",gen8,773,False,"{""unresolved_abilities"":1,""unresolved_move_references"":0,""unresolved_capabilities"":0}"
joltik,Joltik,,,,,,,,True,True,complete,"[""Bug"",""Electric""]","{""hp"":5,""attack"":5,""defense"":5,""special_attack"":6,""special_defense"":5,""speed"":7}","{""raw"":""0' 4\"" / 0.1m (Small)"",""meters"":0.1,""size_class"":""Small""}","{""raw"":""1.3 lbs / 0.6kg (1)"",""kg"":0.6,""weight_class"":1}","{""raw"":""50% M / 50% F"",""male_percent"":50.0,""female_percent"":50.0,""genderless"":false}","[""Bug""]","[""Cave"",""Forest""]",gen8,336,False,"{""unresolved_abilities"":0,""unresolved_move_references"":0,""unresolved_capabilities"":0}"
jumpluff,Jumpluff,,,,,,,,True,True,complete,"[""Grass"",""Flying""]","{""hp"":8,""attack"":6,""defense"":7,""special_attack"":6,""special_defense"":10,""speed"":11}","{""raw"":""2' 7\"" / 0.8m (Small)"",""meters"":0.8,""size_class"":""Small""}","{""raw"":""6.6 lbs / 3kg (1)"",""kg"":3.0,""weight_class"":1}","{""raw"":""50% M / 50% F"",""male_percent"":50.0,""female_percent"":50.0,""genderless"":false}","[""Fairy"",""Plant""]","[""Forest"",""Grassland""]",gen8,181,False,"{""unresolved_abilities"":0,""unresolved_move_references"":0,""unresolved_capabilities"":0}"
jynx,Jynx,,,,,,,,True,True,complete,"[""Ice"",""Psychic""]","{""hp"":7,""attack"":5,""defense"":4,""special_attack"":12,""special_defense"":10,""speed"":10}","{""raw"":""4' 7\"" / 1.4m (Medium)"",""meters"":1.4,""size_class"":""Medium""}","{""raw"":""89.5 lbs / 40.6kg (3)"",""kg"":40.6,""weight_class"":3}","{""raw"":""0% M / 100% F"",""male_percent"":0.0,""female_percent"":100.0,""genderless"":false}","[""Humanshape""]","[""Taiga"",""Tundra"",""Urban""]",gen8,503,False,"{""unresolved_abilities"":0,""unresolved_move_references"":0,""unresolved_capabilities"":0}"
kabuto,Kabuto,,,,,,,,True,True,complete,"[""Rock"",""Water""]","{""hp"":3,""attack"":8,""defense"":9,""special_attack"":6,""special_defense"":5,""speed"":6}","{""raw"":""1' 8\"" / 0.5m (Small)"",""meters"":0.5,""size_class"":""Small""}","{""raw"":""25.4 lbs / 11.5kg (2)"",""kg"":11.5,""weight_class"":2}","{""raw"":""87.5% M / 12.5% F"",""male_percent"":87.5,""female_percent"":12.5,""genderless"":false}","[""Water 1"",""Water 3""]","[""Cave"",""Ocean""]",gen8,815,False,"{""unresolved_abilities"":0,""unresolved_move_references"":0,""unresolved_capabilities"":0}"
kabutops,Kabutops,,,,,,,,True,True,complete,"[""Rock"",""Water""]","{""hp"":6,""attack"":12,""defense"":11,""special_attack"":7,""special_defense"":7,""speed"":8}","{""raw"":""4' 3\"" / 1.3m (Medium)"",""meters"":1.3,""size_class"":""Medium""}","{""raw"":""89.3 lbs / 40.5kg (2)"",""kg"":40.5,""weight_class"":2}","{""raw"":""87.5% M / 12.5% F"",""male_percent"":87.5,""female_percent"":12.5,""genderless"":false}","[""Water 1"",""Water 3""]","[""Cave"",""Ocean""]",gen8,816,False,"{""unresolved_abilities"":0,""unresolved_move_references"":0,""unresolved_capabilities"":0}"
kadabra,Kadabra,,,,,,,,True,True,complete,"[""Psychic""]","{""hp"":4,""attack"":4,""defense"":3,""special_attack"":12,""special_defense"":7,""speed"":11}","{""raw"":""4' 3\"" / 1.3m (Medium)"",""meters"":1.3,""size_class"":""Medium""}","{""raw"":""124.6 lbs / 56.5kg (4)"",""kg"":56.5,""weight_class"":4}","{""raw"":""75% M / 25% F"",""male_percent"":75.0,""female_percent"":25.0,""genderless"":false}","[""Humanshape""]","[""Forest"",""Urban""]",gen8,249,False,"{""unresolved_abilities"":0,""unresolved_move_references"":0,""unresolved_capabilities"":0}"
kakuna,Kakuna,,,,,,,,True,True,complete,"[""Bug"",""Poison""]","{""hp"":5,""attack"":3,""defense"":5,""special_attack"":3,""special_defense"":3,""speed"":4}","{""raw"":""2' 0\"" / 0.6m (Small)"",""meters"":0.6,""size_class"":""Small""}","{""raw"":""22 lbs / 10kg (1)"",""kg"":10.0,""weight_class"":1}","{""raw"":""50% M / 50% F"",""male_percent"":50.0,""female_percent"":50.0,""genderless"":false}","[""Bug""]","[""Forest""]",gen8,92,False,"{""unresolved_abilities"":0,""unresolved_move_references"":1,""unresolved_capabilities"":0}"
kangaskhan,Kangaskhan,,,,,,,,True,True,complete,"[""Normal""]","{""hp"":11,""attack"":10,""defense"":8,""special_attack"":4,""special_defense"":8,""speed"":9}","{""raw"":""7' 3\"" / 2.2m (Large)"",""meters"":2.2,""size_class"":""Large""}","{""raw"":""176.4 lbs / 80kg (4)"",""kg"":80.0,""weight_class"":4}","{""raw"":""0% M / 100% F"",""male_percent"":0.0,""female_percent"":100.0,""genderless"":false}","[""Monster""]","[""Grassland"",""Rainforest""]",gen8,726,False,"{""unresolved_abilities"":0,""unresolved_move_references"":0,""unresolved_capabilities"":0}"
karrablast,Karrablast,,,,,,,,True,True,complete,"[""Bug""]","{""hp"":5,""attack"":8,""defense"":5,""special_attack"":4,""special_defense"":5,""speed"":6}","{""raw"":""1' 8\"" / 0.5m (Small)"",""meters"":0.5,""size_class"":""Small""}","{""raw"":""13 lbs / 5.9kg (1)"",""kg"":5.9,""weight_class"":1}","{""raw"":""50% M / 50% F"",""male_percent"":50.0,""female_percent"":50.0,""genderless"":false}","[""Bug""]","[""Forest"",""Grassland""]",gen8,332,False,"{""unresolved_abilities"":0,""unresolved_move_references"":1,""unresolved_capabilities"":1}"
kartana,Kartana,,,,,,,,True,True,complete,"[""Grass"",""Steel""]","{""hp"":6,""attack"":18,""defense"":13,""special_attack"":6,""special_defense"":3,""speed"":11}","{""raw"":""1' 0\"" / 0.3m (Small)"",""meters"":0.3,""size_class"":""Small""}","{""raw"":""0.2 lbs / 0.1kg (1)"",""kg"":0.1,""weight_class"":1}","{""raw"":""No Gender"",""genderless"":true,""male_percent"":0.0,""female_percent"":0.0}","[""None""]","[""Ultra Space""]",gen8,952,False,"{""unresolved_abilities"":0,""unresolved_move_references"":0,""unresolved_capabilities"":0}"
kecleon,Kecleon,,,,,,,,True,True,complete,"[""Normal""]","{""hp"":6,""attack"":9,""defense"":7,""special_attack"":6,""special_defense"":12,""speed"":4}","{""raw"":""3' 3\"" / 1m (Medium)"",""meters"":1.0,""size_class"":""Medium""}","{""raw"":""48.5 lbs / 22kg (2)"",""kg"":22.0,""weight_class"":2}","{""raw"":""50% M / 50% F"",""male_percent"":50.0,""female_percent"":50.0,""genderless"":false}","[""Field""]","[""Forest""]",gen8,736,False,"{""unresolved_abilities"":0,""unresolved_move_references"":0,""unresolved_capabilities"":0}"
keldeo,Keldeo,,,,,,,,True,True,complete,"[""Water"",""Fighting""]","{""hp"":9,""attack"":7,""defense"":9,""special_attack"":13,""special_defense"":9,""speed"":11}","{""raw"":""4' 7\"" / 1.4m (Medium)"",""meters"":1.4,""size_class"":""Medium""}","{""raw"":""106.9 lbs / 48.5kg (3)"",""kg"":48.5,""weight_class"":3}","{""raw"":""No Gender"",""genderless"":true,""male_percent"":0.0,""female_percent"":0.0}","[""None""]","[""Cave"",""Mountain""]",gen8,910,False,"{""unresolved_abilities"":0,""unresolved_move_references"":0,""unresolved_capabilities"":0}"
kingdra,Kingdra,,,,,,,,True,True,complete,"[""Water"",""Dragon""]","{""hp"":8,""attack"":10,""defense"":10,""special_attack"":10,""special_defense"":10,""speed"":9}","{""raw"":""5' 11\"" / 1.8m (Medium)"",""meters"":1.8,""size_class"":""Medium""}","{""raw"":""335.1 lbs / 152kg (5)"",""kg"":152.0,""weight_class"":5}","{""raw"":""50% M / 50% F"",""male_percent"":50.0,""female_percent"":50.0,""genderless"":false}","[""Water 1"",""Dragon""]","[""Ocean""]",gen8,292,False,"{""unresolved_abilities"":0,""unresolved_move_references"":0,""unresolved_capabilities"":0}"
kingler,Kingler,,,,,,,,True,True,complete,"[""Water""]","{""hp"":6,""attack"":13,""defense"":12,""special_attack"":5,""special_defense"":5,""speed"":8}","{""raw"":""4' 3\"" / 1.3m (Medium)"",""meters"":1.3,""size_class"":""Medium""}","{""raw"":""132.3 lbs / 60kg (4)"",""kg"":60.0,""weight_class"":4}","{""raw"":""50% M / 50% F"",""male_percent"":50.0,""female_percent"":50.0,""genderless"":false}","[""Water 3""]","[""Beach""]",gen8,635,False,"{""unresolved_abilities"":0,""unresolved_move_references"":0,""unresolved_capabilities"":0}"
kirlia,Kirlia,,,,,,,,True,True,complete,"[""Psychic"",""Fairy""]","{""hp"":4,""attack"":4,""defense"":4,""special_attack"":7,""special_defense"":6,""speed"":5}","{""raw"":""2' 7\"" / 0.8m (Small)"",""meters"":0.8,""size_class"":""Small""}","{""raw"":""44.5 lbs / 20.2kg (2)"",""kg"":20.2,""weight_class"":2}","{""raw"":""50% M / 50% F"",""male_percent"":50.0,""female_percent"":50.0,""genderless"":false}","[""Indeterminate""]","[""Forest"",""Urban""]",gen8,256,False,"{""unresolved_abilities"":0,""unresolved_move_references"":0,""unresolved_capabilities"":0}"
klang,Klang,,,,,,,,True,True,complete,"[""Steel""]","{""hp"":6,""attack"":8,""defense"":10,""special_attack"":7,""special_defense"":9,""speed"":5}","{""raw"":""2' 0\"" / 0.6m (Small)"",""meters"":0.6,""size_class"":""Small""}","{""raw"":""112.4 lbs / 51kg (4)"",""kg"":51.0,""weight_class"":4}","{""raw"":""No Gender"",""genderless"":true,""male_percent"":0.0,""female_percent"":0.0}","[""Mineral""]","[""Cave"",""Urban""]",gen8,281,False,"{""unresolved_abilities"":1,""unresolved_move_references"":0,""unresolved_capabilities"":1}"
klefki,Klefki,,,,,,,,True,True,complete,"[""Steel"",""Fairy""]","{""hp"":6,""attack"":8,""defense"":9,""special_attack"":8,""special_defense"":9,""speed"":8}","{""raw"":""0' 8\"" / 0.2m (Small)"",""meters"":0.2,""size_class"":""Small""}","{""raw"":""6.6 lbs / 3kg (1)"",""kg"":3.0,""weight_class"":1}","{""raw"":""50% M / 50% F"",""male_percent"":50.0,""female_percent"":50.0,""genderless"":false}","[""Mineral""]","[""Cave"",""Urban""]",gen8,757,False,"{""unresolved_abilities"":0,""unresolved_move_references"":0,""unresolved_capabilities"":0}"
klink,Klink,,,,,,,,True,True,complete,"[""Steel""]","{""hp"":4,""attack"":6,""defense"":7,""special_attack"":5,""special_defense"":6,""speed"":3}","{""raw"":""1' 0\"" / 0.3m (Small)"",""meters"":0.3,""size_class"":""Small""}","{""raw"":""46.3 lbs / 21kg (2)"",""kg"":21.0,""weight_class"":2}","{""raw"":""No Gender"",""genderless"":true,""male_percent"":0.0,""female_percent"":0.0}","[""Mineral""]","[""Cave"",""Urban""]",gen8,280,False,"{""unresolved_abilities"":1,""unresolved_move_references"":1,""unresolved_capabilities"":1}"
klinklang,Klinklang,,,,,,,,True,True,complete,"[""Steel""]","{""hp"":6,""attack"":10,""defense"":12,""special_attack"":7,""special_defense"":9,""speed"":9}","{""raw"":""2' 0\"" / 0.6m (Small)"",""meters"":0.6,""size_class"":""Small""}","{""raw"":""178.6 lbs / 81kg (4)"",""kg"":81.0,""weight_class"":4}","{""raw"":""No Gender"",""genderless"":true,""male_percent"":0.0,""female_percent"":0.0}","[""Mineral""]","[""Cave"",""Urban""]",gen8,282,False,"{""unresolved_abilities"":1,""unresolved_move_references"":0,""unresolved_capabilities"":1}"
koffing,Koffing,,,,,,,,True,True,complete,"[""Poison""]","{""hp"":4,""attack"":7,""defense"":10,""special_attack"":6,""special_defense"":5,""speed"":4}","{""raw"":""2' 0\"" / 0.6m (Small)"",""meters"":0.6,""size_class"":""Small""}","{""raw"":""2.2 lbs / 1kg (1)"",""kg"":1.0,""weight_class"":1}","{""raw"":""50% M / 50% F"",""male_percent"":50.0,""female_percent"":50.0,""genderless"":false}","[""Indeterminate""]","[""Marsh"",""Mountain"",""Urban""]",gen8,569,False,"{""unresolved_abilities"":0,""unresolved_move_references"":0,""unresolved_capabilities"":0}"
komala,Komala,,,,,,,,True,True,complete,"[""Normal""]","{""hp"":7,""attack"":12,""defense"":7,""special_attack"":8,""special_defense"":10,""speed"":7}","{""raw"":""1' 4\"" / 0.4m (Small)"",""meters"":0.4,""size_class"":""Small""}","{""raw"":""43.9 lbs / 19.9kg (2)"",""kg"":19.9,""weight_class"":2}","{""raw"":""50% M / 50% F"",""male_percent"":50.0,""female_percent"":50.0,""genderless"":false}","[""Field""]","[""Forest"",""Grassland"",""Rainforest""]",gen8,742,False,"{""unresolved_abilities"":0,""unresolved_move_references"":0,""unresolved_capabilities"":0}"
kommo-o,Kommo-O,,,,,,,,True,True,complete,"[""Dragon"",""Fighting""]","{""hp"":8,""attack"":11,""defense"":13,""special_attack"":10,""special_defense"":11,""speed"":9}","{""raw"":""5' 3\"" / 1.6m (Medium)"",""meters"":1.6,""size_class"":""Medium""}","{""raw"":""172.4 lbs / 78.2kg (4)"",""kg"":78.2,""weight_class"":4}","{""raw"":""50% M / 50% F"",""male_percent"":50.0,""female_percent"":50.0,""genderless"":false}","[""Dragon""]","[""Cave"",""Mountain""]",gen8,861,False,"{""unresolved_abilities"":0,""unresolved_move_references"":0,""unresolved_capabilities"":0}"
krabby,Krabby,,,,,,,,True,True,complete,"[""Water""]","{""hp"":3,""attack"":11,""defense"":9,""special_attack"":3,""special_defense"":3,""speed"":5}","{""raw"":""1' 4\"" / 0.4m (Small)"",""meters"":0.4,""size_class"":""Small""}","{""raw"":""14.3 lbs / 6.5kg (1)"",""kg"":6.5,""weight_class"":1}","{""raw"":""50% M / 50% F"",""male_percent"":50.0,""female_percent"":50.0,""genderless"":false}","[""Water 3""]","[""Beach""]",gen8,634,False,"{""unresolved_abilities"":0,""unresolved_move_references"":1,""unresolved_capabilities"":0}"
kricketot,Kricketot,,,,,,,,True,True,complete,"[""Bug""]","{""hp"":4,""attack"":3,""defense"":4,""special_attack"":3,""special_defense"":4,""speed"":3}","{""raw"":""1' 0\"" / 0.3m (Small)"",""meters"":0.3,""size_class"":""Small""}","{""raw"":""4.9 lbs / 2.2kg (1)"",""kg"":2.2,""weight_class"":1}","{""raw"":""50% M / 50% F"",""male_percent"":50.0,""female_percent"":50.0,""genderless"":false}","[""Bug""]","[""Forest"",""Grassland""]",gen8,321,False,"{""unresolved_abilities"":0,""unresolved_move_references"":1,""unresolved_capabilities"":0}"
kricketune,Kricketune,,,,,,,,True,True,complete,"[""Bug""]","{""hp"":8,""attack"":9,""defense"":5,""special_attack"":6,""special_defense"":5,""speed"":7}","{""raw"":""3' 3\"" / 1m (Medium)"",""meters"":1.0,""size_class"":""Medium""}","{""raw"":""56.2 lbs / 25.5kg (3)"",""kg"":25.5,""weight_class"":3}","{""raw"":""50% M / 50% F"",""male_percent"":50.0,""female_percent"":50.0,""genderless"":false}","[""Bug""]","[""Forest"",""Grassland""]",gen8,322,False,"{""unresolved_abilities"":0,""unresolved_move_references"":0,""unresolved_capabilities"":0}"
krokorok,Krokorok,,,,,,,,True,True,complete,"[""Ground"",""Dark""]","{""hp"":6,""attack"":8,""defense"":5,""special_attack"":5,""special_defense"":5,""speed"":7}","{""raw"":""3' 3\"" / 1m (Medium)"",""meters"":1.0,""size_class"":""Medium""}","{""raw"":""73.6 lbs / 33.4kg (3)"",""kg"":33.4,""weight_class"":3}","{""raw"":""50% M / 50% F"",""male_percent"":50.0,""female_percent"":50.0,""genderless"":false}","[""Field""]","[""Beach"",""Desert""]",gen8,198,False,"{""unresolved_abilities"":0,""unresolved_move_references"":0,""unresolved_capabilities"":0}"
krookodile,Krookodile,,,,,,,,True,True,complete,"[""Ground"",""Dark""]","{""hp"":10,""attack"":12,""defense"":8,""special_attack"":7,""special_defense"":7,""speed"":9}","{""raw"":""4' 11\"" / 1.5m (Medium)"",""meters"":1.5,""size_class"":""Medium""}","{""raw"":""212.3 lbs / 96.3kg (4)"",""kg"":96.3,""weight_class"":4}","{""raw"":""50% M / 50% F"",""male_percent"":50.0,""female_percent"":50.0,""genderless"":false}","[""Field""]","[""Beach"",""Desert""]",gen8,199,False,"{""unresolved_abilities"":0,""unresolved_move_references"":0,""unresolved_capabilities"":0}"
kyogre,Kyogre,,,,,,,,True,True,complete,"[""Water""]","{""hp"":10,""attack"":10,""defense"":9,""special_attack"":15,""special_defense"":14,""speed"":9}","{""raw"":""14' 9\"" / 4.5m (Gigantic)"",""meters"":4.5,""size_class"":""Gigantic""}","{""raw"":""776 lbs / 352kg (6)"",""kg"":352.0,""weight_class"":6}","{""raw"":""No Gender"",""genderless"":true,""male_percent"":0.0,""female_percent"":0.0}","[""None""]","[""Arctic"",""Ocean""]",gen8,883,False,"{""unresolved_abilities"":0,""unresolved_move_references"":0,""unresolved_capabilities"":0}"
kyurem-black-fusion-forme,KYUREM Black Fusion Forme,,,,,,,,True,True,complete,"[""Dragon"",""Ice""]","{""hp"":13,""attack"":17,""defense"":10,""special_attack"":12,""special_defense"":9,""speed"":10}","{""raw"":""10' 10\"" / 3.3m (Huge)"",""meters"":3.3,""size_class"":""Huge""}","{""raw"":""716.5 lbs / 325kg (6)"",""kg"":325.0,""weight_class"":6}","{""raw"":""No Gender"",""genderless"":true,""male_percent"":0.0,""female_percent"":0.0}","[""None""]","[""Non-Space""]",gen8,921,False,"{""unresolved_abilities"":0,""unresolved_move_references"":0,""unresolved_capabilities"":1}"
kyurem-normal-forme,KYUREM Normal Forme,,,,,,,,True,True,complete,"[""Dragon"",""Ice""]","{""hp"":13,""attack"":13,""defense"":9,""special_attack"":13,""special_defense"":9,""speed"":10}","{""raw"":""9' 10\"" / 3m (Huge)"",""meters"":3.0,""size_class"":""Huge""}","{""raw"":""716.5 lbs / 325kg (6)"",""kg"":325.0,""weight_class"":6}","{""raw"":""No Gender"",""genderless"":true,""male_percent"":0.0,""female_percent"":0.0}","[""None""]","[""Non-Space""]",gen8,919,False,"{""unresolved_abilities"":0,""unresolved_move_references"":0,""unresolved_capabilities"":1}"
kyurem-white-fusion-forme,KYUREM White Fusion Forme,,,,,,,,True,True,complete,"[""Dragon"",""Ice""]","{""hp"":13,""attack"":12,""defense"":9,""special_attack"":17,""special_defense"":10,""speed"":10}","{""raw"":""11' 10\"" / 3.6m (Huge)"",""meters"":3.6,""size_class"":""Huge""}","{""raw"":""716.5 lbs / 325kg (6)"",""kg"":325.0,""weight_class"":6}","{""raw"":""No Gender"",""genderless"":true,""male_percent"":0.0,""female_percent"":0.0}","[""None""]","[""Non-Space""]",gen8,920,False,"{""unresolved_abilities"":0,""unresolved_move_references"":0,""unresolved_capabilities"":1}"
lairon,Lairon,,,,,,,,True,True,complete,"[""Steel"",""Rock""]","{""hp"":6,""attack"":9,""defense"":14,""special_attack"":5,""special_defense"":5,""speed"":4}","{""raw"":""2' 11\"" / 0.9m (Medium)"",""meters"":0.9,""size_class"":""Medium""}","{""raw"":""264.6 lbs / 120kg (5)"",""kg"":120.0,""weight_class"":5}","{""raw"":""50% M / 50% F"",""male_percent"":50.0,""female_percent"":50.0,""genderless"":false}","[""Monster""]","[""Cave"",""Mountain""]",gen8,278,False,"{""unresolved_abilities"":0,""unresolved_move_references"":0,""unresolved_capabilities"":0}"
lampent,Lampent,,,,,,,,True,True,complete,"[""Ghost"",""Fire""]","{""hp"":6,""attack"":4,""defense"":6,""special_attack"":10,""special_defense"":6,""speed"":6}","{""raw"":""2' 0\"" / 0.6m (Small)"",""meters"":0.6,""size_class"":""Small""}","{""raw"":""28.7 lbs / 13kg (2)"",""kg"":13.0,""weight_class"":2}","{""raw"":""50% M / 50% F"",""male_percent"":50.0,""female_percent"":50.0,""genderless"":false}","[""Indeterminate""]","[""Cave"",""Urban""]",gen8,170,False,"{""unresolved_abilities"":0,""unresolved_move_references"":0,""unresolved_capabilities"":0}"
landorus-incarnate-forme,LANDORUS Incarnate Forme,,,,,,,,True,True,complete,"[""Ground"",""Flying""]","{""hp"":9,""attack"":13,""defense"":9,""special_attack"":12,""special_defense"":8,""speed"":10}","{""raw"":""4' 11\"" / 1.5m (Medium)"",""meters"":1.5,""size_class"":""Medium""}","{""raw"":""149.9 lbs / 68kg (4)"",""kg"":68.0,""weight_class"":4}","{""raw"":""100% M / 0% F"",""male_percent"":100.0,""female_percent"":0.0,""genderless"":false}","[""None""]","[""Mountain""]",gen8,915,False,"{""unresolved_abilities"":0,""unresolved_move_references"":1,""unresolved_capabilities"":1}"
landorus-therian-forme,LANDORUS Therian Forme,,,,,,,,True,True,complete,"[""Ground"",""Flying""]","{""hp"":9,""attack"":15,""defense"":9,""special_attack"":11,""special_defense"":8,""speed"":9}","{""raw"":""4' 3\"" / 1.3m (Medium)"",""meters"":1.3,""size_class"":""Medium""}","{""raw"":""149.9 lbs / 68kg (4)"",""kg"":68.0,""weight_class"":4}","{""raw"":""100% M / 0% F"",""male_percent"":100.0,""female_percent"":0.0,""genderless"":false}","[""None""]","[""Mountain""]",gen8,916,False,"{""unresolved_abilities"":0,""unresolved_move_references"":1,""unresolved_capabilities"":1}"
lanturn,Lanturn,,,,,,,,True,True,complete,"[""Water"",""Electric""]","{""hp"":13,""attack"":6,""defense"":6,""special_attack"":8,""special_defense"":8,""speed"":7}","{""raw"":""3' 11\"" / 1.2m (Medium)"",""meters"":1.2,""size_class"":""Medium""}","{""raw"":""49.6 lbs / 22.5kg (2)"",""kg"":22.5,""weight_class"":2}","{""raw"":""50% M / 50% F"",""male_percent"":50.0,""female_percent"":50.0,""genderless"":false}","[""Water 2""]","[""Ocean""]",gen8,643,False,"{""unresolved_abilities"":0,""unresolved_move_references"":0,""unresolved_capabilities"":0}"
lapras,Lapras,,,,,,,,True,True,complete,"[""Water"",""Ice""]","{""hp"":13,""attack"":9,""defense"":8,""special_attack"":9,""special_defense"":10,""speed"":6}","{""raw"":""8' 2\"" / 2.5m (Large)"",""meters"":2.5,""size_class"":""Large""}","{""raw"":""485 lbs / 220kg (6)"",""kg"":220.0,""weight_class"":6}","{""raw"":""50% M / 50% F"",""male_percent"":50.0,""female_percent"":50.0,""genderless"":false}","[""Monster"",""Water 1""]","[""Arctic"",""Ocean""]",gen8,759,False,"{""unresolved_abilities"":0,""unresolved_move_references"":0,""unresolved_capabilities"":0}"
larvesta,Larvesta,,,,,,,,True,True,complete,"[""Bug"",""Fire""]","{""hp"":6,""attack"":9,""defense"":6,""special_attack"":5,""special_defense"":6,""speed"":6}","{""raw"":""3' 7\"" / 1.1m (Medium)"",""meters"":1.1,""size_class"":""Medium""}","{""raw"":""63.5 lbs / 28.8kg (3)"",""kg"":28.8,""weight_class"":3}","{""raw"":""50% M / 50% F"",""male_percent"":50.0,""female_percent"":50.0,""genderless"":false}","[""Bug""]","[""Cave"",""Mountain""]",gen8,338,False,"{""unresolved_abilities"":0,""unresolved_move_references"":0,""unresolved_capabilities"":0}"
larvitar,Larvitar,,,,,,,,True,True,complete,"[""Rock"",""Ground""]","{""hp"":5,""attack"":6,""defense"":5,""special_attack"":5,""special_defense"":5,""speed"":4}","{""raw"":""2' 0\"" / 0.6m (Small)"",""meters"":0.6,""size_class"":""Small""}","{""raw"":""158.7 lbs / 72kg (4)"",""kg"":72.0,""weight_class"":4}","{""raw"":""50% M / 50% F"",""male_percent"":50.0,""female_percent"":50.0,""genderless"":false}","[""Monster""]","[""Cave"",""Mountain""]",gen8,841,False,"{""unresolved_abilities"":0,""unresolved_move_references"":0,""unresolved_capabilities"":0}"
latias,Latias,,,,,,,,True,True,complete,"[""Dragon"",""Psychic""]","{""hp"":8,""attack"":8,""defense"":9,""special_attack"":11,""special_defense"":13,""speed"":11}","{""raw"":""4' 7\"" / 1.4m (Medium)"",""meters"":1.4,""size_class"":""Medium""}","{""raw"":""88.2 lbs / 40kg (3)"",""kg"":40.0,""weight_class"":3}","{""raw"":""0% M / 100% F"",""male_percent"":0.0,""female_percent"":100.0,""genderless"":false}","[""None""]","[""Beach"",""Forest"",""Grassland"",""Mountain"",""Ocean""]",gen8,881,False,"{""unresolved_abilities"":0,""unresolved_move_references"":0,""unresolved_capabilities"":0}"
latios,Latios,,,,,,,,True,True,complete,"[""Dragon"",""Psychic""]","{""hp"":8,""attack"":9,""defense"":8,""special_attack"":13,""special_defense"":11,""speed"":11}","{""raw"":""6' 7\"" / 2m (Large)"",""meters"":2.0,""size_class"":""Large""}","{""raw"":""132.3 lbs / 60kg (3)"",""kg"":60.0,""weight_class"":3}","{""raw"":""100% M / 0% F"",""male_percent"":100.0,""female_percent"":0.0,""genderless"":false}","[""None""]","[""Beach"",""Forest"",""Grassland"",""Mountain"",""Ocean""]",gen8,882,False,"{""unresolved_abilities"":0,""unresolved_move_references"":0,""unresolved_capabilities"":0}"
leafeon,Leafeon,,,,,,,,True,True,complete,"[""Grass""]","{""hp"":7,""attack"":11,""defense"":13,""special_attack"":6,""special_defense"":7,""speed"":10}","{""raw"":""3' 3\"" / 1m (Medium)"",""meters"":1.0,""size_class"":""Medium""}","{""raw"":""56.2 lbs / 25.5kg (3)"",""kg"":25.5,""weight_class"":3}","{""raw"":""87.5% M / 12.5% F"",""male_percent"":87.5,""female_percent"":12.5,""genderless"":false}","[""Field""]","[""Forest"",""Grassland"",""Rainforest""]",gen8,777,False,"{""unresolved_abilities"":1,""unresolved_move_references"":0,""unresolved_capabilities"":0}"
leavanny,Leavanny,,,,,,,,True,True,complete,"[""Bug"",""Grass""]","{""hp"":8,""attack"":10,""defense"":8,""special_attack"":7,""special_defense"":8,""speed"":9}","{""raw"":""3' 11\"" / 1.2m (Medium)"",""meters"":1.2,""size_class"":""Medium""}","{""raw"":""45.2 lbs / 20.5kg (2)"",""kg"":20.5,""weight_class"":2}","{""raw"":""50% M / 50% F"",""male_percent"":50.0,""female_percent"":50.0,""genderless"":false}","[""Bug""]","[""Forest""]",gen8,101,False,"{""unresolved_abilities"":0,""unresolved_move_references"":0,""unresolved_capabilities"":0}"
ledian,Ledian,,,,,,,,True,True,complete,"[""Bug"",""Flying""]","{""hp"":6,""attack"":4,""defense"":5,""special_attack"":6,""special_defense"":11,""speed"":9}","{""raw"":""4' 7\"" / 1.4m (Medium)"",""meters"":1.4,""size_class"":""Medium""}","{""raw"":""78.5 lbs / 35.6kg (3)"",""kg"":35.6,""weight_class"":3}","{""raw"":""50% M / 50% F"",""male_percent"":50.0,""female_percent"":50.0,""genderless"":false}","[""Bug""]","[""Forest"",""Rainforest""]",gen8,309,False,"{""unresolved_abilities"":0,""unresolved_move_references"":0,""unresolved_capabilities"":0}"
ledyba,Ledyba,,,,,,,,True,True,complete,"[""Bug"",""Flying""]","{""hp"":4,""attack"":2,""defense"":3,""special_attack"":4,""special_defense"":8,""speed"":6}","{""raw"":""3' 3\"" / 1m (Medium)"",""meters"":1.0,""size_class"":""Medium""}","{""raw"":""23.8 lbs / 10.8kg (1)"",""kg"":10.8,""weight_class"":1}","{""raw"":""50% M / 50% F"",""male_percent"":50.0,""female_percent"":50.0,""genderless"":false}","[""Bug""]","[""Forest"",""Rainforest""]",gen8,308,False,"{""unresolved_abilities"":0,""unresolved_move_references"":0,""unresolved_capabilities"":0}"
lickilicky,Lickilicky,,,,,,,,True,True,complete,"[""Normal""]","{""hp"":11,""attack"":9,""defense"":10,""special_attack"":8,""special_defense"":10,""speed"":5}","{""raw"":""5' 7\"" / 1.7m (Medium)"",""meters"":1.7,""size_class"":""Medium""}","{""raw"":""308.6 lbs / 140kg (5)"",""kg"":140.0,""weight_class"":5}","{""raw"":""50% M / 50% F"",""male_percent"":50.0,""female_percent"":50.0,""genderless"":false}","[""Monster""]","[""Forest"",""Grassland"",""Rainforest""]",gen8,522,False,"{""unresolved_abilities"":0,""unresolved_move_references"":0,""unresolved_capabilities"":0}"
lickitung,Lickitung,,,,,,,,True,True,complete,"[""Normal""]","{""hp"":9,""attack"":6,""defense"":8,""special_attack"":6,""special_defense"":8,""speed"":3}","{""raw"":""3' 11\"" / 1.2m (Medium)"",""meters"":1.2,""size_class"":""Medium""}","{""raw"":""144.4 lbs / 65.5kg (4)"",""kg"":65.5,""weight_class"":4}","{""raw"":""50% M / 50% F"",""male_percent"":50.0,""female_percent"":50.0,""genderless"":false}","[""Monster""]","[""Forest"",""Grassland"",""Rainforest""]",gen8,521,False,"{""unresolved_abilities"":0,""unresolved_move_references"":0,""unresolved_capabilities"":0}"
liepard,Liepard,,,,,,,,True,True,complete,"[""Dark""]","{""hp"":6,""attack"":9,""defense"":5,""special_attack"":9,""special_defense"":5,""speed"":11}","{""raw"":""3' 7\"" / 1.1m (Medium)"",""meters"":1.1,""size_class"":""Medium""}","{""raw"":""82.7 lbs / 37.5kg (3)"",""kg"":37.5,""weight_class"":3}","{""raw"":""50% M / 50% F"",""male_percent"":50.0,""female_percent"":50.0,""genderless"":false}","[""Field""]","[""Forest"",""Grassland"",""Rainforest""]",gen8,353,False,"{""unresolved_abilities"":0,""unresolved_move_references"":0,""unresolved_capabilities"":0}"
lileep,Lileep,,,,,,,,True,True,complete,"[""Rock"",""Grass""]","{""hp"":7,""attack"":4,""defense"":8,""special_attack"":6,""special_defense"":9,""speed"":2}","{""raw"":""3' 3\"" / 1m (Medium)"",""meters"":1.0,""size_class"":""Medium""}","{""raw"":""52.5 lbs / 23.8kg (2)"",""kg"":23.8,""weight_class"":2}","{""raw"":""87.5% M / 12.5% F"",""male_percent"":87.5,""female_percent"":12.5,""genderless"":false}","[""Water 3""]","[""Cave"",""Ocean""]",gen8,817,False,"{""unresolved_abilities"":0,""unresolved_move_references"":0,""unresolved_capabilities"":1}"
lilligant,Lilligant,,,,,,,,True,True,complete,"[""Grass""]","{""hp"":7,""attack"":6,""defense"":8,""special_attack"":11,""special_defense"":8,""speed"":9}","{""raw"":""3' 7\"" / 1.1m (Medium)"",""meters"":1.1,""size_class"":""Medium""}","{""raw"":""35.9 lbs / 16.3kg (2)"",""kg"":16.3,""weight_class"":2}","{""raw"":""0% M / 100% F"",""male_percent"":0.0,""female_percent"":100.0,""genderless"":false}","[""Plant""]","[""Forest"",""Rainforest""]",gen8,463,False,"{""unresolved_abilities"":0,""unresolved_move_references"":0,""unresolved_capabilities"":0}"
lillipup,Lillipup,,,,,,,,True,True,complete,"[""Normal""]","{""hp"":5,""attack"":6,""defense"":5,""special_attack"":3,""special_defense"":5,""speed"":6}","{""raw"":""1' 4\"" / 0.4m (Small)"",""meters"":0.4,""size_class"":""Small""}","{""raw"":""9 lbs / 4.1kg (1)"",""kg"":4.1,""weight_class"":1}","{""raw"":""50% M / 50% F"",""male_percent"":50.0,""female_percent"":50.0,""genderless"":false}","[""Field""]","[""Grassland"",""Urban""]",gen8,230,False,"{""unresolved_abilities"":0,""unresolved_move_references"":0,""unresolved_capabilities"":0}"
linoone,Linoone,,,,,,,,True,True,complete,"[""Normal""]","{""hp"":8,""attack"":7,""defense"":6,""special_attack"":5,""special_defense"":6,""speed"":10}","{""raw"":""1' 8\"" / 0.5m (Small)"",""meters"":0.5,""size_class"":""Small""}","{""raw"":""71.7 lbs / 32.5kg (3)"",""kg"":32.5,""weight_class"":3}","{""raw"":""50% M / 50% F"",""male_percent"":50.0,""female_percent"":50.0,""genderless"":false}","[""Field""]","[""Forest"",""Grassland""]",gen8,534,False,"{""unresolved_abilities"":0,""unresolved_move_references"":0,""unresolved_capabilities"":1}"
linoone-galar,LINOONE Galar,,,,,,,,True,True,complete,"[""Dark"",""Normal""]","{""hp"":8,""attack"":7,""defense"":6,""special_attack"":5,""special_defense"":6,""speed"":10}","{""raw"":""1' 8\"" / 0.5m (Small)"",""meters"":0.5,""size_class"":""Small""}","{""raw"":""71.7 lbs / 32.5kg (3)"",""kg"":32.5,""weight_class"":3}","{""raw"":""50% M / 50% F"",""male_percent"":50.0,""female_percent"":50.0,""genderless"":false}","[""Field""]","[""Forest"",""Grassland""]",gen8,805,False,"{""unresolved_abilities"":0,""unresolved_move_references"":0,""unresolved_capabilities"":0}"
litleo,Litleo,,,,,,,,True,True,complete,"[""Fire"",""Normal""]","{""hp"":6,""attack"":5,""defense"":6,""special_attack"":7,""special_defense"":5,""speed"":7}","{""raw"":""2' 0\"" / 0.6m (Small)"",""meters"":0.6,""size_class"":""Small""}","{""raw"":""29.8 lbs / 13.5kg (2)"",""kg"":13.5,""weight_class"":2}","{""raw"":""50% M / 50% F"",""male_percent"":50.0,""female_percent"":50.0,""genderless"":false}","[""Field""]","[""Grassland""]",gen8,421,False,"{""unresolved_abilities"":0,""unresolved_move_references"":0,""unresolved_capabilities"":0}"
litten,Litten,,,,,,,,True,True,complete,"[""Fire""]","{""hp"":5,""attack"":7,""defense"":4,""special_attack"":6,""special_defense"":4,""speed"":7}","{""raw"":""1' 4\"" / 0.4m (Small)"",""meters"":0.4,""size_class"":""Small""}","{""raw"":""9.5 lbs / 4.3kg (1)"",""kg"":4.3,""weight_class"":1}","{""raw"":""87.5% M / 12.5% F"",""male_percent"":87.5,""female_percent"":12.5,""genderless"":false}","[""Field""]","[""Forest"",""Grassland"",""Urban""]",gen8,58,False,"{""unresolved_abilities"":0,""unresolved_move_references"":0,""unresolved_capabilities"":0}"
litwick,Litwick,,,,,,,,True,True,complete,"[""Ghost"",""Fire""]","{""hp"":5,""attack"":3,""defense"":6,""special_attack"":7,""special_defense"":6,""speed"":2}","{""raw"":""1' 0\"" / 0.3m (Small)"",""meters"":0.3,""size_class"":""Small""}","{""raw"":""6.8 lbs / 3.1kg (1)"",""kg"":3.1,""weight_class"":1}","{""raw"":""50% M / 50% F"",""male_percent"":50.0,""female_percent"":50.0,""genderless"":false}","[""Indeterminate""]","[""Cave"",""Urban""]",gen8,169,False,"{""unresolved_abilities"":0,""unresolved_move_references"":0,""unresolved_capabilities"":0}"
lombre,Lombre,,,,,,,,True,True,complete,"[""Water"",""Grass""]","{""hp"":6,""attack"":5,""defense"":5,""special_attack"":6,""special_defense"":7,""speed"":5}","{""raw"":""3' 11\"" / 1.2m (Medium)"",""meters"":1.2,""size_class"":""Medium""}","{""raw"":""71.7 lbs / 32.5kg (3)"",""kg"":32.5,""weight_class"":3}","{""raw"":""50% M / 50% F"",""male_percent"":50.0,""female_percent"":50.0,""genderless"":false}","[""Water 1"",""Plant""]","[""Freshwater""]",gen8,297,False,"{""unresolved_abilities"":0,""unresolved_move_references"":0,""unresolved_capabilities"":0}"
lopunny,Lopunny,,,,,,,,True,True,complete,"[""Normal""]","{""hp"":7,""attack"":8,""defense"":8,""special_attack"":5,""special_defense"":10,""speed"":11}","{""raw"":""3' 11\"" / 1.2m (Medium)"",""meters"":1.2,""size_class"":""Medium""}","{""raw"":""73.4 lbs / 33.3kg (3)"",""kg"":33.3,""weight_class"":3}","{""raw"":""50% M / 50% F"",""male_percent"":50.0,""female_percent"":50.0,""genderless"":false}","[""Field"",""Humanshape""]","[""Forest"",""Grassland"",""Urban""]",gen8,544,False,"{""unresolved_abilities"":0,""unresolved_move_references"":0,""unresolved_capabilities"":0}"
lotad,Lotad,,,,,,,,True,True,complete,"[""Water"",""Grass""]","{""hp"":4,""attack"":3,""defense"":3,""special_attack"":4,""special_defense"":5,""speed"":3}","{""raw"":""1' 8\"" / 0.5m (Small)"",""meters"":0.5,""size_class"":""Small""}","{""raw"":""5.7 lbs / 2.6kg (1)"",""kg"":2.6,""weight_class"":1}","{""raw"":""50% M / 50% F"",""male_percent"":50.0,""female_percent"":50.0,""genderless"":false}","[""Water 1"",""Plant""]","[""Freshwater""]",gen8,296,False,"{""unresolved_abilities"":0,""unresolved_move_references"":0,""unresolved_capabilities"":0}"
loudred,Loudred,,,,,,,,True,True,complete,"[""Normal""]","{""hp"":8,""attack"":7,""defense"":4,""special_attack"":7,""special_defense"":4,""speed"":5}","{""raw"":""3' 3\"" / 1m (Medium)"",""meters"":1.0,""size_class"":""Medium""}","{""raw"":""89.3 lbs / 40.5kg (3)"",""kg"":40.5,""weight_class"":3}","{""raw"":""50% M / 50% F"",""male_percent"":50.0,""female_percent"":50.0,""genderless"":false}","[""Monster"",""Field""]","[""Cave""]",gen8,225,False,"{""unresolved_abilities"":0,""unresolved_move_references"":0,""unresolved_capabilities"":0}"
lucario,Lucario,,,,,,,,True,True,complete,"[""Fighting"",""Steel""]","{""hp"":7,""attack"":11,""defense"":7,""special_attack"":12,""special_defense"":7,""speed"":9}","{""raw"":""3' 11\"" / 1.2m (Medium)"",""meters"":1.2,""size_class"":""Medium""}","{""raw"":""119 lbs / 54kg (4)"",""kg"":54.0,""weight_class"":4}","{""raw"":""87.5% M / 12.5% F"",""male_percent"":87.5,""female_percent"":12.5,""genderless"":false}","[""Field"",""Humanshape""]","[""Cave"",""Forest"",""Mountain""]",gen8,397,False,"{""unresolved_abilities"":0,""unresolved_move_references"":0,""unresolved_capabilities"":0}"
ludicolo,Ludicolo,,,,,,,,True,True,complete,"[""Water"",""Grass""]","{""hp"":8,""attack"":7,""defense"":7,""special_attack"":9,""special_defense"":10,""speed"":7}","{""raw"":""4' 11\"" / 1.5m (Medium)"",""meters"":1.5,""size_class"":""Medium""}","{""raw"":""121.3 lbs / 55kg (4)"",""kg"":55.0,""weight_class"":4}","{""raw"":""50% M / 50% F"",""male_percent"":50.0,""female_percent"":50.0,""genderless"":false}","[""Water 1"",""Plant""]","[""Forest"",""Freshwater""]",gen8,298,False,"{""unresolved_abilities"":0,""unresolved_move_references"":0,""unresolved_capabilities"":0}"
lugia,Lugia,,,,,,,,True,True,complete,"[""Psychic"",""Flying""]","{""hp"":11,""attack"":9,""defense"":13,""special_attack"":9,""special_defense"":15,""speed"":11}","{""raw"":""17' 1\"" / 5.2m (Gigantic)"",""meters"":5.2,""size_class"":""Gigantic""}","{""raw"":""476.2 lbs / 216kg (6)"",""kg"":216.0,""weight_class"":6}","{""raw"":""No Gender"",""genderless"":true,""male_percent"":0.0,""female_percent"":0.0}","[""None""]","[""Arctic"",""Ocean""]",gen8,874,False,"{""unresolved_abilities"":0,""unresolved_move_references"":0,""unresolved_capabilities"":0}"
lumineon,Lumineon,,,,,,,,True,True,complete,"[""Water""]","{""hp"":7,""attack"":7,""defense"":8,""special_attack"":7,""special_defense"":9,""speed"":9}","{""raw"":""3' 11\"" / 1.2m (Medium)"",""meters"":1.2,""size_class"":""Medium""}","{""raw"":""52.9 lbs / 24kg (2)"",""kg"":24.0,""weight_class"":2}","{""raw"":""50% M / 50% F"",""male_percent"":50.0,""female_percent"":50.0,""genderless"":false}","[""Water 2""]","[""Ocean""]",gen8,670,False,"{""unresolved_abilities"":0,""unresolved_move_references"":0,""unresolved_capabilities"":0}"
lunala,Lunala,,,,,,,,True,True,complete,"[""Psychic"",""Ghost""]","{""hp"":14,""attack"":12,""defense"":9,""special_attack"":14,""special_defense"":11,""speed"":10}","{""raw"":""13' 1\"" / 4m (Huge)"",""meters"":4.0,""size_class"":""Huge""}","{""raw"":""264.6 lbs / 120kg (5)"",""kg"":120.0,""weight_class"":5}","{""raw"":""No Gender"",""genderless"":true,""male_percent"":0.0,""female_percent"":0.0}","[""None""]","[""Ultra Space""]",gen8,943,False,"{""unresolved_abilities"":0,""unresolved_move_references"":0,""unresolved_capabilities"":0}"
lunatone,Lunatone,,,,,,,,True,True,complete,"[""Rock"",""Psychic""]","{""hp"":9,""attack"":6,""defense"":7,""special_attack"":10,""special_defense"":9,""speed"":7}","{""raw"":""3' 3\"" / 1m (Medium)"",""meters"":1.0,""size_class"":""Medium""}","{""raw"":""370.4 lbs / 168kg (5)"",""kg"":168.0,""weight_class"":5}","{""raw"":""No Gender"",""genderless"":true,""male_percent"":0.0,""female_percent"":0.0}","[""Mineral""]","[""Cave"",""Mountain""]",gen8,749,False,"{""unresolved_abilities"":0,""unresolved_move_references"":0,""unresolved_capabilities"":1}"
lurantis,Lurantis,,,,,,,,True,True,complete,"[""Grass""]","{""hp"":7,""attack"":11,""defense"":9,""special_attack"":8,""special_defense"":9,""speed"":5}","{""raw"":""2' 11\"" / 0.9m (Small)"",""meters"":0.9,""size_class"":""Small""}","{""raw"":""40.8 lbs / 18.5kg (2)"",""kg"":18.5,""weight_class"":2}","{""raw"":""50% M / 50% F"",""male_percent"":50.0,""female_percent"":50.0,""genderless"":false}","[""Plant""]","[""Forest"",""Grassland"",""Rainforest""]",gen8,471,False,"{""unresolved_abilities"":0,""unresolved_move_references"":0,""unresolved_capabilities"":0}"
luvdisc,Luvdisc,,,,,,,,True,True,complete,"[""Water""]","{""hp"":4,""attack"":3,""defense"":6,""special_attack"":4,""special_defense"":7,""speed"":10}","{""raw"":""2' 0\"" / 0.6m (Small)"",""meters"":0.6,""size_class"":""Small""}","{""raw"":""19.2 lbs / 8.7kg (1)"",""kg"":8.7,""weight_class"":1}","{""raw"":""25% M / 75% F"",""male_percent"":25.0,""female_percent"":75.0,""genderless"":false}","[""Water 2""]","[""Ocean""]",gen8,763,False,"{""unresolved_abilities"":0,""unresolved_move_references"":0,""unresolved_capabilities"":0}"
luxio,Luxio,,,,,,,,True,True,complete,"[""Electric""]","{""hp"":6,""attack"":9,""defense"":5,""special_attack"":6,""special_defense"":5,""speed"":6}","{""raw"":""2' 11\"" / 0.9m (Medium)"",""meters"":0.9,""size_class"":""Medium""}","{""raw"":""67.2 lbs / 30.5kg (3)"",""kg"":30.5,""weight_class"":3}","{""raw"":""50% M / 50% F"",""male_percent"":50.0,""female_percent"":50.0,""genderless"":false}","[""Field""]","[""Cave"",""Grassland""]",gen8,134,False,"{""unresolved_abilities"":0,""unresolved_move_references"":0,""unresolved_capabilities"":0}"
luxray,Luxray,,,,,,,,True,True,complete,"[""Electric""]","{""hp"":8,""attack"":12,""defense"":8,""special_attack"":10,""special_defense"":8,""speed"":7}","{""raw"":""4' 7\"" / 1.4m (Medium)"",""meters"":1.4,""size_class"":""Medium""}","{""raw"":""92.6 lbs / 42kg (3)"",""kg"":42.0,""weight_class"":3}","{""raw"":""50% M / 50% F"",""male_percent"":50.0,""female_percent"":50.0,""genderless"":false}","[""Field""]","[""Cave"",""Grassland"",""Mountain""]",gen8,135,False,"{""unresolved_abilities"":0,""unresolved_move_references"":0,""unresolved_capabilities"":0}"
lycanroc-dusk,LYCANROC Dusk,,,,,,,,True,True,complete,"[""Rock""]","{""hp"":8,""attack"":12,""defense"":7,""special_attack"":6,""special_defense"":7,""speed"":11}","{""raw"":""2' 7\"" / 0.8m (Small)"",""meters"":0.8,""size_class"":""Small""}","{""raw"":""55.1 lbs / 25kg (3)"",""kg"":25.0,""weight_class"":3}","{""raw"":""50% M / 50% F"",""male_percent"":50.0,""female_percent"":50.0,""genderless"":false}","[""Field""]","[""Grassland"",""Mountain""]",gen8,618,False,"{""unresolved_abilities"":0,""unresolved_move_references"":0,""unresolved_capabilities"":0}"
lycanroc-midday,LYCANROC Midday,,,,,,,,True,True,complete,"[""Rock""]","{""hp"":8,""attack"":12,""defense"":7,""special_attack"":6,""special_defense"":7,""speed"":11}","{""raw"":""2' 7\"" / 0.8m (Small)"",""meters"":0.8,""size_class"":""Small""}","{""raw"":""55.1 lbs / 25kg (3)"",""kg"":25.0,""weight_class"":3}","{""raw"":""50% M / 50% F"",""male_percent"":50.0,""female_percent"":50.0,""genderless"":false}","[""Field""]","[""Grassland"",""Mountain""]",gen8,616,False,"{""unresolved_abilities"":0,""unresolved_move_references"":0,""unresolved_capabilities"":0}"
lycanroc-midnight,LYCANROC Midnight,,,,,,,,True,True,complete,"[""Rock""]","{""hp"":9,""attack"":12,""defense"":8,""special_attack"":6,""special_defense"":8,""speed"":8}","{""raw"":""3' 7\"" / 1.1m (Medium)"",""meters"":1.1,""size_class"":""Medium""}","{""raw"":""55.1 lbs / 25kg (3)"",""kg"":25.0,""weight_class"":3}","{""raw"":""50% M / 50% F"",""male_percent"":50.0,""female_percent"":50.0,""genderless"":false}","[""Field""]","[""Grassland"",""Mountain""]",gen8,617,False,"{""unresolved_abilities"":0,""unresolved_move_references"":0,""unresolved_capabilities"":0}"
machamp,Machamp,,,,,,,,True,True,complete,"[""Fighting""]","{""hp"":9,""attack"":13,""defense"":8,""special_attack"":7,""special_defense"":9,""speed"":6}","{""raw"":""5' 3\"" / 1.6m (Medium)"",""meters"":1.6,""size_class"":""Medium""}","{""raw"":""286.6 lbs / 130kg (5)"",""kg"":130.0,""weight_class"":5}","{""raw"":""75% M / 25% F"",""male_percent"":75.0,""female_percent"":25.0,""genderless"":false}","[""Humanshape""]","[""Mountain""]",gen8,150,False,"{""unresolved_abilities"":0,""unresolved_move_references"":0,""unresolved_capabilities"":0}"
machoke,Machoke,,,,,,,,True,True,complete,"[""Fighting""]","{""hp"":8,""attack"":10,""defense"":7,""special_attack"":5,""special_defense"":6,""speed"":5}","{""raw"":""4' 11\"" / 1.5m (Medium)"",""meters"":1.5,""size_class"":""Medium""}","{""raw"":""155.4 lbs / 70.5kg (4)"",""kg"":70.5,""weight_class"":4}","{""raw"":""75% M / 25% F"",""male_percent"":75.0,""female_percent"":25.0,""genderless"":false}","[""Humanshape""]","[""Mountain"",""Urban""]",gen8,149,False,"{""unresolved_abilities"":0,""unresolved_move_references"":0,""unresolved_capabilities"":0}"
machop,Machop,,,,,,,,True,True,complete,"[""Fighting""]","{""hp"":7,""attack"":8,""defense"":5,""special_attack"":4,""special_defense"":4,""speed"":4}","{""raw"":""2' 7\"" / 0.8m (Small)"",""meters"":0.8,""size_class"":""Small""}","{""raw"":""43 lbs / 19.5kg (2)"",""kg"":19.5,""weight_class"":2}","{""raw"":""75% M / 25% F"",""male_percent"":75.0,""female_percent"":25.0,""genderless"":false}","[""Humanshape""]","[""Cave"",""Mountain""]",gen8,148,False,"{""unresolved_abilities"":0,""unresolved_move_references"":0,""unresolved_capabilities"":0}"
magby,Magby,,,,,,,,True,True,complete,"[""Fire""]","{""hp"":5,""attack"":8,""defense"":4,""special_attack"":7,""special_defense"":6,""speed"":8}","{""raw"":""2' 4\"" / 0.7m (Small)"",""meters"":0.7,""size_class"":""Small""}","{""raw"":""47.2 lbs / 21.4kg (2)"",""kg"":21.4,""weight_class"":2}","{""raw"":""75% M / 25% F"",""male_percent"":75.0,""female_percent"":25.0,""genderless"":false}","[""Humanshape""]","[""Cave"",""Mountain""]",gen8,154,False,"{""unresolved_abilities"":1,""unresolved_move_references"":0,""unresolved_capabilities"":0}"
magcargo,Magcargo,,,,,,,,True,True,complete,"[""Fire"",""Rock""]","{""hp"":6,""attack"":5,""defense"":12,""special_attack"":9,""special_defense"":8,""speed"":3}","{""raw"":""2' 7\"" / 0.8m (Small)"",""meters"":0.8,""size_class"":""Small""}","{""raw"":""121.3 lbs / 55kg (4)"",""kg"":55.0,""weight_class"":4}","{""raw"":""50% M / 50% F"",""male_percent"":50.0,""female_percent"":50.0,""genderless"":false}","[""Indeterminate""]","[""Cave"",""Mountain""]",gen8,413,False,"{""unresolved_abilities"":0,""unresolved_move_references"":0,""unresolved_capabilities"":0}"
magearna,Magearna,,,,,,,,True,True,complete,"[""Steel"",""Fairy""]","{""hp"":8,""attack"":10,""defense"":12,""special_attack"":13,""special_defense"":12,""speed"":7}","{""raw"":""3' 3\"" / 1m (Medium)"",""meters"":1.0,""size_class"":""Medium""}","{""raw"":""177.5 lbs / 80.5kg (4)"",""kg"":80.5,""weight_class"":4}","{""raw"":""No Gender"",""genderless"":true,""male_percent"":0.0,""female_percent"":0.0}","[""None""]","[""Urban""]",gen8,958,False,"{""unresolved_abilities"":0,""unresolved_move_references"":0,""unresolved_capabilities"":1}"
magikarp,Magikarp,,,,,,,,True,True,complete,"[""Water""]","{""hp"":2,""attack"":1,""defense"":6,""special_attack"":2,""special_defense"":2,""speed"":8}","{""raw"":""2' 11\"" / 0.9m (Small)"",""meters"":0.9,""size_class"":""Small""}","{""raw"":""22 lbs / 10kg (1)"",""kg"":10.0,""weight_class"":1}","{""raw"":""50% M / 50% F"",""male_percent"":50.0,""female_percent"":50.0,""genderless"":false}","[""Water 2"",""Dragon""]","[""Freshwater"",""Ocean""]",gen8,640,False,"{""unresolved_abilities"":0,""unresolved_move_references"":1,""unresolved_capabilities"":0}"
magmar,Magmar,,,,,,,,True,True,complete,"[""Fire""]","{""hp"":7,""attack"":10,""defense"":6,""special_attack"":10,""special_defense"":9,""speed"":10}","{""raw"":""4' 3\"" / 1.3m (Medium)"",""meters"":1.3,""size_class"":""Medium""}","{""raw"":""98.1 lbs / 44.5kg (3)"",""kg"":44.5,""weight_class"":3}","{""raw"":""75% M / 25% F"",""male_percent"":75.0,""female_percent"":25.0,""genderless"":false}","[""Humanshape""]","[""Cave"",""Mountain""]",gen8,155,False,"{""unresolved_abilities"":1,""unresolved_move_references"":0,""unresolved_capabilities"":0}"
magmortar,Magmortar,,,,,,,,True,True,complete,"[""Fire""]","{""hp"":8,""attack"":10,""defense"":7,""special_attack"":13,""special_defense"":10,""speed"":8}","{""raw"":""5' 3\"" / 1.6m (Medium)"",""meters"":1.6,""size_class"":""Medium""}","{""raw"":""149.9 lbs / 68kg (4)"",""kg"":68.0,""weight_class"":4}","{""raw"":""75% M / 25% F"",""male_percent"":75.0,""female_percent"":25.0,""genderless"":false}","[""Humanshape""]","[""Cave"",""Mountain""]",gen8,156,False,"{""unresolved_abilities"":1,""unresolved_move_references"":0,""unresolved_capabilities"":0}"
magnemite,Magnemite,,,,,,,,True,True,complete,"[""Electric"",""Steel""]","{""hp"":3,""attack"":4,""defense"":7,""special_attack"":10,""special_defense"":6,""speed"":5}","{""raw"":""1' 0\"" / 0.3m (Small)"",""meters"":0.3,""size_class"":""Small""}","{""raw"":""13.2 lbs / 6kg (1)"",""kg"":6.0,""weight_class"":1}","{""raw"":""No Gender"",""genderless"":true,""male_percent"":0.0,""female_percent"":0.0}","[""Mineral""]","[""Mountain"",""Urban""]",gen8,124,False,"{""unresolved_abilities"":0,""unresolved_move_references"":0,""unresolved_capabilities"":1}"
magneton,Magneton,,,,,,,,True,True,complete,"[""Electric"",""Steel""]","{""hp"":5,""attack"":6,""defense"":10,""special_attack"":12,""special_defense"":7,""speed"":7}","{""raw"":""3' 3\"" / 1m (Medium)"",""meters"":1.0,""size_class"":""Medium""}","{""raw"":""132.3 lbs / 60kg (4)"",""kg"":60.0,""weight_class"":4}","{""raw"":""No Gender"",""genderless"":true,""male_percent"":0.0,""female_percent"":0.0}","[""Mineral""]","[""Mountain"",""Urban""]",gen8,125,False,"{""unresolved_abilities"":0,""unresolved_move_references"":1,""unresolved_capabilities"":1}"
magnezone,Magnezone,,,,,,,,True,True,complete,"[""Electric"",""Steel""]","{""hp"":7,""attack"":7,""defense"":12,""special_attack"":13,""special_defense"":9,""speed"":6}","{""raw"":""3' 11\"" / 1.2m (Medium)"",""meters"":1.2,""size_class"":""Medium""}","{""raw"":""396.8 lbs / 180kg (5)"",""kg"":180.0,""weight_class"":5}","{""raw"":""No Gender"",""genderless"":true,""male_percent"":0.0,""female_percent"":0.0}","[""Mineral""]","[""Mountain""]",gen8,126,False,"{""unresolved_abilities"":0,""unresolved_move_references"":1,""unresolved_capabilities"":1}"
makuhita,Makuhita,,,,,,,,True,True,complete,"[""Fighting""]","{""hp"":7,""attack"":6,""defense"":3,""special_attack"":2,""special_defense"":3,""speed"":3}","{""raw"":""3' 3\"" / 1m (Medium)"",""meters"":1.0,""size_class"":""Medium""}","{""raw"":""190.5 lbs / 86.4kg (4)"",""kg"":86.4,""weight_class"":4}","{""raw"":""75% M / 25% F"",""male_percent"":75.0,""female_percent"":25.0,""genderless"":false}","[""Humanshape""]","[""Cave"",""Mountain""]",gen8,392,False,"{""unresolved_abilities"":0,""unresolved_move_references"":0,""unresolved_capabilities"":0}"
malamar,Malamar,,,,,,,,True,True,complete,"[""Dark"",""Psychic""]","{""hp"":9,""attack"":9,""defense"":9,""special_attack"":7,""special_defense"":8,""speed"":7}","{""raw"":""4' 11\"" / 1.5m (Medium)"",""meters"":1.5,""size_class"":""Medium""}","{""raw"":""103.6 lbs / 47kg (3)"",""kg"":47.0,""weight_class"":3}","{""raw"":""50% M / 50% F"",""male_percent"":50.0,""female_percent"":50.0,""genderless"":false}","[""Water 1"",""Water 2""]","[""Ocean""]",gen8,363,False,"{""unresolved_abilities"":0,""unresolved_move_references"":0,""unresolved_capabilities"":0}"
mamoswine,Mamoswine,,,,,,,,True,True,complete,"[""Ice"",""Ground""]","{""hp"":11,""attack"":13,""defense"":8,""special_attack"":7,""special_defense"":6,""speed"":8}","{""raw"":""8' 2\"" / 2.5m (Large)"",""meters"":2.5,""size_class"":""Large""}","{""raw"":""641.5 lbs / 291kg (6)"",""kg"":291.0,""weight_class"":6}","{""raw"":""50% M / 50% F"",""male_percent"":50.0,""female_percent"":50.0,""genderless"":false}","[""Field""]","[""Tundra""]",gen8,202,False,"{""unresolved_abilities"":0,""unresolved_move_references"":0,""unresolved_capabilities"":0}"
manaphy,Manaphy,,,,,,,,True,True,complete,"[""Water""]","{""hp"":10,""attack"":10,""defense"":10,""special_attack"":10,""special_defense"":10,""speed"":10}","{""raw"":""1' 4\"" / 0.4m (Small)"",""meters"":0.4,""size_class"":""Small""}","{""raw"":""3.1 lbs / 1.4kg (1)"",""kg"":1.4,""weight_class"":1}","{""raw"":""No Gender"",""genderless"":true,""male_percent"":0.0,""female_percent"":0.0}","[""Water 1"",""Fairy""]","[""Ocean""]",gen8,902,False,"{""unresolved_abilities"":0,""unresolved_move_references"":0,""unresolved_capabilities"":0}"
mandibuzz,Mandibuzz,,,,,,,,True,True,complete,"[""Dark"",""Flying""]","{""hp"":11,""attack"":7,""defense"":11,""special_attack"":6,""special_defense"":10,""speed"":8}","{""raw"":""3' 11\"" / 1.2m (Medium)"",""meters"":1.2,""size_class"":""Medium""}","{""raw"":""87.1 lbs / 39.5kg (3)"",""kg"":39.5,""weight_class"":3}","{""raw"":""0% M / 100% F"",""male_percent"":0.0,""female_percent"":100.0,""genderless"":false}","[""Flying""]","[""Desert"",""Mountain""]",gen8,361,False,"{""unresolved_abilities"":0,""unresolved_move_references"":0,""unresolved_capabilities"":0}"
manectric,Manectric,,,,,,,,True,True,complete,"[""Electric""]","{""hp"":7,""attack"":8,""defense"":6,""special_attack"":11,""special_defense"":6,""speed"":11}","{""raw"":""4' 11\"" / 1.5m (Medium)"",""meters"":1.5,""size_class"":""Medium""}","{""raw"":""88.6 lbs / 40.2kg (3)"",""kg"":40.2,""weight_class"":3}","{""raw"":""50% M / 50% F"",""male_percent"":50.0,""female_percent"":50.0,""genderless"":false}","[""Field""]","[""Forest"",""Grassland""]",gen8,369,False,"{""unresolved_abilities"":0,""unresolved_move_references"":0,""unresolved_capabilities"":0}"
mankey,Mankey,,,,,,,,True,True,complete,"[""Fighting""]","{""hp"":4,""attack"":8,""defense"":4,""special_attack"":4,""special_defense"":5,""speed"":7}","{""raw"":""1' 8\"" / 0.5m (Small)"",""meters"":0.5,""size_class"":""Small""}","{""raw"":""61.7 lbs / 28kg (3)"",""kg"":28.0,""weight_class"":3}","{""raw"":""50% M / 50% F"",""male_percent"":50.0,""female_percent"":50.0,""genderless"":false}","[""Field""]","[""Forest"",""Grassland"",""Mountain"",""Rainforest""]",gen8,386,False,"{""unresolved_abilities"":0,""unresolved_move_references"":0,""unresolved_capabilities"":0}"
mantine,Mantine,,,,,,,,True,True,complete,"[""Water"",""Flying""]","{""hp"":9,""attack"":4,""defense"":7,""special_attack"":8,""special_defense"":14,""speed"":7}","{""raw"":""6' 11\"" / 2.1m (Large)"",""meters"":2.1,""size_class"":""Large""}","{""raw"":""485 lbs / 220kg (6)"",""kg"":220.0,""weight_class"":6}","{""raw"":""50% M / 50% F"",""male_percent"":50.0,""female_percent"":50.0,""genderless"":false}","[""Water 1""]","[""Ocean""]",gen8,649,False,"{""unresolved_abilities"":0,""unresolved_move_references"":0,""unresolved_capabilities"":0}"
mantyke,Mantyke,,,,,,,,True,True,complete,"[""Water"",""Flying""]","{""hp"":5,""attack"":2,""defense"":5,""special_attack"":6,""special_defense"":12,""speed"":5}","{""raw"":""3' 3\"" / 1m (Medium)"",""meters"":1.0,""size_class"":""Medium""}","{""raw"":""143.3 lbs / 65kg (4)"",""kg"":65.0,""weight_class"":4}","{""raw"":""50% M / 50% F"",""male_percent"":50.0,""female_percent"":50.0,""genderless"":false}","[""Water 1""]","[""Ocean""]",gen8,648,False,"{""unresolved_abilities"":0,""unresolved_move_references"":0,""unresolved_capabilities"":1}"
maractus,Maractus,,,,,,,,True,True,complete,"[""Grass""]","{""hp"":8,""attack"":9,""defense"":7,""special_attack"":11,""special_defense"":8,""speed"":6}","{""raw"":""3' 3\"" / 1m (Medium)"",""meters"":1.0,""size_class"":""Medium""}","{""raw"":""61.7 lbs / 28kg (3)"",""kg"":28.0,""weight_class"":3}","{""raw"":""50% M / 50% F"",""male_percent"":50.0,""female_percent"":50.0,""genderless"":false}","[""Plant""]","[""Desert"",""Mountain""]",gen8,719,False,"{""unresolved_abilities"":0,""unresolved_move_references"":0,""unresolved_capabilities"":0}"
mareanie,Mareanie,,,,,,,,True,True,complete,"[""Poison"",""Water""]","{""hp"":5,""attack"":5,""defense"":6,""special_attack"":4,""special_defense"":5,""speed"":5}","{""raw"":""1' 4\"" / 0.4m (Small)"",""meters"":0.4,""size_class"":""Small""}","{""raw"":""17.6 lbs / 0.2kg (1)"",""kg"":0.2,""weight_class"":1}","{""raw"":""50% M / 50% F"",""male_percent"":50.0,""female_percent"":50.0,""genderless"":false}","[""Water 1""]","[""Ocean""]",gen8,584,False,"{""unresolved_abilities"":0,""unresolved_move_references"":0,""unresolved_capabilities"":0}"
mareep,Mareep,,,,,,,,True,True,complete,"[""Electric""]","{""hp"":6,""attack"":4,""defense"":4,""special_attack"":7,""special_defense"":5,""speed"":4}","{""raw"":""2' 0\"" / 0.6m (Small)"",""meters"":0.6,""size_class"":""Small""}","{""raw"":""17.2 lbs / 7.8kg (1)"",""kg"":7.8,""weight_class"":1}","{""raw"":""50% M / 50% F"",""male_percent"":50.0,""female_percent"":50.0,""genderless"":false}","[""Monster"",""Field""]","[""Grassland""]",gen8,130,False,"{""unresolved_abilities"":0,""unresolved_move_references"":1,""unresolved_capabilities"":0}"
marill,Marill,,,,,,,,True,True,complete,"[""Water"",""Fairy""]","{""hp"":7,""attack"":2,""defense"":5,""special_attack"":2,""special_defense"":5,""speed"":4}","{""raw"":""1' 4\"" / 0.4m (Small)"",""meters"":0.4,""size_class"":""Small""}","{""raw"":""18.7 lbs / 8.5kg (1)"",""kg"":8.5,""weight_class"":1}","{""raw"":""50% M / 50% F"",""male_percent"":50.0,""female_percent"":50.0,""genderless"":false}","[""Water 1"",""Fairy""]","[""Freshwater""]",gen8,294,False,"{""unresolved_abilities"":1,""unresolved_move_references"":0,""unresolved_capabilities"":0}"
marowak,Marowak,,,,,,,,True,True,complete,"[""Ground""]","{""hp"":6,""attack"":8,""defense"":11,""special_attack"":5,""special_defense"":8,""speed"":5}","{""raw"":""3' 3\"" / 1m (Medium)"",""meters"":1.0,""size_class"":""Medium""}","{""raw"":""99.2 lbs / 45kg (3)"",""kg"":45.0,""weight_class"":3}","{""raw"":""50% M / 50% F"",""male_percent"":50.0,""female_percent"":50.0,""genderless"":false}","[""Monster""]","[""Cave"",""Mountain"",""Urban""]",gen8,484,False,"{""unresolved_abilities"":0,""unresolved_move_references"":0,""unresolved_capabilities"":0}"
marowak-alola,MAROWAK Alola,,,,,,,,True,True,complete,"[""Fire"",""Ghost""]","{""hp"":6,""attack"":8,""defense"":11,""special_attack"":5,""special_defense"":8,""speed"":5}","{""raw"":""3' 3\"" / 1m (Medium)"",""meters"":1.0,""size_class"":""Medium""}","{""raw"":""75 lbs / 34kg (3)"",""kg"":34.0,""weight_class"":3}","{""raw"":""50% M / 50% F"",""male_percent"":50.0,""female_percent"":50.0,""genderless"":false}","[""Monster""]","[""Cave"",""Mountain"",""Urban""]",gen8,485,False,"{""unresolved_abilities"":0,""unresolved_move_references"":0,""unresolved_capabilities"":0}"
marshadow,Marshadow,,,,,,,,True,True,complete,"[""Fighting"",""Ghost""]","{""hp"":9,""attack"":13,""defense"":8,""special_attack"":9,""special_defense"":9,""speed"":13}","{""raw"":""2' 4\"" / 0.7m (Small)"",""meters"":0.7,""size_class"":""Small""}","{""raw"":""48.9 lbs / 22.2kg (2)"",""kg"":22.2,""weight_class"":2}","{""raw"":""No Gender"",""genderless"":true,""male_percent"":0.0,""female_percent"":0.0}","[""None""]","[""Forest"",""Urban""]",gen8,959,False,"{""unresolved_abilities"":0,""unresolved_move_references"":0,""unresolved_capabilities"":0}"
marshtomp,Marshtomp,,,,,,,,True,True,complete,"[""Water"",""Ground""]","{""hp"":7,""attack"":9,""defense"":7,""special_attack"":6,""special_defense"":7,""speed"":5}","{""raw"":""2' 4\"" / 0.7m (Small)"",""meters"":0.7,""size_class"":""Small""}","{""raw"":""61.7 lbs / 28kg (3)"",""kg"":28.0,""weight_class"":3}","{""raw"":""87.5% M / 12.5% F"",""male_percent"":87.5,""female_percent"":12.5,""genderless"":false}","[""Monster"",""Water 1""]","[""Marsh""]",gen8,71,False,"{""unresolved_abilities"":0,""unresolved_move_references"":1,""unresolved_capabilities"":0}"
masquerain,Masquerain,,,,,,,,True,True,complete,"[""Bug"",""Flying""]","{""hp"":7,""attack"":6,""defense"":6,""special_attack"":10,""special_defense"":8,""speed"":8}","{""raw"":""2' 7\"" / 0.8m (Small)"",""meters"":0.8,""size_class"":""Small""}","{""raw"":""7.9 lbs / 3.6kg (1)"",""kg"":3.6,""weight_class"":1}","{""raw"":""50% M / 50% F"",""male_percent"":50.0,""female_percent"":50.0,""genderless"":false}","[""Water 1"",""Bug""]","[""Freshwater""]",gen8,317,False,"{""unresolved_abilities"":0,""unresolved_move_references"":1,""unresolved_capabilities"":0}"
mawile,Mawile,,,,,,,,True,True,complete,"[""Steel"",""Fairy""]","{""hp"":5,""attack"":9,""defense"":9,""special_attack"":6,""special_defense"":6,""speed"":5}","{""raw"":""2' 0\"" / 0.6m (Small)"",""meters"":0.6,""size_class"":""Small""}","{""raw"":""25.4 lbs / 11.5kg (2)"",""kg"":11.5,""weight_class"":2}","{""raw"":""50% M / 50% F"",""male_percent"":50.0,""female_percent"":50.0,""genderless"":false}","[""Field"",""Fairy""]","[""Cave"",""Forest"",""Mountain""]",gen8,756,False,"{""unresolved_abilities"":0,""unresolved_move_references"":0,""unresolved_capabilities"":0}"
medicham,Medicham,,,,,,,,True,True,complete,"[""Fighting"",""Psychic""]","{""hp"":6,""attack"":6,""defense"":8,""special_attack"":6,""special_defense"":8,""speed"":8}","{""raw"":""4' 3\"" / 1.3m (Medium)"",""meters"":1.3,""size_class"":""Medium""}","{""raw"":""69.4 lbs / 31.5kg (3)"",""kg"":31.5,""weight_class"":3}","{""raw"":""50% M / 50% F"",""male_percent"":50.0,""female_percent"":50.0,""genderless"":false}","[""Humanshape""]","[""Cave"",""Mountain""]",gen8,395,False,"{""unresolved_abilities"":0,""unresolved_move_references"":0,""unresolved_capabilities"":0}"
meditite,Meditite,,,,,,,,True,True,complete,"[""Fighting"",""Psychic""]","{""hp"":3,""attack"":4,""defense"":6,""special_attack"":4,""special_defense"":6,""speed"":6}","{""raw"":""2' 0\"" / 0.6m (Small)"",""meters"":0.6,""size_class"":""Small""}","{""raw"":""24.7 lbs / 11.2kg (1)"",""kg"":11.2,""weight_class"":1}","{""raw"":""50% M / 50% F"",""male_percent"":50.0,""female_percent"":50.0,""genderless"":false}","[""Humanshape""]","[""Cave"",""Mountain""]",gen8,394,False,"{""unresolved_abilities"":0,""unresolved_move_references"":0,""unresolved_capabilities"":0}"
meganium,Meganium,,,,,,,,True,True,complete,"[""Grass""]","{""hp"":8,""attack"":8,""defense"":10,""special_attack"":8,""special_defense"":10,""speed"":8}","{""raw"":""5' 11\"" / 1.8m (Large)"",""meters"":1.8,""size_class"":""Large""}","{""raw"":""221.6 lbs / 100.5kg (5)"",""kg"":100.5,""weight_class"":5}","{""raw"":""87.5% M / 12.5% F"",""male_percent"":87.5,""female_percent"":12.5,""genderless"":false}","[""Monster"",""Plant""]","[""Forest"",""Grassland""]",gen8,21,False,"{""unresolved_abilities"":0,""unresolved_move_references"":0,""unresolved_capabilities"":0}"
melmetal,Melmetal,,,,,,,,True,True,complete,"[""Steel""]","{""hp"":14,""attack"":14,""defense"":14,""special_attack"":8,""special_defense"":7,""speed"":3}","{""raw"":""8' 2\"" / 2.5m (Large)"",""meters"":2.5,""size_class"":""Large""}","{""raw"":""1763.7 lbs / 800kg (6)"",""kg"":800.0,""weight_class"":6}","{""raw"":""Genderless"",""genderless"":true,""male_percent"":0.0,""female_percent"":0.0}","[""None""]","[""Urban""]",gen8,962,False,"{""unresolved_abilities"":0,""unresolved_move_references"":0,""unresolved_capabilities"":1}"
meloetta-aria-forme,MELOETTA Aria Forme,,,,,,,,True,True,complete,"[""Normal"",""Psychic""]","{""hp"":10,""attack"":8,""defense"":8,""special_attack"":13,""special_defense"":13,""speed"":9}","{""raw"":""2' 0\"" / 0.6m (Small)"",""meters"":0.6,""size_class"":""Small""}","{""raw"":""14.3 lbs / 6.5kg (1)"",""kg"":6.5,""weight_class"":1}","{""raw"":""No Gender"",""genderless"":true,""male_percent"":0.0,""female_percent"":0.0}","[""None""]","[""Forest"",""Rainforest""]",gen8,922,False,"{""unresolved_abilities"":0,""unresolved_move_references"":0,""unresolved_capabilities"":0}"
meloetta-step-forme,MELOETTA Step Forme,,,,,,,,True,True,complete,"[""Normal"",""Fighting""]","{""hp"":10,""attack"":13,""defense"":9,""special_attack"":8,""special_defense"":8,""speed"":13}","{""raw"":""2' 0\"" / 0.6m (Small)"",""meters"":0.6,""size_class"":""Small""}","{""raw"":""14.3 lbs / 6.5kg (1)"",""kg"":6.5,""weight_class"":1}","{""raw"":""No Gender"",""genderless"":true,""male_percent"":0.0,""female_percent"":0.0}","[""None""]","[""Forest"",""Rainforest""]",gen8,923,False,"{""unresolved_abilities"":0,""unresolved_move_references"":0,""unresolved_capabilities"":0}"
meltan,Meltan,,,,,,,,True,True,complete,"[""Steel""]","{""hp"":5,""attack"":7,""defense"":7,""special_attack"":6,""special_defense"":4,""speed"":3}","{""raw"":""0' 8\"" / 0.2m (Small)"",""meters"":0.2,""size_class"":""Small""}","{""raw"":""17.6 lbs / 8kg (1)"",""kg"":8.0,""weight_class"":1}","{""raw"":""Genderless"",""genderless"":true,""male_percent"":0.0,""female_percent"":0.0}","[""None""]","[""Urban""]",gen8,961,False,"{""unresolved_abilities"":0,""unresolved_move_references"":5,""unresolved_capabilities"":1}"
meowstic-f,MEOWSTIC (F),,,,,,,,True,True,complete,"[""Psychic""]","{""hp"":7,""attack"":5,""defense"":8,""special_attack"":8,""special_defense"":8,""speed"":10}","{""raw"":""2' 0\"" / 0.6m (Small)"",""meters"":0.6,""size_class"":""Small""}","{""raw"":""18.7 lbs / 8.5kg (1)"",""kg"":8.5,""weight_class"":1}","{""raw"":""50% M / 50% F"",""male_percent"":50.0,""female_percent"":50.0,""genderless"":false}","[""Field""]","[""Grassland"",""Urban""]",gen8,606,False,"{""unresolved_abilities"":0,""unresolved_move_references"":0,""unresolved_capabilities"":0}"
meowstic-m,MEOWSTIC (M),,,,,,,,True,True,complete,"[""Psychic""]","{""hp"":7,""attack"":5,""defense"":8,""special_attack"":8,""special_defense"":8,""speed"":10}","{""raw"":""2' 0\"" / 0.6m (Small)"",""meters"":0.6,""size_class"":""Small""}","{""raw"":""18.7 lbs / 8.5kg (1)"",""kg"":8.5,""weight_class"":1}","{""raw"":""50% M / 50% F"",""male_percent"":50.0,""female_percent"":50.0,""genderless"":false}","[""Field""]","[""Grassland"",""Urban""]",gen8,605,False,"{""unresolved_abilities"":0,""unresolved_move_references"":0,""unresolved_capabilities"":0}"
meowth,Meowth,,,,,,,,True,True,complete,"[""Normal""]","{""hp"":4,""attack"":5,""defense"":4,""special_attack"":4,""special_defense"":4,""speed"":9}","{""raw"":""1' 4\"" / 0.4m (Small)"",""meters"":0.4,""size_class"":""Small""}","{""raw"":""9.3 lbs / 4.2kg (1)"",""kg"":4.2,""weight_class"":1}","{""raw"":""50% M / 50% F"",""male_percent"":50.0,""female_percent"":50.0,""genderless"":false}","[""Field""]","[""Forest"",""Urban""]",gen8,517,False,"{""unresolved_abilities"":0,""unresolved_move_references"":0,""unresolved_capabilities"":0}"
meowth-alola,MEOWTH Alola,,,,,,,,True,True,complete,"[""Dark""]","{""hp"":4,""attack"":4,""defense"":4,""special_attack"":5,""special_defense"":4,""speed"":9}","{""raw"":""1' 4\"" / 0.4m (Small)"",""meters"":0.4,""size_class"":""Small""}","{""raw"":""9.3 lbs / 4.2kg (1)"",""kg"":4.2,""weight_class"":1}","{""raw"":""50% M / 50% F"",""male_percent"":50.0,""female_percent"":50.0,""genderless"":false}","[""Field""]","[""Forest"",""Urban""]",gen8,789,False,"{""unresolved_abilities"":0,""unresolved_move_references"":0,""unresolved_capabilities"":0}"
meowth-galar,MEOWTH Galar,,,,,,,,True,True,complete,"[""Steel""]","{""hp"":5,""attack"":7,""defense"":6,""special_attack"":4,""special_defense"":4,""speed"":4}","{""raw"":""1' 4\"" / 0.4m (Small)"",""meters"":0.4,""size_class"":""Small""}","{""raw"":""9.3 lbs / 4.2kg (1)"",""kg"":4.2,""weight_class"":1}","{""raw"":""50% M / 50% F"",""male_percent"":50.0,""female_percent"":50.0,""genderless"":false}","[""Field""]","[""Forest"",""Grassland""]",gen8,796,False,"{""unresolved_abilities"":0,""unresolved_move_references"":0,""unresolved_capabilities"":0}"
mesprit,Mesprit,,,,,,,,True,True,complete,"[""Psychic""]","{""hp"":8,""attack"":11,""defense"":11,""special_attack"":11,""special_defense"":11,""speed"":8}","{""raw"":""1' 0\"" / 0.3m (Small)"",""meters"":0.3,""size_class"":""Small""}","{""raw"":""0.7 lbs / 0.3kg (1)"",""kg"":0.3,""weight_class"":1}","{""raw"":""No Gender"",""genderless"":true,""male_percent"":0.0,""female_percent"":0.0}","[""None""]","[""Cave""]",gen8,892,False,"{""unresolved_abilities"":0,""unresolved_move_references"":0,""unresolved_capabilities"":0}"
metagross,Metagross,,,,,,,,True,True,complete,"[""Steel"",""Psychic""]","{""hp"":8,""attack"":14,""defense"":13,""special_attack"":10,""special_defense"":9,""speed"":7}","{""raw"":""5' 3\"" / 1.6m (Large)"",""meters"":1.6,""size_class"":""Large""}","{""raw"":""1212.5 lbs / 550kg (6)"",""kg"":550.0,""weight_class"":6}","{""raw"":""No Gender"",""genderless"":true,""male_percent"":0.0,""female_percent"":0.0}","[""Mineral""]","[""Cave"",""Mountain""]",gen8,849,False,"{""unresolved_abilities"":0,""unresolved_move_references"":4,""unresolved_capabilities"":1}"
metang,Metang,,,,,,,,True,True,complete,"[""Steel"",""Psychic""]","{""hp"":6,""attack"":8,""defense"":10,""special_attack"":6,""special_defense"":8,""speed"":5}","{""raw"":""3' 11\"" / 1.2m (Medium)"",""meters"":1.2,""size_class"":""Medium""}","{""raw"":""446.4 lbs / 202.5kg (6)"",""kg"":202.5,""weight_class"":6}","{""raw"":""No Gender"",""genderless"":true,""male_percent"":0.0,""female_percent"":0.0}","[""Mineral""]","[""Cave""]",gen8,848,False,"{""unresolved_abilities"":0,""unresolved_move_references"":0,""unresolved_capabilities"":1}"
metapod,Metapod,,,,,,,,True,True,complete,"[""Bug""]","{""hp"":5,""attack"":2,""defense"":6,""special_attack"":3,""special_defense"":3,""speed"":3}","{""raw"":""2' 4\"" / 0.7m (Small)"",""meters"":0.7,""size_class"":""Small""}","{""raw"":""21.8 lbs / 9.9kg (1)"",""kg"":9.9,""weight_class"":1}","{""raw"":""50% M / 50% F"",""male_percent"":50.0,""female_percent"":50.0,""genderless"":false}","[""Bug""]","[""Forest""]",gen8,89,False,"{""unresolved_abilities"":0,""unresolved_move_references"":1,""unresolved_capabilities"":0}"
mew,Mew,,,,,,,,True,True,complete,"[""Psychic""]","{""hp"":10,""attack"":10,""defense"":10,""special_attack"":10,""special_defense"":10,""speed"":10}","{""raw"":""1' 4\"" / 0.4m (Small)"",""meters"":0.4,""size_class"":""Small""}","{""raw"":""8.8 lbs / 4kg (1)"",""kg"":4.0,""weight_class"":1}","{""raw"":""No Gender"",""genderless"":true,""male_percent"":0.0,""female_percent"":0.0}","[""Ditto""]","[""Forest"",""Mountain"",""Rainforest""]",gen8,870,False,"{""unresolved_abilities"":0,""unresolved_move_references"":2,""unresolved_capabilities"":0}"
mewtwo,Mewtwo,,,,,,,,True,True,complete,"[""Psychic""]","{""hp"":11,""attack"":11,""defense"":9,""special_attack"":15,""special_defense"":9,""speed"":13}","{""raw"":""6' 7\"" / 2m (Large)"",""meters"":2.0,""size_class"":""Large""}","{""raw"":""269 lbs / 122kg (5)"",""kg"":122.0,""weight_class"":5}","{""raw"":""No Gender"",""genderless"":true,""male_percent"":0.0,""female_percent"":0.0}","[""None""]","[""Cave""]",gen8,869,False,"{""unresolved_abilities"":0,""unresolved_move_references"":0,""unresolved_capabilities"":0}"
mienfoo,Mienfoo,,,,,,,,True,True,complete,"[""Fighting""]","{""hp"":5,""attack"":9,""defense"":5,""special_attack"":6,""special_defense"":5,""speed"":7}","{""raw"":""2' 11\"" / 0.9m (Small)"",""meters"":0.9,""size_class"":""Small""}","{""raw"":""44.1 lbs / 20kg (2)"",""kg"":20.0,""weight_class"":2}","{""raw"":""50% M / 50% F"",""male_percent"":50.0,""female_percent"":50.0,""genderless"":false}","[""Field"",""Humanshape""]","[""Cave"",""Mountain""]",gen8,398,False,"{""unresolved_abilities"":0,""unresolved_move_references"":2,""unresolved_capabilities"":0}"
mienshao,Mienshao,,,,,,,,True,True,complete,"[""Fighting""]","{""hp"":7,""attack"":13,""defense"":6,""special_attack"":10,""special_defense"":6,""speed"":11}","{""raw"":""4' 8\"" / 1.4m (Medium)"",""meters"":1.4,""size_class"":""Medium""}","{""raw"":""78.3 lbs / 35.5kg (3)"",""kg"":35.5,""weight_class"":3}","{""raw"":""50% M / 50% F"",""male_percent"":50.0,""female_percent"":50.0,""genderless"":false}","[""Field"",""Humanshape""]","[""Cave"",""Mountain""]",gen8,399,False,"{""unresolved_abilities"":0,""unresolved_move_references"":0,""unresolved_capabilities"":0}"
mightyena,Mightyena,,,,,,,,True,True,complete,"[""Dark""]","{""hp"":7,""attack"":9,""defense"":7,""special_attack"":6,""special_defense"":6,""speed"":7}","{""raw"":""3' 3\"" / 1m (Medium)"",""meters"":1.0,""size_class"":""Medium""}","{""raw"":""81.6 lbs / 37kg (3)"",""kg"":37.0,""weight_class"":3}","{""raw"":""50% M / 50% F"",""male_percent"":50.0,""female_percent"":50.0,""genderless"":false}","[""Field""]","[""Forest"",""Grassland""]",gen8,351,False,"{""unresolved_abilities"":0,""unresolved_move_references"":0,""unresolved_capabilities"":0}"
milcery,Milcery,,,,,,,,True,True,complete,"[""Fairy""]","{""hp"":5,""attack"":4,""defense"":4,""special_attack"":5,""special_defense"":6,""speed"":3}","{""raw"":""0' 8\"" / 0.2m (Small)"",""meters"":0.2,""size_class"":""Small""}","{""raw"":""0.7 lbs / 0.3kg (1)"",""kg"":0.3,""weight_class"":1}","{""raw"":""0% M / 100% F"",""male_percent"":0.0,""female_percent"":100.0,""genderless"":false}","[""Fairy"",""Indeterminate""]","[""Urban""]",gen8,384,False,"{""unresolved_abilities"":0,""unresolved_move_references"":0,""unresolved_capabilities"":1}"
milotic,Milotic,,,,,,,,True,True,complete,"[""Water""]","{""hp"":10,""attack"":6,""defense"":8,""special_attack"":10,""special_defense"":13,""speed"":8}","{""raw"":""20' 4\"" / 6.2m (Large)"",""meters"":6.2,""size_class"":""Large""}","{""raw"":""357.1 lbs / 162kg (5)"",""kg"":162.0,""weight_class"":5}","{""raw"":""50% M / 50% F"",""male_percent"":50.0,""female_percent"":50.0,""genderless"":false}","[""Water 1"",""Dragon""]","[""Freshwater""]",gen8,661,False,"{""unresolved_abilities"":0,""unresolved_move_references"":1,""unresolved_capabilities"":0}"
miltank,Miltank,,,,,,,,True,True,complete,"[""Normal""]","{""hp"":10,""attack"":8,""defense"":11,""special_attack"":4,""special_defense"":7,""speed"":10}","{""raw"":""3' 11\"" / 1.2m (Medium)"",""meters"":1.2,""size_class"":""Medium""}","{""raw"":""166.4 lbs / 75.5kg (4)"",""kg"":75.5,""weight_class"":4}","{""raw"":""0% M / 100% F"",""male_percent"":0.0,""female_percent"":100.0,""genderless"":false}","[""Field""]","[""Grassland""]",gen8,732,False,"{""unresolved_abilities"":0,""unresolved_move_references"":0,""unresolved_capabilities"":0}"
mime-jr,Mime Jr.,,,,,,,,True,True,complete,"[""Psychic"",""Fairy""]","{""hp"":2,""attack"":3,""defense"":5,""special_attack"":7,""special_defense"":9,""speed"":6}","{""raw"":""2' 0\"" / 0.6m (Small)"",""meters"":0.6,""size_class"":""Small""}","{""raw"":""28.7 lbs / 13kg (2)"",""kg"":13.0,""weight_class"":2}","{""raw"":""50% M / 50% F"",""male_percent"":50.0,""female_percent"":50.0,""genderless"":false}","[""Humanshape""]","[""Urban"",""Tundra""]",gen8,251,False,"{""unresolved_abilities"":0,""unresolved_move_references"":0,""unresolved_capabilities"":0}"
mimikyu,Mimikyu,,,,,,,,True,True,complete,"[""Ghost"",""Fairy""]","{""hp"":6,""attack"":9,""defense"":8,""special_attack"":5,""special_defense"":11,""speed"":10}","{""raw"":""0' 8\"" / 0.2m (Small)"",""meters"":0.2,""size_class"":""Small""}","{""raw"":""1.5 lbs / 0.7kg (1)"",""kg"":0.7,""weight_class"":1}","{""raw"":""50% M / 50% F"",""male_percent"":50.0,""female_percent"":50.0,""genderless"":false}","[""Indeterminate""]","[""Urban""]",gen8,715,False,"{""unresolved_abilities"":0,""unresolved_move_references"":0,""unresolved_capabilities"":0}"
minccino,Minccino,,,,,,,,True,True,complete,"[""Normal""]","{""hp"":6,""attack"":5,""defense"":4,""special_attack"":4,""special_defense"":4,""speed"":8}","{""raw"":""1' 4\"" / 0.4m (Small)"",""meters"":0.4,""size_class"":""Small""}","{""raw"":""12.8 lbs / 5.8kg (1)"",""kg"":5.8,""weight_class"":1}","{""raw"":""25% M / 75% F"",""male_percent"":25.0,""female_percent"":75.0,""genderless"":false}","[""Field""]","[""Forest"",""Grassland"",""Urban""]",gen8,549,False,"{""unresolved_abilities"":0,""unresolved_move_references"":0,""unresolved_capabilities"":0}"
minior-core,MINIOR Core,,,,,,,,True,True,complete,"[""Rock"",""Flying""]","{""hp"":6,""attack"":10,""defense"":6,""special_attack"":10,""special_defense"":6,""speed"":12}","{""raw"":""1' 0\"" / 0.3m (Small)"",""meters"":0.3,""size_class"":""Small""}","{""raw"":""0.7 lbs / 0.3kg (1)"",""kg"":0.3,""weight_class"":1}","{""raw"":""No Gender"",""genderless"":true,""male_percent"":0.0,""female_percent"":0.0}","[""Mineral""]","[""Mountain""]",gen8,753,False,"{""unresolved_abilities"":0,""unresolved_move_references"":0,""unresolved_capabilities"":1}"
minior-meteor,MINIOR Meteor,,,,,,,,True,True,complete,"[""Rock"",""Flying""]","{""hp"":6,""attack"":6,""defense"":10,""special_attack"":6,""special_defense"":10,""speed"":6}","{""raw"":""1' 0\"" / 0.3m (Small)"",""meters"":0.3,""size_class"":""Small""}","{""raw"":""88.2 lbs / 40kg (3)"",""kg"":40.0,""weight_class"":3}","{""raw"":""No Gender"",""genderless"":true,""male_percent"":0.0,""female_percent"":0.0}","[""Mineral""]","[""Mountain""]",gen8,752,False,"{""unresolved_abilities"":0,""unresolved_move_references"":0,""unresolved_capabilities"":1}"
minun,Minun,,,,,,,,True,True,complete,"[""Electric""]","{""hp"":6,""attack"":4,""defense"":5,""special_attack"":8,""special_defense"":9,""speed"":10}","{""raw"":""1' 4\"" / 0.4m (Small)"",""meters"":0.4,""size_class"":""Small""}","{""raw"":""9.3 lbs / 4.2kg (1)"",""kg"":4.2,""weight_class"":1}","{""raw"":""50% M / 50% F"",""male_percent"":50.0,""female_percent"":50.0,""genderless"":false}","[""Fairy""]","[""Forest"",""Grassland"",""Urban""]",gen8,695,False,"{""unresolved_abilities"":0,""unresolved_move_references"":0,""unresolved_capabilities"":0}"
misdreavus,Misdreavus,,,,,,,,True,True,complete,"[""Ghost""]","{""hp"":6,""attack"":6,""defense"":6,""special_attack"":9,""special_defense"":9,""speed"":9}","{""raw"":""2' 4\"" / 0.7m (Small)"",""meters"":0.7,""size_class"":""Small""}","{""raw"":""2.2 lbs / 1kg (1)"",""kg"":1.0,""weight_class"":1}","{""raw"":""50% M / 50% F"",""male_percent"":50.0,""female_percent"":50.0,""genderless"":false}","[""Indeterminate""]","[""Cave"",""Forest"",""Urban""]",gen8,427,False,"{""unresolved_abilities"":0,""unresolved_move_references"":0,""unresolved_capabilities"":0}"
mismagius,Mismagius,,,,,,,,True,True,complete,"[""Ghost""]","{""hp"":6,""attack"":6,""defense"":6,""special_attack"":11,""special_defense"":11,""speed"":11}","{""raw"":""2' 11\"" / 0.9m (Small)"",""meters"":0.9,""size_class"":""Small""}","{""raw"":""9.7 lbs / 4.4kg (1)"",""kg"":4.4,""weight_class"":1}","{""raw"":""50% M / 50% F"",""male_percent"":50.0,""female_percent"":50.0,""genderless"":false}","[""Indeterminate""]","[""Cave"",""Forest""]",gen8,428,False,"{""unresolved_abilities"":0,""unresolved_move_references"":0,""unresolved_capabilities"":0}"
moltres,Moltres,,,,,,,,True,True,complete,"[""Fire"",""Flying""]","{""hp"":9,""attack"":10,""defense"":9,""special_attack"":13,""special_defense"":9,""speed"":9}","{""raw"":""6' 7\"" / 2m (Large)"",""meters"":2.0,""size_class"":""Large""}","{""raw"":""132.3 lbs / 60kg (4)"",""kg"":60.0,""weight_class"":4}","{""raw"":""No Gender"",""genderless"":true,""male_percent"":0.0,""female_percent"":0.0}","[""None""]","[""Cave"",""Mountain""]",gen8,868,False,"{""unresolved_abilities"":0,""unresolved_move_references"":0,""unresolved_capabilities"":0}"
monferno,Monferno,,,,,,,,True,True,complete,"[""Fire"",""Fighting""]","{""hp"":6,""attack"":8,""defense"":5,""special_attack"":8,""special_defense"":5,""speed"":8}","{""raw"":""2' 11\"" / 0.9m (Small)"",""meters"":0.9,""size_class"":""Small""}","{""raw"":""48.5 lbs / 22kg (2)"",""kg"":22.0,""weight_class"":2}","{""raw"":""87.5% M / 12.5% F"",""male_percent"":87.5,""female_percent"":12.5,""genderless"":false}","[""Field"",""Humanshape""]","[""Cave"",""Mountain""]",gen8,50,False,"{""unresolved_abilities"":0,""unresolved_move_references"":0,""unresolved_capabilities"":0}"
morelull,Morelull,,,,,,,,True,True,complete,"[""Grass"",""Fairy""]","{""hp"":4,""attack"":4,""defense"":6,""special_attack"":7,""special_defense"":8,""speed"":2}","{""raw"":""0' 8\"" / 0.2m (Small)"",""meters"":0.2,""size_class"":""Small""}","{""raw"":""3.3 lbs / 1.5kg (1)"",""kg"":1.5,""weight_class"":1}","{""raw"":""50% M / 50% F"",""male_percent"":50.0,""female_percent"":50.0,""genderless"":false}","[""Plant""]","[""Forest"",""Rainforest""]",gen8,472,False,"{""unresolved_abilities"":0,""unresolved_move_references"":0,""unresolved_capabilities"":0}"
morgrem,Morgrem,,,,,,,,True,True,complete,"[""Dark"",""Fairy""]","{""hp"":7,""attack"":6,""defense"":5,""special_attack"":8,""special_defense"":6,""speed"":7}","{""raw"":""2' 7\"" / 0.8m (Small)"",""meters"":0.8,""size_class"":""Small""}","{""raw"":""27.6 lbs / 12.5kg (2)"",""kg"":12.5,""weight_class"":2}","{""raw"":""100% M / 0% F"",""male_percent"":100.0,""female_percent"":0.0,""genderless"":false}","[""Fairy"",""Humanshape""]","[""Forest"",""Urban""]",gen8,115,False,"{""unresolved_abilities"":0,""unresolved_move_references"":0,""unresolved_capabilities"":0}"
morpeko,Morpeko,,,,,,,,True,True,complete,"[""Electric"",""Dark""]","{""hp"":6,""attack"":10,""defense"":6,""special_attack"":7,""special_defense"":6,""speed"":10}","{""raw"":""1' 0\"" / 0.3m (Small)"",""meters"":0.3,""size_class"":""Small""}","{""raw"":""6.6 lbs / 3kg (1)"",""kg"":3.0,""weight_class"":1}","{""raw"":""50% M / 50% F"",""male_percent"":50.0,""female_percent"":50.0,""genderless"":false}","[""Field"",""Fairy""]","[""Forest""]",gen8,703,False,"{""unresolved_abilities"":0,""unresolved_move_references"":0,""unresolved_capabilities"":0}"
mothim,Mothim,,,,,,,,True,True,complete,"[""Bug"",""Flying""]","{""hp"":7,""attack"":9,""defense"":5,""special_attack"":9,""special_defense"":5,""speed"":7}","{""raw"":""2' 11\"" / 0.9m (Small)"",""meters"":0.9,""size_class"":""Small""}","{""raw"":""51.4 lbs / 23.3kg (2)"",""kg"":23.3,""weight_class"":2}","{""raw"":""100% M / 0% F"",""male_percent"":100.0,""female_percent"":0.0,""genderless"":false}","[""Bug""]","[""Desert"",""Forest"",""Rainforest"",""Urban""]",gen8,327,False,"{""unresolved_abilities"":0,""unresolved_move_references"":0,""unresolved_capabilities"":0}"
rotom-mow,Mow Rotom,,,5,rotom-normal-form,form,,,False,False,partial,"[""Electric"",""Grass""]","{""hp"":5,""attack"":7,""defense"":11,""special_attack"":11,""special_defense"":11,""speed"":9}","{""raw"":""Medium size"",""size_class"":""Medium""}","{""raw"":""Weight Class 3"",""weight_class"":3}","{""raw"":""No Gender"",""genderless"":true,""male_percent"":0.0,""female_percent"":0.0}","[""Indeterminate""]","[""Urban""]",gen8,698,True,"{""unresolved_abilities"":0,""unresolved_move_references"":0,""unresolved_capabilities"":0}"
mr-mime,Mr. Mime,,,,,,,,True,True,complete,"[""Psychic"",""Fairy""]","{""hp"":4,""attack"":5,""defense"":7,""special_attack"":10,""special_defense"":12,""speed"":9}","{""raw"":""4' 3\"" / 1.3m (Medium)"",""meters"":1.3,""size_class"":""Medium""}","{""raw"":""120.2 lbs / 54.5kg (4)"",""kg"":54.5,""weight_class"":4}","{""raw"":""50% M / 50% F"",""male_percent"":50.0,""female_percent"":50.0,""genderless"":false}","[""Humanshape""]","[""Urban""]",gen8,252,False,"{""unresolved_abilities"":0,""unresolved_move_references"":0,""unresolved_capabilities"":0}"
mr-mime-galar,MR. MIME Galar,,,,,,,,True,True,complete,"[""Ice"",""Psychic""]","{""hp"":5,""attack"":7,""defense"":7,""special_attack"":9,""special_defense"":9,""speed"":10}","{""raw"":""4' 7\"" / 1.4m (Medium)"",""meters"":1.4,""size_class"":""Medium""}","{""raw"":""125.2 lbs / 56.8kg (4)"",""kg"":56.8,""weight_class"":4}","{""raw"":""50% M / 50% F"",""male_percent"":50.0,""female_percent"":50.0,""genderless"":false}","[""Humanshape""]","[""Tundra""]",gen8,253,False,"{""unresolved_abilities"":0,""unresolved_move_references"":0,""unresolved_capabilities"":0}"
mr-rime,Mr. Rime,,,,,,,,True,True,complete,"[""Ice"",""Psychic""]","{""hp"":8,""attack"":9,""defense"":8,""special_attack"":11,""special_defense"":10,""speed"":7}","{""raw"":""4' 11\"" / 1.5m (Medium)"",""meters"":1.5,""size_class"":""Medium""}","{""raw"":""128.3 lbs / 58.2kg (4)"",""kg"":58.2,""weight_class"":4}","{""raw"":""50% M / 50% F"",""male_percent"":50.0,""female_percent"":50.0,""genderless"":false}","[""Humanshape""]","[""Tundra""]",gen8,254,False,"{""unresolved_abilities"":0,""unresolved_move_references"":0,""unresolved_capabilities"":0}"
mudbray,Mudbray,,,,,,,,True,True,complete,"[""Ground""]","{""hp"":7,""attack"":10,""defense"":7,""special_attack"":5,""special_defense"":6,""speed"":5}","{""raw"":""3' 3\"" / 1m (Medium)"",""meters"":1.0,""size_class"":""Medium""}","{""raw"":""242.5 lbs / 110kg (5)"",""kg"":110.0,""weight_class"":5}","{""raw"":""50% M / 50% F"",""male_percent"":50.0,""female_percent"":50.0,""genderless"":false}","[""Field""]","[""Grassland"",""Mountain""]",gen8,498,False,"{""unresolved_abilities"":0,""unresolved_move_references"":0,""unresolved_capabilities"":0}"
mudkip,Mudkip,,,,,,,,True,True,complete,"[""Water""]","{""hp"":5,""attack"":7,""defense"":5,""special_attack"":5,""special_defense"":5,""speed"":4}","{""raw"":""1' 4\"" / 0.4m (Small)"",""meters"":0.4,""size_class"":""Small""}","{""raw"":""16.8 lbs / 7.6kg (1)"",""kg"":7.6,""weight_class"":1}","{""raw"":""87.5% M / 12.5% F"",""male_percent"":87.5,""female_percent"":12.5,""genderless"":false}","[""Monster"",""Water 1""]","[""Marsh""]",gen8,70,False,"{""unresolved_abilities"":0,""unresolved_move_references"":0,""unresolved_capabilities"":0}"
mudsdale,Mudsdale,,,,,,,,True,True,complete,"[""Ground""]","{""hp"":10,""attack"":13,""defense"":10,""special_attack"":6,""special_defense"":9,""speed"":4}","{""raw"":""8' 2\"" / 2.5m (Large)"",""meters"":2.5,""size_class"":""Large""}","{""raw"":""2028.2 lbs / 920kg (6)"",""kg"":920.0,""weight_class"":6}","{""raw"":""50% M / 50% F"",""male_percent"":50.0,""female_percent"":50.0,""genderless"":false}","[""Field""]","[""Grassland"",""Mountain""]",gen8,499,False,"{""unresolved_abilities"":0,""unresolved_move_references"":0,""unresolved_capabilities"":0}"
muk,Muk,,,,,,,,True,True,complete,"[""Poison""]","{""hp"":11,""attack"":11,""defense"":8,""special_attack"":7,""special_defense"":10,""speed"":5}","{""raw"":""3' 11\"" / 1.2m (Medium)"",""meters"":1.2,""size_class"":""Medium""}","{""raw"":""66.1 lbs / 30kg (3)"",""kg"":30.0,""weight_class"":3}","{""raw"":""50% M / 50% F"",""male_percent"":50.0,""female_percent"":50.0,""genderless"":false}","[""Indeterminate""]","[""Urban""]",gen8,568,False,"{""unresolved_abilities"":0,""unresolved_move_references"":0,""unresolved_capabilities"":1}"
muk-alola,MUK Alola,,,,,,,,True,True,complete,"[""Poison"",""Dark""]","{""hp"":11,""attack"":11,""defense"":8,""special_attack"":7,""special_defense"":10,""speed"":5}","{""raw"":""3' 3\"" / 1m (Medium)"",""meters"":1.0,""size_class"":""Medium""}","{""raw"":""114.6 lbs / 52kg (4)"",""kg"":52.0,""weight_class"":4}","{""raw"":""50% M / 50% F"",""male_percent"":50.0,""female_percent"":50.0,""genderless"":false}","[""Indeterminate""]","[""Urban""]",gen8,795,False,"{""unresolved_abilities"":0,""unresolved_move_references"":0,""unresolved_capabilities"":1}"
munchlax,Munchlax,,,,,,,,True,True,complete,"[""Normal""]","{""hp"":14,""attack"":9,""defense"":4,""special_attack"":4,""special_defense"":9,""speed"":1}","{""raw"":""2' 0\"" / 0.6m (Small)"",""meters"":0.6,""size_class"":""Small""}","{""raw"":""231.5 lbs / 105kg (4)"",""kg"":105.0,""weight_class"":4}","{""raw"":""87.5% M / 12.5% F"",""male_percent"":87.5,""female_percent"":12.5,""genderless"":false}","[""Monster""]","[""Forest"",""Mountain"",""Taiga"",""Urban""]",gen8,523,False,"{""unresolved_abilities"":0,""unresolved_move_references"":0,""unresolved_capabilities"":0}"
munna,Munna,,,,,,,,True,True,complete,"[""Psychic""]","{""hp"":8,""attack"":3,""defense"":5,""special_attack"":7,""special_defense"":6,""speed"":2}","{""raw"":""2' 0\"" / 0.6m (Small)"",""meters"":0.6,""size_class"":""Small""}","{""raw"":""51.4 lbs / 23.3kg (2)"",""kg"":23.3,""weight_class"":2}","{""raw"":""50% M / 50% F"",""male_percent"":50.0,""female_percent"":50.0,""genderless"":false}","[""Field""]","[""Forest""]",gen8,598,False,"{""unresolved_abilities"":0,""unresolved_move_references"":0,""unresolved_capabilities"":0}"
murkrow,Murkrow,,,,,,,,True,True,complete,"[""Dark"",""Flying""]","{""hp"":6,""attack"":9,""defense"":4,""special_attack"":9,""special_defense"":4,""speed"":9}","{""raw"":""1' 8\"" / 0.5m (Small)"",""meters"":0.5,""size_class"":""Small""}","{""raw"":""4.6 lbs / 2.1kg (1)"",""kg"":2.1,""weight_class"":1}","{""raw"":""50% M / 50% F"",""male_percent"":50.0,""female_percent"":50.0,""genderless"":false}","[""Flying""]","[""Forest"",""Marsh"",""Urban""]",gen8,344,False,"{""unresolved_abilities"":0,""unresolved_move_references"":0,""unresolved_capabilities"":0}"
musharna,Musharna,,,,,,,,True,True,complete,"[""Psychic""]","{""hp"":12,""attack"":6,""defense"":9,""special_attack"":11,""special_defense"":10,""speed"":3}","{""raw"":""3' 7\"" / 1.1m (Medium)"",""meters"":1.1,""size_class"":""Medium""}","{""raw"":""133.4 lbs / 60.5kg (4)"",""kg"":60.5,""weight_class"":4}","{""raw"":""50% M / 50% F"",""male_percent"":50.0,""female_percent"":50.0,""genderless"":false}","[""Field""]","[""Forest"",""Grassland""]",gen8,599,False,"{""unresolved_abilities"":0,""unresolved_move_references"":0,""unresolved_capabilities"":0}"
naganadel,Naganadel,,,,,,,,True,True,complete,"[""Poison"",""Dragon""]","{""hp"":7,""attack"":7,""defense"":7,""special_attack"":13,""special_defense"":7,""speed"":12}","{""raw"":""11' 10\"" / 3.6m (Huge)"",""meters"":3.6,""size_class"":""Huge""}","{""raw"":""330.7 lbs / 150kg (5)"",""kg"":150.0,""weight_class"":5}","{""raw"":""No Gender"",""genderless"":true,""male_percent"":0.0,""female_percent"":0.0}","[""None""]","[""Ultra Space""]",gen8,955,False,"{""unresolved_abilities"":0,""unresolved_move_references"":0,""unresolved_capabilities"":0}"
natu,Natu,,,,,,,,True,True,complete,"[""Psychic"",""Flying""]","{""hp"":4,""attack"":5,""defense"":5,""special_attack"":7,""special_defense"":5,""speed"":7}","{""raw"":""0' 8\"" / 0.2m (Small)"",""meters"":0.2,""size_class"":""Small""}","{""raw"":""4.4 lbs / 2kg (1)"",""kg"":2.0,""weight_class"":1}","{""raw"":""50% M / 50% F"",""male_percent"":50.0,""female_percent"":50.0,""genderless"":false}","[""Flying""]","[""Cave"",""Forest""]",gen8,590,False,"{""unresolved_abilities"":0,""unresolved_move_references"":0,""unresolved_capabilities"":0}"
necrozma,Necrozma,,,,,,,,True,True,complete,"[""Psychic""]","{""hp"":10,""attack"":11,""defense"":10,""special_attack"":13,""special_defense"":9,""speed"":8}","{""raw"":""7' 10\"" / 2.4m (Large)"",""meters"":2.4,""size_class"":""Large""}","{""raw"":""507.1 lbs / 230kg (6)"",""kg"":230.0,""weight_class"":6}","{""raw"":""No Gender"",""genderless"":true,""male_percent"":0.0,""female_percent"":0.0}","[""None""]","[""Ultra Space""]",gen8,944,False,"{""unresolved_abilities"":1,""unresolved_move_references"":0,""unresolved_capabilities"":0}"
necrozma-dawn-wings,NECROZMA Dawn Wings,,,,,,,,True,True,complete,"[""Psychic"",""Ghost""]","{""hp"":10,""attack"":11,""defense"":11,""special_attack"":16,""special_defense"":13,""speed"":8}","{""raw"":""13' 9\"" / 4.2m (Huge)"",""meters"":4.2,""size_class"":""Huge""}","{""raw"":""771.6 lbs / 350kg (6)"",""kg"":350.0,""weight_class"":6}","{""raw"":""No Gender"",""genderless"":true,""male_percent"":0.0,""female_percent"":0.0}","[""None""]","[""Ultra Space""]",gen8,946,False,"{""unresolved_abilities"":1,""unresolved_move_references"":1,""unresolved_capabilities"":0}"
necrozma-dusk-mane,NECROZMA Dusk Mane,,,,,,,,True,True,complete,"[""Psychic"",""Steel""]","{""hp"":10,""attack"":16,""defense"":13,""special_attack"":11,""special_defense"":11,""speed"":8}","{""raw"":""12' 6\"" / 3.8m (Huge)"",""meters"":3.8,""size_class"":""Huge""}","{""raw"":""1014.1 lbs / 460kg (6)"",""kg"":460.0,""weight_class"":6}","{""raw"":""No Gender"",""genderless"":true,""male_percent"":0.0,""female_percent"":0.0}","[""None""]","[""Ultra Space""]",gen8,945,False,"{""unresolved_abilities"":1,""unresolved_move_references"":1,""unresolved_capabilities"":0}"
needlene,Needlene,,,,,,,,True,True,complete,"[""Fairy"",""Steel""]","{""hp"":6,""attack"":9,""defense"":6,""special_attack"":4,""special_defense"":5,""speed"":10}","{""raw"":""1' 0'' / 0,3 m (small)"",""meters"":3.0,""size_class"":""Small""}","{""raw"":""99.2 lbs / 45Kg (3)"",""kg"":45.0,""weight_class"":3}","{""raw"":""100% F"",""female_percent"":100.0,""genderless"":false}","[""Fairy"",""Human""]","[""Urban""]",needlene,1,False,"{""unresolved_abilities"":1,""unresolved_move_references"":4,""unresolved_capabilities"":0}"
nickit,Nickit,,,,,,,,True,True,complete,"[""Dark""]","{""hp"":4,""attack"":3,""defense"":3,""special_attack"":5,""special_defense"":5,""speed"":5}","{""raw"":""2' 0\"" / 0.6m (Small)"",""meters"":0.6,""size_class"":""Small""}","{""raw"":""19.6 lbs / 8.9kg (1)"",""kg"":8.9,""weight_class"":1}","{""raw"":""50% M / 50% F"",""male_percent"":50.0,""female_percent"":50.0,""genderless"":false}","[""Field""]","[""Forest"",""Grassland"",""Urban""]",gen8,364,False,"{""unresolved_abilities"":0,""unresolved_move_references"":0,""unresolved_capabilities"":0}"
nidoking,Nidoking,,,,,,,,True,True,complete,"[""Poison"",""Ground""]","{""hp"":8,""attack"":10,""defense"":8,""special_attack"":9,""special_defense"":8,""speed"":9}","{""raw"":""4' 7\"" / 1.4m (Medium)"",""meters"":1.4,""size_class"":""Medium""}","{""raw"":""136.7 lbs / 62kg (4)"",""kg"":62.0,""weight_class"":4}","{""raw"":""100% M / 0% F"",""male_percent"":100.0,""female_percent"":0.0,""genderless"":false}","[""Monster"",""Field""]","[""Grassland"",""Mountain""]",gen8,244,False,"{""unresolved_abilities"":0,""unresolved_move_references"":0,""unresolved_capabilities"":0}"
nidoqueen,Nidoqueen,,,,,,,,True,True,complete,"[""Poison"",""Ground""]","{""hp"":9,""attack"":9,""defense"":9,""special_attack"":8,""special_defense"":9,""speed"":8}","{""raw"":""4' 3\"" / 1.3m (Medium)"",""meters"":1.3,""size_class"":""Medium""}","{""raw"":""132.3 lbs / 60kg (4)"",""kg"":60.0,""weight_class"":4}","{""raw"":""0% M / 100% F"",""male_percent"":0.0,""female_percent"":100.0,""genderless"":false}","[""Monster"",""Field""]","[""Grassland"",""Mountain""]",gen8,241,False,"{""unresolved_abilities"":0,""unresolved_move_references"":0,""unresolved_capabilities"":0}"
nidoran-f,NIDORAN (F),,,,,,,,True,True,complete,"[""Poison""]","{""hp"":6,""attack"":5,""defense"":5,""special_attack"":4,""special_defense"":4,""speed"":4}","{""raw"":""1' 4\"" / 0.4m (Small)"",""meters"":0.4,""size_class"":""Small""}","{""raw"":""15.4 lbs / 7kg (1)"",""kg"":7.0,""weight_class"":1}","{""raw"":""0% M / 100% F"",""male_percent"":0.0,""female_percent"":100.0,""genderless"":false}","[""Monster"",""Field""]","[""Grassland""]",gen8,239,False,"{""unresolved_abilities"":0,""unresolved_move_references"":0,""unresolved_capabilities"":0}"
nidoran-m,NIDORAN (M),,,,,,,,True,True,complete,"[""Poison""]","{""hp"":5,""attack"":6,""defense"":4,""special_attack"":4,""special_defense"":4,""speed"":5}","{""raw"":""1' 8\"" / 0.5m (Small)"",""meters"":0.5,""size_class"":""Small""}","{""raw"":""19.8 lbs / 9kg (1)"",""kg"":9.0,""weight_class"":1}","{""raw"":""100% M / 0% F"",""male_percent"":100.0,""female_percent"":0.0,""genderless"":false}","[""Monster"",""Field""]","[""Grassland""]",gen8,242,False,"{""unresolved_abilities"":0,""unresolved_move_references"":0,""unresolved_capabilities"":0}"
nidorina,Nidorina,,,,,,,,True,True,complete,"[""Poison""]","{""hp"":7,""attack"":6,""defense"":7,""special_attack"":6,""special_defense"":6,""speed"":6}","{""raw"":""2' 7\"" / 0.8m (Small)"",""meters"":0.8,""size_class"":""Small""}","{""raw"":""44.1 lbs / 20kg (2)"",""kg"":20.0,""weight_class"":2}","{""raw"":""0% M / 100% F"",""male_percent"":0.0,""female_percent"":100.0,""genderless"":false}","[""Monster"",""Field""]","[""Grassland""]",gen8,240,False,"{""unresolved_abilities"":0,""unresolved_move_references"":0,""unresolved_capabilities"":0}"
nidorino,Nidorino,,,,,,,,True,True,complete,"[""Poison""]","{""hp"":6,""attack"":7,""defense"":6,""special_attack"":6,""special_defense"":6,""speed"":7}","{""raw"":""2' 11\"" / 0.9m (Small)"",""meters"":0.9,""size_class"":""Small""}","{""raw"":""43 lbs / 19.5kg (2)"",""kg"":19.5,""weight_class"":2}","{""raw"":""100% M / 0% F"",""male_percent"":100.0,""female_percent"":0.0,""genderless"":false}","[""Monster"",""Field""]","[""Grassland""]",gen8,243,False,"{""unresolved_abilities"":0,""unresolved_move_references"":0,""unresolved_capabilities"":0}"
nihilego,Nihilego,,,,,,,,True,True,complete,"[""Rock"",""Poison""]","{""hp"":11,""attack"":5,""defense"":5,""special_attack"":13,""special_defense"":13,""speed"":10}","{""raw"":""3' 11\"" / 1.2m (Medium)"",""meters"":1.2,""size_class"":""Medium""}","{""raw"":""122.4 lbs / 55.5kg (3)"",""kg"":55.5,""weight_class"":3}","{""raw"":""No Gender"",""genderless"":true,""male_percent"":0.0,""female_percent"":0.0}","[""None""]","[""Ultra Space""]",gen8,947,False,"{""unresolved_abilities"":0,""unresolved_move_references"":0,""unresolved_capabilities"":0}"
nincada,Nincada,,,,,,,,True,True,complete,"[""Bug"",""Ground""]","{""hp"":3,""attack"":5,""defense"":9,""special_attack"":3,""special_defense"":3,""speed"":4}","{""raw"":""1' 8\"" / 0.5m (Small)"",""meters"":0.5,""size_class"":""Small""}","{""raw"":""12.1 lbs / 5.5kg (1)"",""kg"":5.5,""weight_class"":1}","{""raw"":""50% M / 50% F"",""male_percent"":50.0,""female_percent"":50.0,""genderless"":false}","[""Bug""]","[""Desert"",""Forest""]",gen8,318,False,"{""unresolved_abilities"":0,""unresolved_move_references"":0,""unresolved_capabilities"":1}"
ninetales,Ninetales,,,,,,,,True,True,complete,"[""Fire""]","{""hp"":7,""attack"":8,""defense"":8,""special_attack"":8,""special_defense"":10,""speed"":10}","{""raw"":""3' 7\"" / 1.1m (Medium)"",""meters"":1.1,""size_class"":""Medium""}","{""raw"":""43.9 lbs / 19.9kg (2)"",""kg"":19.9,""weight_class"":2}","{""raw"":""25% M / 75% F"",""male_percent"":25.0,""female_percent"":75.0,""genderless"":false}","[""Field""]","[""Grassland"",""Mountain""]",gen8,407,False,"{""unresolved_abilities"":0,""unresolved_move_references"":0,""unresolved_capabilities"":0}"
ninetales-alola,NINETALES Alola,,,,,,,,True,True,complete,"[""Ice"",""Fairy""]","{""hp"":7,""attack"":7,""defense"":8,""special_attack"":8,""special_defense"":10,""speed"":11}","{""raw"":""3' 7\"" / 1.1m (Medium)"",""meters"":1.1,""size_class"":""Medium""}","{""raw"":""43.9 lbs / 19.9kg (2)"",""kg"":19.9,""weight_class"":2}","{""raw"":""25% M / 75% F"",""male_percent"":25.0,""female_percent"":75.0,""genderless"":false}","[""Field""]","[""Mountain"",""Tundra""]",gen8,786,False,"{""unresolved_abilities"":0,""unresolved_move_references"":0,""unresolved_capabilities"":0}"
ninjask,Ninjask,,,,,,,,True,True,complete,"[""Bug"",""Flying""]","{""hp"":6,""attack"":9,""defense"":5,""special_attack"":5,""special_defense"":5,""speed"":16}","{""raw"":""2' 7\"" / 0.8m (Small)"",""meters"":0.8,""size_class"":""Small""}","{""raw"":""26.5 lbs / 12kg (2)"",""kg"":12.0,""weight_class"":2}","{""raw"":""50% M / 50% F"",""male_percent"":50.0,""female_percent"":50.0,""genderless"":false}","[""Bug""]","[""Desert"",""Forest""]",gen8,319,False,"{""unresolved_abilities"":0,""unresolved_move_references"":0,""unresolved_capabilities"":0}"
noctowl,Noctowl,,,,,,,,True,True,complete,"[""Normal"",""Flying""]","{""hp"":10,""attack"":5,""defense"":5,""special_attack"":9,""special_defense"":10,""speed"":7}","{""raw"":""5' 3\"" / 1.6m (Medium)"",""meters"":1.6,""size_class"":""Medium""}","{""raw"":""89.9 lbs / 40.8kg (3)"",""kg"":40.8,""weight_class"":3}","{""raw"":""50% M / 50% F"",""male_percent"":50.0,""female_percent"":50.0,""genderless"":false}","[""Flying""]","[""Forest""]",gen8,528,False,"{""unresolved_abilities"":0,""unresolved_move_references"":0,""unresolved_capabilities"":0}"
noibat,Noibat,,,,,,,,True,True,complete,"[""Flying"",""Dragon""]","{""hp"":4,""attack"":3,""defense"":4,""special_attack"":5,""special_defense"":4,""speed"":6}","{""raw"":""1' 8\"" / 0.5m (Small)"",""meters"":0.5,""size_class"":""Small""}","{""raw"":""17.6 lbs / 8kg (1)"",""kg"":8.0,""weight_class"":1}","{""raw"":""50% M / 50% F"",""male_percent"":50.0,""female_percent"":50.0,""genderless"":false}","[""Flying""]","[""Cave""]",gen8,425,False,"{""unresolved_abilities"":0,""unresolved_move_references"":0,""unresolved_capabilities"":0}"
noivern,Noivern,,,,,,,,True,True,complete,"[""Flying"",""Dragon""]","{""hp"":9,""attack"":7,""defense"":8,""special_attack"":10,""special_defense"":8,""speed"":12}","{""raw"":""4' 11\"" / 1.5m (Medium)"",""meters"":1.5,""size_class"":""Medium""}","{""raw"":""187.4 lbs / 85kg (4)"",""kg"":85.0,""weight_class"":4}","{""raw"":""50% M / 50% F"",""male_percent"":50.0,""female_percent"":50.0,""genderless"":false}","[""Flying""]","[""Cave""]",gen8,426,False,"{""unresolved_abilities"":0,""unresolved_move_references"":0,""unresolved_capabilities"":0}"
nosepass,Nosepass,,,,,,,,True,True,complete,"[""Rock""]","{""hp"":3,""attack"":5,""defense"":14,""special_attack"":5,""special_defense"":9,""speed"":4}","{""raw"":""3' 3\"" / 1m (Medium)"",""meters"":1.0,""size_class"":""Medium""}","{""raw"":""213.8 lbs / 97kg (4)"",""kg"":97.0,""weight_class"":4}","{""raw"":""50% M / 50% F"",""male_percent"":50.0,""female_percent"":50.0,""genderless"":false}","[""Mineral""]","[""Beach"",""Cave"",""Mountain""]",gen8,609,False,"{""unresolved_abilities"":0,""unresolved_move_references"":0,""unresolved_capabilities"":0}"
numel,Numel,,,,,,,,True,True,complete,"[""Fire"",""Ground""]","{""hp"":6,""attack"":6,""defense"":4,""special_attack"":7,""special_defense"":5,""speed"":4}","{""raw"":""2' 4\"" / 0.7m (Small)"",""meters"":0.7,""size_class"":""Small""}","{""raw"":""52.9 lbs / 24kg (2)"",""kg"":24.0,""weight_class"":2}","{""raw"":""50% M / 50% F"",""male_percent"":50.0,""female_percent"":50.0,""genderless"":false}","[""Field""]","[""Desert"",""Mountain""]",gen8,414,False,"{""unresolved_abilities"":0,""unresolved_move_references"":0,""unresolved_capabilities"":0}"
nuzleaf,Nuzleaf,,,,,,,,True,True,complete,"[""Grass"",""Dark""]","{""hp"":7,""attack"":7,""defense"":4,""special_attack"":6,""special_defense"":4,""speed"":6}","{""raw"":""3' 3\"" / 1m (Medium)"",""meters"":1.0,""size_class"":""Medium""}","{""raw"":""61.7 lbs / 28kg (2)"",""kg"":28.0,""weight_class"":2}","{""raw"":""50% M / 50% F"",""male_percent"":50.0,""female_percent"":50.0,""genderless"":false}","[""Field"",""Plant""]","[""Forest"",""Rainforest""]",gen8,183,False,"{""unresolved_abilities"":0,""unresolved_move_references"":0,""unresolved_capabilities"":0}"
obstagoon,Obstagoon,,,,,,,,True,True,complete,"[""Dark"",""Normal""]","{""hp"":9,""attack"":9,""defense"":10,""special_attack"":6,""special_defense"":8,""speed"":10}","{""raw"":""5' 3\"" / 1.6m (Medium)"",""meters"":1.6,""size_class"":""Medium""}","{""raw"":""101.4 lbs / 46kg (3)"",""kg"":46.0,""weight_class"":3}","{""raw"":""50% M / 50% F"",""male_percent"":50.0,""female_percent"":50.0,""genderless"":false}","[""Field""]","[""Forest"",""Grassland""]",gen8,806,False,"{""unresolved_abilities"":0,""unresolved_move_references"":0,""unresolved_capabilities"":0}"
octillery,Octillery,,,,,,,,True,True,complete,"[""Water""]","{""hp"":8,""attack"":11,""defense"":8,""special_attack"":11,""special_defense"":8,""speed"":5}","{""raw"":""2' 11\"" / 0.9m (Small)"",""meters"":0.9,""size_class"":""Small""}","{""raw"":""62.8 lbs / 28.5kg (3)"",""kg"":28.5,""weight_class"":3}","{""raw"":""50% M / 50% F"",""male_percent"":50.0,""female_percent"":50.0,""genderless"":false}","[""Water 1"",""Water 2""]","[""Ocean""]",gen8,647,False,"{""unresolved_abilities"":0,""unresolved_move_references"":0,""unresolved_capabilities"":0}"
oddish,Oddish,,,,,,,,True,True,complete,"[""Grass"",""Poison""]","{""hp"":5,""attack"":5,""defense"":6,""special_attack"":8,""special_defense"":7,""speed"":3}","{""raw"":""1' 8\"" / 0.5m (Small)"",""meters"":0.5,""size_class"":""Small""}","{""raw"":""11.9 lbs / 5.4kg (1)"",""kg"":5.4,""weight_class"":1}","{""raw"":""50% M / 50% F"",""male_percent"":50.0,""female_percent"":50.0,""genderless"":false}","[""Plant""]","[""Forest"",""Grassland"",""Marsh"",""Rainforest""]",gen8,172,False,"{""unresolved_abilities"":0,""unresolved_move_references"":0,""unresolved_capabilities"":0}"
omanyte,Omanyte,,,,,,,,True,True,complete,"[""Rock"",""Water""]","{""hp"":4,""attack"":4,""defense"":10,""special_attack"":9,""special_defense"":6,""speed"":4}","{""raw"":""1' 4\"" / 0.4m (Small)"",""meters"":0.4,""size_class"":""Small""}","{""raw"":""16.5 lbs / 7.5kg (1)"",""kg"":7.5,""weight_class"":1}","{""raw"":""87.5% M / 12.5% F"",""male_percent"":87.5,""female_percent"":12.5,""genderless"":false}","[""Water 1"",""Water 3""]","[""Cave"",""Ocean""]",gen8,813,False,"{""unresolved_abilities"":0,""unresolved_move_references"":0,""unresolved_capabilities"":0}"
omastar,Omastar,,,,,,,,True,True,complete,"[""Rock"",""Water""]","{""hp"":7,""attack"":6,""defense"":13,""special_attack"":12,""special_defense"":7,""speed"":6}","{""raw"":""3' 3\"" / 1m (Medium)"",""meters"":1.0,""size_class"":""Medium""}","{""raw"":""77.2 lbs / 35kg (3)"",""kg"":35.0,""weight_class"":3}","{""raw"":""87.5% M / 12.5% F"",""male_percent"":87.5,""female_percent"":12.5,""genderless"":false}","[""Water 1"",""Water 3""]","[""Cave"",""Ocean""]",gen8,814,False,"{""unresolved_abilities"":0,""unresolved_move_references"":0,""unresolved_capabilities"":0}"
onix,Onix,,,,,,,,True,True,complete,"[""Rock"",""Ground""]","{""hp"":4,""attack"":5,""defense"":16,""special_attack"":3,""special_defense"":5,""speed"":7}","{""raw"":""28' 10\"" / 8.8m (Huge)"",""meters"":8.8,""size_class"":""Huge""}","{""raw"":""463 lbs / 210kg (6)"",""kg"":210.0,""weight_class"":6}","{""raw"":""50% M / 50% F"",""male_percent"":50.0,""female_percent"":50.0,""genderless"":false}","[""Mineral""]","[""Cave"",""Mountain""]",gen8,607,False,"{""unresolved_abilities"":0,""unresolved_move_references"":0,""unresolved_capabilities"":0}"
oranguru,Oranguru,,,,,,,,True,True,complete,"[""Normal"",""Psychic""]","{""hp"":9,""attack"":6,""defense"":8,""special_attack"":9,""special_defense"":11,""speed"":6}","{""raw"":""4' 11\"" / 1.5m (Medium)"",""meters"":1.5,""size_class"":""Medium""}","{""raw"":""167.5 lbs / 76kg (4)"",""kg"":76.0,""weight_class"":4}","{""raw"":""50% M / 50% F"",""male_percent"":50.0,""female_percent"":50.0,""genderless"":false}","[""Field""]","[""Rainforest""]",gen8,741,False,"{""unresolved_abilities"":0,""unresolved_move_references"":0,""unresolved_capabilities"":0}"
orbeetle,Orbeetle,,,,,,,,True,True,complete,"[""Bug"",""Psychic""]","{""hp"":6,""attack"":5,""defense"":11,""special_attack"":8,""special_defense"":12,""speed"":9}","{""raw"":""1' 4\"" / 0.4m (Small)"",""meters"":0.4,""size_class"":""Small""}","{""raw"":""89.9 lbs / 40.8kg (3)"",""kg"":40.8,""weight_class"":3}","{""raw"":""50% M / 50% F"",""male_percent"":50.0,""female_percent"":50.0,""genderless"":false}","[""Bug""]","[""Grassland""]",gen8,113,False,"{""unresolved_abilities"":0,""unresolved_move_references"":0,""unresolved_capabilities"":0}"
oricorio,Oricorio,,,,,,,,True,True,complete,"[""Special"",""Flying (see Nectar Dancer)""]","{""hp"":8,""attack"":7,""defense"":7,""special_attack"":10,""special_defense"":7,""speed"":9}","{""raw"":""2' 0\"" / 0.6m (Small)"",""meters"":0.6,""size_class"":""Small""}","{""raw"":""7.5 lbs / 3.4kg (1)"",""kg"":3.4,""weight_class"":1}","{""raw"":""25% M / 75% F"",""male_percent"":25.0,""female_percent"":75.0,""genderless"":false}","[""Flying""]","[""Beach"",""Grassland""]",gen8,780,False,"{""unresolved_abilities"":0,""unresolved_move_references"":0,""unresolved_capabilities"":1}"
oshawott,Oshawott,,,,,,,,True,True,complete,"[""Water""]","{""hp"":6,""attack"":6,""defense"":5,""special_attack"":6,""special_defense"":5,""speed"":5}","{""raw"":""1' 8\"" / 0.5m (Small)"",""meters"":0.5,""size_class"":""Small""}","{""raw"":""13 lbs / 5.9kg (1)"",""kg"":5.9,""weight_class"":1}","{""raw"":""87.5% M / 12.5% F"",""male_percent"":87.5,""female_percent"":12.5,""genderless"":false}","[""Field""]","[""Beach"",""Ocean""]",gen8,76,False,"{""unresolved_abilities"":0,""unresolved_move_references"":0,""unresolved_capabilities"":0}"
pachirisu,Pachirisu,,,,,,,,True,True,complete,"[""Electric""]","{""hp"":6,""attack"":5,""defense"":7,""special_attack"":5,""special_defense"":9,""speed"":10}","{""raw"":""1' 4\"" / 0.4m (Small)"",""meters"":0.4,""size_class"":""Small""}","{""raw"":""8.6 lbs / 3.9kg (1)"",""kg"":3.9,""weight_class"":1}","{""raw"":""50% M / 50% F"",""male_percent"":50.0,""female_percent"":50.0,""genderless"":false}","[""Field"",""Fairy""]","[""Forest"",""Urban""]",gen8,696,False,"{""unresolved_abilities"":0,""unresolved_move_references"":0,""unresolved_capabilities"":0}"
palkia,Palkia,,,,,,,,True,True,complete,"[""Water"",""Dragon""]","{""hp"":9,""attack"":12,""defense"":10,""special_attack"":15,""special_defense"":12,""speed"":10}","{""raw"":""13' 9\"" / 4.2m (Huge)"",""meters"":4.2,""size_class"":""Huge""}","{""raw"":""740.8 lbs / 336kg (6)"",""kg"":336.0,""weight_class"":6}","{""raw"":""No Gender"",""genderless"":true,""male_percent"":0.0,""female_percent"":0.0}","[""None""]","[""Non-Space""]",gen8,895,False,"{""unresolved_abilities"":0,""unresolved_move_references"":0,""unresolved_capabilities"":0}"
palossand,Palossand,,,,,,,,True,True,complete,"[""Ghost"",""Ground""]","{""hp"":9,""attack"":8,""defense"":11,""special_attack"":10,""special_defense"":8,""speed"":4}","{""raw"":""4' 3\"" / 1.3m (Medium)"",""meters"":1.3,""size_class"":""Medium""}","{""raw"":""551.1 lbs / 250kg (6)"",""kg"":250.0,""weight_class"":6}","{""raw"":""50% M / 50% F"",""male_percent"":50.0,""female_percent"":50.0,""genderless"":false}","[""Indeterminate""]","[""Beach""]",gen8,440,False,"{""unresolved_abilities"":0,""unresolved_move_references"":0,""unresolved_capabilities"":0}"
palpitoad,Palpitoad,,,,,,,,True,True,complete,"[""Water"",""Ground""]","{""hp"":8,""attack"":7,""defense"":6,""special_attack"":7,""special_defense"":6,""speed"":7}","{""raw"":""2' 7\"" / 0.8m (Small)"",""meters"":0.8,""size_class"":""Small""}","{""raw"":""37.5 lbs / 17kg (2)"",""kg"":17.0,""weight_class"":2}","{""raw"":""50% M / 50% F"",""male_percent"":50.0,""female_percent"":50.0,""genderless"":false}","[""Water 1""]","[""Freshwater"",""Marsh""]",gen8,300,False,"{""unresolved_abilities"":0,""unresolved_move_references"":0,""unresolved_capabilities"":0}"
pancham,Pancham,,,,,,,,True,True,complete,"[""Fighting""]","{""hp"":7,""attack"":8,""defense"":6,""special_attack"":5,""special_defense"":5,""speed"":4}","{""raw"":""2' 0\"" / 0.6m (Small)"",""meters"":0.6,""size_class"":""Small""}","{""raw"":""17.6 lbs / 8kg (1)"",""kg"":8.0,""weight_class"":1}","{""raw"":""50% M / 50% F"",""male_percent"":50.0,""female_percent"":50.0,""genderless"":false}","[""Field"",""Humanshape""]","[""Forest"",""Grassland""]",gen8,400,False,"{""unresolved_abilities"":0,""unresolved_move_references"":3,""unresolved_capabilities"":1}"
pangoro,Pangoro,,,,,,,,True,True,complete,"[""Fighting"",""Dark""]","{""hp"":9,""attack"":12,""defense"":8,""special_attack"":7,""special_defense"":7,""speed"":6}","{""raw"":""6' 11\"" / 2.1m (Large)"",""meters"":2.1,""size_class"":""Large""}","{""raw"":""299.8 lbs / 136kg (5)"",""kg"":136.0,""weight_class"":5}","{""raw"":""50% M / 50% F"",""male_percent"":50.0,""female_percent"":50.0,""genderless"":false}","[""Field"",""Humanshape""]","[""Forest"",""Grassland""]",gen8,401,False,"{""unresolved_abilities"":0,""unresolved_move_references"":0,""unresolved_capabilities"":0}"
panpour,Panpour,,,,,,,,True,True,complete,"[""Water""]","{""hp"":5,""attack"":5,""defense"":5,""special_attack"":5,""special_defense"":5,""speed"":6}","{""raw"":""2' 0\"" / 0.6m (Small)"",""meters"":0.6,""size_class"":""Small""}","{""raw"":""29.8 lbs / 13.5kg (2)"",""kg"":13.5,""weight_class"":2}","{""raw"":""87.5% M / 12.5% F"",""male_percent"":87.5,""female_percent"":12.5,""genderless"":false}","[""Field""]","[""Forest"",""Rainforest""]",gen8,671,False,"{""unresolved_abilities"":0,""unresolved_move_references"":0,""unresolved_capabilities"":0}"
pansage,Pansage,,,,,,,,True,True,complete,"[""Grass""]","{""hp"":5,""attack"":5,""defense"":5,""special_attack"":5,""special_defense"":5,""speed"":6}","{""raw"":""2' 0\"" / 0.6m (Small)"",""meters"":0.6,""size_class"":""Small""}","{""raw"":""23.1 lbs / 10.5kg (1)"",""kg"":10.5,""weight_class"":1}","{""raw"":""87.5% M / 12.5% F"",""male_percent"":87.5,""female_percent"":12.5,""genderless"":false}","[""Field""]","[""Forest"",""Rainforest""]",gen8,458,False,"{""unresolved_abilities"":0,""unresolved_move_references"":0,""unresolved_capabilities"":0}"
pansear,Pansear,,,,,,,,True,True,complete,"[""Fire""]","{""hp"":5,""attack"":5,""defense"":5,""special_attack"":5,""special_defense"":5,""speed"":6}","{""raw"":""2' 0\"" / 0.6m (Small)"",""meters"":0.6,""size_class"":""Small""}","{""raw"":""24.3 lbs / 11kg (1)"",""kg"":11.0,""weight_class"":1}","{""raw"":""87.5% M / 12.5% F"",""male_percent"":87.5,""female_percent"":12.5,""genderless"":false}","[""Field""]","[""Forest"",""Rainforest""]",gen8,416,False,"{""unresolved_abilities"":0,""unresolved_move_references"":0,""unresolved_capabilities"":0}"
paras,Paras,,,,,,,,True,True,complete,"[""Bug"",""Grass""]","{""hp"":4,""attack"":7,""defense"":6,""special_attack"":5,""special_defense"":6,""speed"":3}","{""raw"":""1' 0\"" / 0.3m (Small)"",""meters"":0.3,""size_class"":""Small""}","{""raw"":""11.9 lbs / 5.4kg (1)"",""kg"":5.4,""weight_class"":1}","{""raw"":""50% M / 50% F"",""male_percent"":50.0,""female_percent"":50.0,""genderless"":false}","[""Bug"",""Plant""]","[""Cave"",""Rainforest""]",gen8,302,False,"{""unresolved_abilities"":0,""unresolved_move_references"":0,""unresolved_capabilities"":0}"
parasect,Parasect,,,,,,,,True,True,complete,"[""Bug"",""Grass""]","{""hp"":6,""attack"":10,""defense"":8,""special_attack"":6,""special_defense"":8,""speed"":3}","{""raw"":""3' 3\"" / 1m (Medium)"",""meters"":1.0,""size_class"":""Medium""}","{""raw"":""65 lbs / 29.5kg (3)"",""kg"":29.5,""weight_class"":3}","{""raw"":""50% M / 50% F"",""male_percent"":50.0,""female_percent"":50.0,""genderless"":false}","[""Bug"",""Plant""]","[""Cave"",""Rainforest""]",gen8,303,False,"{""unresolved_abilities"":0,""unresolved_move_references"":0,""unresolved_capabilities"":0}"
passimian,Passimian,,,,,,,,True,True,complete,"[""Fighting""]","{""hp"":10,""attack"":12,""defense"":9,""special_attack"":4,""special_defense"":6,""speed"":8}","{""raw"":""6' 7\"" / 2m (Large)"",""meters"":2.0,""size_class"":""Large""}","{""raw"":""182.5 lbs / 82.8kg (4)"",""kg"":82.8,""weight_class"":4}","{""raw"":""50% M / 50% F"",""male_percent"":50.0,""female_percent"":50.0,""genderless"":false}","[""Field""]","[""Rainforest""]",gen8,708,False,"{""unresolved_abilities"":0,""unresolved_move_references"":1,""unresolved_capabilities"":0}"
patrat,Patrat,,,,,,,,True,True,complete,"[""Normal""]","{""hp"":5,""attack"":6,""defense"":4,""special_attack"":4,""special_defense"":4,""speed"":4}","{""raw"":""1' 8\"" / 0.5m (Small)"",""meters"":0.5,""size_class"":""Small""}","{""raw"":""25.6 lbs / 11.6kg (2)"",""kg"":11.6,""weight_class"":2}","{""raw"":""50% M / 50% F"",""male_percent"":50.0,""female_percent"":50.0,""genderless"":false}","[""Field""]","[""Forest"",""Grassland""]",gen8,547,False,"{""unresolved_abilities"":0,""unresolved_move_references"":0,""unresolved_capabilities"":0}"
pawniard,Pawniard,,,,,,,,True,True,complete,"[""Dark"",""Steel""]","{""hp"":5,""attack"":9,""defense"":7,""special_attack"":4,""special_defense"":4,""speed"":6}","{""raw"":""1' 8\"" / 0.5m (Small)"",""meters"":0.5,""size_class"":""Small""}","{""raw"":""22.5 lbs / 10.2kg (1)"",""kg"":10.2,""weight_class"":1}","{""raw"":""50% M / 50% F"",""male_percent"":50.0,""female_percent"":50.0,""genderless"":false}","[""Humanshape""]","[""Cave"",""Mountain""]",gen8,358,False,"{""unresolved_abilities"":0,""unresolved_move_references"":2,""unresolved_capabilities"":0}"
pelipper,Pelipper,,,,,,,,True,True,complete,"[""Water"",""Flying""]","{""hp"":6,""attack"":5,""defense"":10,""special_attack"":10,""special_defense"":7,""speed"":7}","{""raw"":""3' 11\"" / 1.2m (Medium)"",""meters"":1.2,""size_class"":""Medium""}","{""raw"":""61.7 lbs / 28kg (3)"",""kg"":28.0,""weight_class"":3}","{""raw"":""50% M / 50% F"",""male_percent"":50.0,""female_percent"":50.0,""genderless"":false}","[""Water 1"",""Flying""]","[""Beach""]",gen8,651,False,"{""unresolved_abilities"":0,""unresolved_move_references"":0,""unresolved_capabilities"":0}"
perrserker,Perrserker,,,,,,,,True,True,complete,"[""Steel""]","{""hp"":7,""attack"":11,""defense"":10,""special_attack"":5,""special_defense"":6,""speed"":5}","{""raw"":""2' 7\"" / 0.8m (Small)"",""meters"":0.8,""size_class"":""Small""}","{""raw"":""61.7 lbs / 28kg (3)"",""kg"":28.0,""weight_class"":3}","{""raw"":""50% M / 50% F"",""male_percent"":50.0,""female_percent"":50.0,""genderless"":false}","[""Field""]","[""Forest"",""Grassland""]",gen8,797,False,"{""unresolved_abilities"":1,""unresolved_move_references"":0,""unresolved_capabilities"":0}"
persian,Persian,,,,,,,,True,True,complete,"[""Normal""]","{""hp"":7,""attack"":7,""defense"":6,""special_attack"":7,""special_defense"":7,""speed"":12}","{""raw"":""3' 3\"" / 1m (Medium)"",""meters"":1.0,""size_class"":""Medium""}","{""raw"":""70.5 lbs / 32kg (3)"",""kg"":32.0,""weight_class"":3}","{""raw"":""50% M / 50% F"",""male_percent"":50.0,""female_percent"":50.0,""genderless"":false}","[""Field""]","[""Forest"",""Urban""]",gen8,518,False,"{""unresolved_abilities"":0,""unresolved_move_references"":0,""unresolved_capabilities"":0}"
persian-alola,PERSIAN Alola,,,,,,,,True,True,complete,"[""Dark""]","{""hp"":7,""attack"":6,""defense"":6,""special_attack"":8,""special_defense"":7,""speed"":12}","{""raw"":""3' 7\"" / 1.1m (Medium)"",""meters"":1.1,""size_class"":""Medium""}","{""raw"":""72.8 lbs / 33kg (3)"",""kg"":33.0,""weight_class"":3}","{""raw"":""50% M / 50% F"",""male_percent"":50.0,""female_percent"":50.0,""genderless"":false}","[""Field""]","[""Forest"",""Urban""]",gen8,790,False,"{""unresolved_abilities"":0,""unresolved_move_references"":0,""unresolved_capabilities"":0}"
petilil,Petilil,,,,,,,,True,True,complete,"[""Grass""]","{""hp"":5,""attack"":4,""defense"":5,""special_attack"":7,""special_defense"":5,""speed"":3}","{""raw"":""1' 8\"" / 0.5m (Small)"",""meters"":0.5,""size_class"":""Small""}","{""raw"":""14.6 lbs / 6.6kg (1)"",""kg"":6.6,""weight_class"":1}","{""raw"":""0% M / 100% F"",""male_percent"":0.0,""female_percent"":100.0,""genderless"":false}","[""Plant""]","[""Forest"",""Rainforest""]",gen8,462,False,"{""unresolved_abilities"":0,""unresolved_move_references"":0,""unresolved_capabilities"":0}"
phanpy,Phanpy,,,,,,,,True,True,complete,"[""Ground""]","{""hp"":9,""attack"":6,""defense"":6,""special_attack"":4,""special_defense"":4,""speed"":4}","{""raw"":""1' 8\"" / 0.5m (Small)"",""meters"":0.5,""size_class"":""Small""}","{""raw"":""73.9 lbs / 33.5kg (3)"",""kg"":33.5,""weight_class"":3}","{""raw"":""50% M / 50% F"",""male_percent"":50.0,""female_percent"":50.0,""genderless"":false}","[""Field""]","[""Desert"",""Forest"",""Mountain""]",gen8,488,False,"{""unresolved_abilities"":0,""unresolved_move_references"":0,""unresolved_capabilities"":0}"
phantump,Phantump,,,,,,,,True,True,complete,"[""Ghost"",""Grass""]","{""hp"":4,""attack"":7,""defense"":5,""special_attack"":5,""special_defense"":6,""speed"":4}","{""raw"":""1' 4\"" / 0.4m (Small)"",""meters"":0.4,""size_class"":""Small""}","{""raw"":""15.4 lbs / 7kg (1)"",""kg"":7.0,""weight_class"":1}","{""raw"":""50% M / 50% F"",""male_percent"":50.0,""female_percent"":50.0,""genderless"":false}","[""Plant"",""Indeterminate""]","[""Forest""]",gen8,435,False,"{""unresolved_abilities"":0,""unresolved_move_references"":0,""unresolved_capabilities"":0}"
pheromosa,Pheromosa,,,,,,,,True,True,complete,"[""Bug"",""Fighting""]","{""hp"":7,""attack"":14,""defense"":4,""special_attack"":14,""special_defense"":4,""speed"":15}","{""raw"":""5' 11\"" / 1.8m (Medium)"",""meters"":1.8,""size_class"":""Medium""}","{""raw"":""55.1 lbs / 25kg (3)"",""kg"":25.0,""weight_class"":3}","{""raw"":""No Gender"",""genderless"":true,""male_percent"":0.0,""female_percent"":0.0}","[""None""]","[""Ultra Space""]",gen8,949,False,"{""unresolved_abilities"":0,""unresolved_move_references"":0,""unresolved_capabilities"":0}"
phione,Phione,,,,,,,,True,True,complete,"[""Water""]","{""hp"":8,""attack"":8,""defense"":8,""special_attack"":8,""special_defense"":8,""speed"":8}","{""raw"":""1' 4\"" / 0.4m (Small)"",""meters"":0.4,""size_class"":""Small""}","{""raw"":""6.8 lbs / 3.1kg (1)"",""kg"":3.1,""weight_class"":1}","{""raw"":""No Gender"",""genderless"":true,""male_percent"":0.0,""female_percent"":0.0}","[""Water 1"",""Fairy""]","[""Ocean""]",gen8,901,False,"{""unresolved_abilities"":0,""unresolved_move_references"":0,""unresolved_capabilities"":0}"
pichu,Pichu,,,,,,,,True,True,complete,"[""Electric""]","{""hp"":2,""attack"":4,""defense"":2,""special_attack"":4,""special_defense"":4,""speed"":6}","{""raw"":""1' 0\"" / 0.3m (Small)"",""meters"":0.3,""size_class"":""Small""}","{""raw"":""4.4 lbs / 2kg (1)"",""kg"":2.0,""weight_class"":1}","{""raw"":""50% M / 50% F"",""male_percent"":50.0,""female_percent"":50.0,""genderless"":false}","[""Field"",""Fairy""]","[""Forest"",""Grassland"",""Urban""]",gen8,120,False,"{""unresolved_abilities"":0,""unresolved_move_references"":7,""unresolved_capabilities"":0}"
pidgeot,Pidgeot,,,,,,,,True,True,complete,"[""Normal"",""Flying""]","{""hp"":8,""attack"":8,""defense"":8,""special_attack"":7,""special_defense"":7,""speed"":10}","{""raw"":""4' 11\"" / 1.5m (Medium)"",""meters"":1.5,""size_class"":""Medium""}","{""raw"":""87.1 lbs / 39.5kg (3)"",""kg"":39.5,""weight_class"":3}","{""raw"":""50% M / 50% F"",""male_percent"":50.0,""female_percent"":50.0,""genderless"":false}","[""Flying""]","[""Forest""]",gen8,211,False,"{""unresolved_abilities"":0,""unresolved_move_references"":0,""unresolved_capabilities"":0}"
pidgeotto,Pidgeotto,,,,,,,,True,True,complete,"[""Normal"",""Flying""]","{""hp"":6,""attack"":6,""defense"":6,""special_attack"":5,""special_defense"":5,""speed"":7}","{""raw"":""3' 7\"" / 1.1m (Medium)"",""meters"":1.1,""size_class"":""Medium""}","{""raw"":""66.1 lbs / 30kg (3)"",""kg"":30.0,""weight_class"":3}","{""raw"":""50% M / 50% F"",""male_percent"":50.0,""female_percent"":50.0,""genderless"":false}","[""Flying""]","[""Forest""]",gen8,210,False,"{""unresolved_abilities"":0,""unresolved_move_references"":0,""unresolved_capabilities"":0}"
pidgey,Pidgey,,,,,,,,True,True,complete,"[""Normal"",""Flying""]","{""hp"":4,""attack"":5,""defense"":4,""special_attack"":4,""special_defense"":4,""speed"":6}","{""raw"":""1' 0\"" / 0.3m (Small)"",""meters"":0.3,""size_class"":""Small""}","{""raw"":""4 lbs / 1.8kg (1)"",""kg"":1.8,""weight_class"":1}","{""raw"":""50% M / 50% F"",""male_percent"":50.0,""female_percent"":50.0,""genderless"":false}","[""Flying""]","[""Forest"",""Urban""]",gen8,209,False,"{""unresolved_abilities"":0,""unresolved_move_references"":0,""unresolved_capabilities"":0}"
pidove,Pidove,,,,,,,,True,True,complete,"[""Normal"",""Flying""]","{""hp"":5,""attack"":6,""defense"":5,""special_attack"":4,""special_defense"":3,""speed"":4}","{""raw"":""1' 0\"" / 0.3m (Small)"",""meters"":0.3,""size_class"":""Small""}","{""raw"":""4.6 lbs / 2.1kg (1)"",""kg"":2.1,""weight_class"":1}","{""raw"":""50% M / 50% F"",""male_percent"":50.0,""female_percent"":50.0,""genderless"":false}","[""Flying""]","[""Forest"",""Grassland"",""Urban""]",gen8,233,False,"{""unresolved_abilities"":0,""unresolved_move_references"":0,""unresolved_capabilities"":0}"
pignite,Pignite,,,,,,,,True,True,complete,"[""Fire"",""Fighting""]","{""hp"":9,""attack"":9,""defense"":6,""special_attack"":7,""special_defense"":6,""speed"":6}","{""raw"":""3' 3\"" / 1m (Medium)"",""meters"":1.0,""size_class"":""Medium""}","{""raw"":""122.4 lbs / 55.5kg (4)"",""kg"":55.5,""weight_class"":4}","{""raw"":""87.5% M / 12.5% F"",""male_percent"":87.5,""female_percent"":12.5,""genderless"":false}","[""Field""]","[""Forest"",""Grassland"",""Mountain""]",gen8,53,False,"{""unresolved_abilities"":0,""unresolved_move_references"":0,""unresolved_capabilities"":0}"
pikachu,Pikachu,,,,,,,,True,True,complete,"[""Electric""]","{""hp"":4,""attack"":6,""defense"":4,""special_attack"":5,""special_defense"":5,""speed"":9}","{""raw"":""1' 4\"" / 0.4m (Small)"",""meters"":0.4,""size_class"":""Small""}","{""raw"":""13.2 lbs / 6kg (1)"",""kg"":6.0,""weight_class"":1}","{""raw"":""50% M / 50% F"",""male_percent"":50.0,""female_percent"":50.0,""genderless"":false}","[""Field"",""Fairy""]","[""Forest"",""Grassland"",""Urban""]",gen8,121,False,"{""unresolved_abilities"":0,""unresolved_move_references"":0,""unresolved_capabilities"":0}"
pikipek,Pikipek,,,,,,,,True,True,complete,"[""Normal"",""Flying""]","{""hp"":4,""attack"":8,""defense"":3,""special_attack"":3,""special_defense"":3,""speed"":7}","{""raw"":""1' 0\"" / 0.3m (Small)"",""meters"":0.3,""size_class"":""Small""}","{""raw"":""2.6 lbs / 1.2kg (1)"",""kg"":1.2,""weight_class"":1}","{""raw"":""50% M / 50% F"",""male_percent"":50.0,""female_percent"":50.0,""genderless"":false}","[""Flying""]","[""Forest"",""Grassland""]",gen8,236,False,"{""unresolved_abilities"":0,""unresolved_move_references"":0,""unresolved_capabilities"":0}"
piloswine,Piloswine,,,,,,,,True,True,complete,"[""Ice"",""Ground""]","{""hp"":10,""attack"":10,""defense"":8,""special_attack"":6,""special_defense"":6,""speed"":5}","{""raw"":""3' 7\"" / 1.1m (Medium)"",""meters"":1.1,""size_class"":""Medium""}","{""raw"":""123 lbs / 55.8kg (4)"",""kg"":55.8,""weight_class"":4}","{""raw"":""50% M / 50% F"",""male_percent"":50.0,""female_percent"":50.0,""genderless"":false}","[""Field""]","[""Cave"",""Taiga"",""Tundra""]",gen8,201,False,"{""unresolved_abilities"":0,""unresolved_move_references"":0,""unresolved_capabilities"":0}"
pincurchin,Pincurchin,,,,,,,,True,True,complete,"[""Electric""]","{""hp"":5,""attack"":10,""defense"":10,""special_attack"":9,""special_defense"":9,""speed"":2}","{""raw"":""1' 0\"" / 0.3m (Small)"",""meters"":0.3,""size_class"":""Small""}","{""raw"":""2.2 lbs / 1kg (1)"",""kg"":1.0,""weight_class"":1}","{""raw"":""50% M / 50% F"",""male_percent"":50.0,""female_percent"":50.0,""genderless"":false}","[""Water 1"",""Indeterminate""]","[""Ocean""]",gen8,702,False,"{""unresolved_abilities"":0,""unresolved_move_references"":0,""unresolved_capabilities"":0}"
pineco,Pineco,,,,,,,,True,True,complete,"[""Bug""]","{""hp"":5,""attack"":7,""defense"":9,""special_attack"":4,""special_defense"":4,""speed"":2}","{""raw"":""2' 0\"" / 0.6m (Small)"",""meters"":0.6,""size_class"":""Small""}","{""raw"":""15.9 lbs / 7.2kg (1)"",""kg"":7.2,""weight_class"":1}","{""raw"":""50% M / 50% F"",""male_percent"":50.0,""female_percent"":50.0,""genderless"":false}","[""Bug""]","[""Forest""]",gen8,314,False,"{""unresolved_abilities"":0,""unresolved_move_references"":0,""unresolved_capabilities"":0}"
pinsir,Pinsir,,,,,,,,True,True,complete,"[""Bug""]","{""hp"":7,""attack"":13,""defense"":10,""special_attack"":6,""special_defense"":7,""speed"":9}","{""raw"":""4' 11\"" / 1.5m (Medium)"",""meters"":1.5,""size_class"":""Medium""}","{""raw"":""121.3 lbs / 55kg (4)"",""kg"":55.0,""weight_class"":4}","{""raw"":""50% M / 50% F"",""male_percent"":50.0,""female_percent"":50.0,""genderless"":false}","[""Bug""]","[""Forest"",""Rainforest""]",gen8,685,False,"{""unresolved_abilities"":0,""unresolved_move_references"":0,""unresolved_capabilities"":0}"
piplup,Piplup,,,,,,,,True,True,complete,"[""Water""]","{""hp"":5,""attack"":5,""defense"":5,""special_attack"":6,""special_defense"":6,""speed"":4}","{""raw"":""1' 4\"" / 0.4m (Small)"",""meters"":0.4,""size_class"":""Small""}","{""raw"":""11.5 lbs / 5.2kg (1)"",""kg"":5.2,""weight_class"":1}","{""raw"":""87.5% M / 12.5% F"",""male_percent"":87.5,""female_percent"":12.5,""genderless"":false}","[""Water 1"",""Field""]","[""Beach"",""Taiga"",""Tundra""]",gen8,73,False,"{""unresolved_abilities"":0,""unresolved_move_references"":0,""unresolved_capabilities"":0}"
plusle,Plusle,,,,,,,,True,True,complete,"[""Electric""]","{""hp"":6,""attack"":5,""defense"":4,""special_attack"":9,""special_defense"":8,""speed"":10}","{""raw"":""1' 4\"" / 0.4m (Small)"",""meters"":0.4,""size_class"":""Small""}","{""raw"":""9.3 lbs / 4.2kg (1)"",""kg"":4.2,""weight_class"":1}","{""raw"":""50% M / 50% F"",""male_percent"":50.0,""female_percent"":50.0,""genderless"":false}","[""Fairy""]","[""Forest"",""Grassland"",""Urban""]",gen8,694,False,"{""unresolved_abilities"":0,""unresolved_move_references"":0,""unresolved_capabilities"":0}"
poipole,Poipole,,,,,,,,True,True,complete,"[""Poison""]","{""hp"":7,""attack"":7,""defense"":7,""special_attack"":7,""special_defense"":7,""speed"":7}","{""raw"":""2' 0\"" / 0.6m (Small)"",""meters"":0.6,""size_class"":""Small""}","{""raw"":""4 lbs / 1.8kg (1)"",""kg"":1.8,""weight_class"":1}","{""raw"":""No Gender"",""genderless"":true,""male_percent"":0.0,""female_percent"":0.0}","[""None""]","[""Ultra Space""]",gen8,954,False,"{""unresolved_abilities"":0,""unresolved_move_references"":0,""unresolved_capabilities"":0}"
politoed,Politoed,,,,,,,,True,True,complete,"[""Water""]","{""hp"":9,""attack"":8,""defense"":8,""special_attack"":9,""special_defense"":10,""speed"":7}","{""raw"":""3' 7\"" / 1.1m (Medium)"",""meters"":1.1,""size_class"":""Medium""}","{""raw"":""74.7 lbs / 33.9kg (2)"",""kg"":33.9,""weight_class"":2}","{""raw"":""50% M / 50% F"",""male_percent"":50.0,""female_percent"":50.0,""genderless"":false}","[""Water 1""]","[""Freshwater"",""Marsh""]",gen8,289,False,"{""unresolved_abilities"":0,""unresolved_move_references"":0,""unresolved_capabilities"":0}"
poliwag,Poliwag,,,,,,,,True,True,complete,"[""Water""]","{""hp"":4,""attack"":5,""defense"":4,""special_attack"":4,""special_defense"":4,""speed"":9}","{""raw"":""2' 0\"" / 0.6m (Small)"",""meters"":0.6,""size_class"":""Small""}","{""raw"":""27.3 lbs / 12.4kg (2)"",""kg"":12.4,""weight_class"":2}","{""raw"":""50% M / 50% F"",""male_percent"":50.0,""female_percent"":50.0,""genderless"":false}","[""Water 1""]","[""Freshwater"",""Marsh""]",gen8,286,False,"{""unresolved_abilities"":0,""unresolved_move_references"":0,""unresolved_capabilities"":0}"
poliwhirl,Poliwhirl,,,,,,,,True,True,complete,"[""Water""]","{""hp"":7,""attack"":7,""defense"":7,""special_attack"":5,""special_defense"":5,""speed"":9}","{""raw"":""3' 3\"" / 1m (Medium)"",""meters"":1.0,""size_class"":""Medium""}","{""raw"":""44.1 lbs / 20kg (2)"",""kg"":20.0,""weight_class"":2}","{""raw"":""50% M / 50% F"",""male_percent"":50.0,""female_percent"":50.0,""genderless"":false}","[""Water 1""]","[""Freshwater"",""Marsh""]",gen8,287,False,"{""unresolved_abilities"":0,""unresolved_move_references"":0,""unresolved_capabilities"":0}"
poliwrath,Poliwrath,,,,,,,,True,True,complete,"[""Water"",""Fighting""]","{""hp"":9,""attack"":10,""defense"":10,""special_attack"":7,""special_defense"":9,""speed"":7}","{""raw"":""4' 3\"" / 1.3m (Medium)"",""meters"":1.3,""size_class"":""Medium""}","{""raw"":""119 lbs / 54kg (4)"",""kg"":54.0,""weight_class"":4}","{""raw"":""50% M / 50% F"",""male_percent"":50.0,""female_percent"":50.0,""genderless"":false}","[""Water 1""]","[""Freshwater"",""Marsh""]",gen8,288,False,"{""unresolved_abilities"":0,""unresolved_move_references"":0,""unresolved_capabilities"":0}"
polteageist,Polteageist,,,,,,,,True,True,complete,"[""Ghost""]","{""hp"":6,""attack"":7,""defense"":7,""special_attack"":13,""special_defense"":11,""speed"":7}","{""raw"":""0' 8\"" / 0.2m (Small)"",""meters"":0.2,""size_class"":""Small""}","{""raw"":""0.9 lbs / 0.4kg (1)"",""kg"":0.4,""weight_class"":1}","{""raw"":""No Gender"",""genderless"":true,""male_percent"":0.0,""female_percent"":0.0}","[""Mineral"",""Indeterminate""]","[""Urban""]",gen8,442,False,"{""unresolved_abilities"":0,""unresolved_move_references"":0,""unresolved_capabilities"":0}"
pombon,Pombon,,,,,,,10,False,False,external_stub,"[""Fire""]",{},"{""raw"":""0.4m"",""meters"":0.4}","{""raw"":""6.7kg"",""kg"":6.7}","{""raw"":""""}",[],[],pokemon_winds_waves,,False,"{""unresolved_abilities"":0,""unresolved_move_references"":0,""unresolved_capabilities"":0}"
ponyta,Ponyta,,,,,,,,True,True,complete,"[""Fire""]","{""hp"":5,""attack"":9,""defense"":6,""special_attack"":7,""special_defense"":7,""speed"":9}","{""raw"":""3' 3\"" / 1m (Medium)"",""meters"":1.0,""size_class"":""Medium""}","{""raw"":""66.1 lbs / 30kg (3)"",""kg"":30.0,""weight_class"":3}","{""raw"":""50% M / 50% F"",""male_percent"":50.0,""female_percent"":50.0,""genderless"":false}","[""Field""]","[""Grassland""]",gen8,410,False,"{""unresolved_abilities"":0,""unresolved_move_references"":0,""unresolved_capabilities"":0}"
ponyta-galar,PONYTA Galar,,,,,,,,True,True,complete,"[""Psychic""]","{""hp"":5,""attack"":9,""defense"":6,""special_attack"":7,""special_defense"":7,""speed"":9}","{""raw"":""2' 7\"" / 0.8m (Small)"",""meters"":0.8,""size_class"":""Small""}","{""raw"":""52.9 lbs / 24kg (2)"",""kg"":24.0,""weight_class"":2}","{""raw"":""50% M / 50% F"",""male_percent"":50.0,""female_percent"":50.0,""genderless"":false}","[""Field""]","[""Forest""]",gen8,798,False,"{""unresolved_abilities"":0,""unresolved_move_references"":0,""unresolved_capabilities"":0}"
poochyena,Poochyena,,,,,,,,True,True,complete,"[""Dark""]","{""hp"":4,""attack"":6,""defense"":4,""special_attack"":3,""special_defense"":3,""speed"":4}","{""raw"":""1' 8\"" / 0.5m (Small)"",""meters"":0.5,""size_class"":""Small""}","{""raw"":""30 lbs / 13.6kg (2)"",""kg"":13.6,""weight_class"":2}","{""raw"":""50% M / 50% F"",""male_percent"":50.0,""female_percent"":50.0,""genderless"":false}","[""Field""]","[""Forest"",""Grassland""]",gen8,350,False,"{""unresolved_abilities"":0,""unresolved_move_references"":0,""unresolved_capabilities"":0}"
popplio,Popplio,,,,,,,,True,True,complete,"[""Water""]","{""hp"":5,""attack"":5,""defense"":5,""special_attack"":7,""special_defense"":6,""speed"":4}","{""raw"":""1' 4\"" / 0.4m (Small)"",""meters"":0.4,""size_class"":""Small""}","{""raw"":""16.5 lbs / 7.5kg (1)"",""kg"":7.5,""weight_class"":1}","{""raw"":""87.5% M / 12.5% F"",""male_percent"":87.5,""female_percent"":12.5,""genderless"":false}","[""Water 1"",""Field""]","[""Beach"",""Ocean""]",gen8,82,False,"{""unresolved_abilities"":0,""unresolved_move_references"":0,""unresolved_capabilities"":0}"
porygon,Porygon,,,,,,,,True,True,complete,"[""Normal""]","{""hp"":7,""attack"":6,""defense"":7,""special_attack"":9,""special_defense"":8,""speed"":4}","{""raw"":""2' 7\"" / 0.8m (Small)"",""meters"":0.8,""size_class"":""Small""}","{""raw"":""80.5 lbs / 36.5kg (3)"",""kg"":36.5,""weight_class"":3}","{""raw"":""No Gender"",""genderless"":true,""male_percent"":0.0,""female_percent"":0.0}","[""None""]","[""Urban""]",gen8,218,False,"{""unresolved_abilities"":0,""unresolved_move_references"":0,""unresolved_capabilities"":1}"
porygon-z,Porygon-Z,,,,,,,,True,True,complete,"[""Normal""]","{""hp"":9,""attack"":8,""defense"":7,""special_attack"":14,""special_defense"":8,""speed"":9}","{""raw"":""2' 11\"" / 0.9m (Small)"",""meters"":0.9,""size_class"":""Small""}","{""raw"":""75 lbs / 34kg (3)"",""kg"":34.0,""weight_class"":3}","{""raw"":""No Gender"",""genderless"":true,""male_percent"":0.0,""female_percent"":0.0}","[""None""]","[""Urban""]",gen8,220,False,"{""unresolved_abilities"":0,""unresolved_move_references"":0,""unresolved_capabilities"":1}"
porygon2,Porygon2,,,,,,,,True,True,complete,"[""Normal""]","{""hp"":9,""attack"":8,""defense"":9,""special_attack"":11,""special_defense"":10,""speed"":6}","{""raw"":""2' 0\"" / 0.6m (Small)"",""meters"":0.6,""size_class"":""Small""}","{""raw"":""71.7 lbs / 32.5kg (3)"",""kg"":32.5,""weight_class"":3}","{""raw"":""No Gender"",""genderless"":true,""male_percent"":0.0,""female_percent"":0.0}","[""None""]","[""Urban""]",gen8,219,False,"{""unresolved_abilities"":0,""unresolved_move_references"":0,""unresolved_capabilities"":1}"
primarina,Primarina,,,,,,,,True,True,complete,"[""Water"",""Fairy""]","{""hp"":8,""attack"":7,""defense"":7,""special_attack"":13,""special_defense"":12,""speed"":6}","{""raw"":""5' 11\"" / 1.8m (Medium)"",""meters"":1.8,""size_class"":""Medium""}","{""raw"":""97 lbs / 44kg (3)"",""kg"":44.0,""weight_class"":3}","{""raw"":""87.5% M / 12.5% F"",""male_percent"":87.5,""female_percent"":12.5,""genderless"":false}","[""Water 1"",""Field""]","[""Beach"",""Ocean""]",gen8,84,False,"{""unresolved_abilities"":0,""unresolved_move_references"":0,""unresolved_capabilities"":0}"
primeape,Primeape,,,,,,,,True,True,complete,"[""Fighting""]","{""hp"":7,""attack"":11,""defense"":6,""special_attack"":6,""special_defense"":7,""speed"":10}","{""raw"":""3' 3\"" / 1m (Medium)"",""meters"":1.0,""size_class"":""Medium""}","{""raw"":""70.5 lbs / 32kg (3)"",""kg"":32.0,""weight_class"":3}","{""raw"":""50% M / 50% F"",""male_percent"":50.0,""female_percent"":50.0,""genderless"":false}","[""Field""]","[""Forest"",""Grassland"",""Mountain"",""Rainforest""]",gen8,387,False,"{""unresolved_abilities"":0,""unresolved_move_references"":0,""unresolved_capabilities"":0}"
prinplup,Prinplup,,,,,,,,True,True,complete,"[""Water""]","{""hp"":6,""attack"":7,""defense"":7,""special_attack"":8,""special_defense"":8,""speed"":5}","{""raw"":""2' 7\"" / 0.8m (Small)"",""meters"":0.8,""size_class"":""Small""}","{""raw"":""50.7 lbs / 23kg (2)"",""kg"":23.0,""weight_class"":2}","{""raw"":""87.5% M / 12.5% F"",""male_percent"":87.5,""female_percent"":12.5,""genderless"":false}","[""Water 1"",""Field""]","[""Beach"",""Taiga"",""Tundra""]",gen8,74,False,"{""unresolved_abilities"":0,""unresolved_move_references"":0,""unresolved_capabilities"":0}"
probopass,Probopass,,,,,,,,True,True,complete,"[""Rock"",""Steel""]","{""hp"":6,""attack"":6,""defense"":15,""special_attack"":8,""special_defense"":15,""speed"":4}","{""raw"":""4' 7\"" / 1.4m (Medium)"",""meters"":1.4,""size_class"":""Medium""}","{""raw"":""749.6 lbs / 340kg (6)"",""kg"":340.0,""weight_class"":6}","{""raw"":""50% M / 50% F"",""male_percent"":50.0,""female_percent"":50.0,""genderless"":false}","[""Mineral""]","[""Mountain""]",gen8,610,False,"{""unresolved_abilities"":0,""unresolved_move_references"":1,""unresolved_capabilities"":0}"
psyduck,Psyduck,,,,,,,,True,True,complete,"[""Water""]","{""hp"":5,""attack"":5,""defense"":5,""special_attack"":7,""special_defense"":5,""speed"":6}","{""raw"":""2' 7\"" / 0.8m (Small)"",""meters"":0.8,""size_class"":""Small""}","{""raw"":""43.2 lbs / 19.6kg (2)"",""kg"":19.6,""weight_class"":2}","{""raw"":""50% M / 50% F"",""male_percent"":50.0,""female_percent"":50.0,""genderless"":false}","[""Water 1"",""Field""]","[""Beach"",""Freshwater""]",gen8,623,False,"{""unresolved_abilities"":0,""unresolved_move_references"":0,""unresolved_capabilities"":0}"
pumpkaboo,Pumpkaboo,,,,,,,,True,True,complete,"[""Ghost"",""Grass""]","{""hp"":4,""attack"":7,""defense"":7,""special_attack"":4,""special_defense"":6,""speed"":6}","{""raw"":""1' 0\"" - 2' 7\"" / 0.3m - 0.8m (Small)"",""meters"":0.3,""size_class"":""Small""}","{""raw"":""7.7 lbs - 33.1 lbs / 3.5kg (1) - 15kg (2)"",""kg"":3.5,""weight_class"":2}","{""raw"":""50% M / 50% F"",""male_percent"":50.0,""female_percent"":50.0,""genderless"":false}","[""Indeterminate""]","[""Forest"",""Grassland""]",gen8,437,False,"{""unresolved_abilities"":0,""unresolved_move_references"":1,""unresolved_capabilities"":0}"
pupitar,Pupitar,,,,,,,,True,True,complete,"[""Rock"",""Ground""]","{""hp"":7,""attack"":8,""defense"":7,""special_attack"":7,""special_defense"":7,""speed"":5}","{""raw"":""3' 11\"" / 1.2m (Medium)"",""meters"":1.2,""size_class"":""Medium""}","{""raw"":""335.1 lbs / 152kg (5)"",""kg"":152.0,""weight_class"":5}","{""raw"":""50% M / 50% F"",""male_percent"":50.0,""female_percent"":50.0,""genderless"":false}","[""Monster""]","[""Cave"",""Mountain""]",gen8,842,False,"{""unresolved_abilities"":0,""unresolved_move_references"":0,""unresolved_capabilities"":0}"
purrloin,Purrloin,,,,,,,,True,True,complete,"[""Dark""]","{""hp"":4,""attack"":5,""defense"":4,""special_attack"":5,""special_defense"":4,""speed"":7}","{""raw"":""1' 4\"" / 0.4m (Small)"",""meters"":0.4,""size_class"":""Small""}","{""raw"":""22.3 lbs / 10.1kg (1)"",""kg"":10.1,""weight_class"":1}","{""raw"":""50% M / 50% F"",""male_percent"":50.0,""female_percent"":50.0,""genderless"":false}","[""Field""]","[""Forest"",""Grassland"",""Rainforest"",""Urban""]",gen8,352,False,"{""unresolved_abilities"":0,""unresolved_move_references"":2,""unresolved_capabilities"":0}"
purugly,Purugly,,,,,,,,True,True,complete,"[""Normal""]","{""hp"":7,""attack"":8,""defense"":6,""special_attack"":6,""special_defense"":6,""speed"":11}","{""raw"":""3' 3\"" / 1m (Medium)"",""meters"":1.0,""size_class"":""Medium""}","{""raw"":""96.6 lbs / 43.8kg (3)"",""kg"":43.8,""weight_class"":3}","{""raw"":""25% M / 75% F"",""male_percent"":25.0,""female_percent"":75.0,""genderless"":false}","[""Field""]","[""Forest"",""Grassland"",""Urban""]",gen8,546,False,"{""unresolved_abilities"":0,""unresolved_move_references"":0,""unresolved_capabilities"":0}"
pyroar,Pyroar,,,,,,,,True,True,complete,"[""Fire"",""Normal""]","{""hp"":9,""attack"":7,""defense"":7,""special_attack"":11,""special_defense"":7,""speed"":11}","{""raw"":""4' 11\"" / 1.5m (Medium)"",""meters"":1.5,""size_class"":""Medium""}","{""raw"":""179.7 lbs / 81.5kg (4)"",""kg"":81.5,""weight_class"":4}","{""raw"":""50% M / 50% F"",""male_percent"":50.0,""female_percent"":50.0,""genderless"":false}","[""Field""]","[""Grassland""]",gen8,422,False,"{""unresolved_abilities"":0,""unresolved_move_references"":2,""unresolved_capabilities"":0}"
pyukumuku,Pyukumuku,,,,,,,,True,True,complete,"[""Water""]","{""hp"":6,""attack"":6,""defense"":13,""special_attack"":3,""special_defense"":13,""speed"":1}","{""raw"":""1' 0\"" / 0.3m (Small)"",""meters"":0.3,""size_class"":""Small""}","{""raw"":""2.6 lbs / 1.2kg (1)"",""kg"":1.2,""weight_class"":1}","{""raw"":""50% M / 50% F"",""male_percent"":50.0,""female_percent"":50.0,""genderless"":false}","[""Water 1""]","[""Beach"",""Ocean""]",gen8,768,False,"{""unresolved_abilities"":0,""unresolved_move_references"":0,""unresolved_capabilities"":0}"
quagsire,Quagsire,,,,,,,,True,True,complete,"[""Water"",""Ground""]","{""hp"":10,""attack"":9,""defense"":9,""special_attack"":7,""special_defense"":7,""speed"":4}","{""raw"":""4' 7\"" / 1.4m (Medium)"",""meters"":1.4,""size_class"":""Medium""}","{""raw"":""165.3 lbs / 75kg (4)"",""kg"":75.0,""weight_class"":4}","{""raw"":""50% M / 50% F"",""male_percent"":50.0,""female_percent"":50.0,""genderless"":false}","[""Water 1"",""Field""]","[""Freshwater"",""Marsh""]",gen8,645,False,"{""unresolved_abilities"":0,""unresolved_move_references"":0,""unresolved_capabilities"":0}"
quilava,Quilava,,,,,,,,True,True,complete,"[""Fire""]","{""hp"":6,""attack"":6,""defense"":6,""special_attack"":8,""special_defense"":7,""speed"":8}","{""raw"":""2' 11\"" / 0.9m (Small)"",""meters"":0.9,""size_class"":""Small""}","{""raw"":""41.9 lbs / 19kg (2)"",""kg"":19.0,""weight_class"":2}","{""raw"":""87.5% M / 12.5% F"",""male_percent"":87.5,""female_percent"":12.5,""genderless"":false}","[""Field""]","[""Cave"",""Mountain""]",gen8,44,False,"{""unresolved_abilities"":0,""unresolved_move_references"":0,""unresolved_capabilities"":0}"
quilladin,Quilladin,,,,,,,,True,True,complete,"[""Grass""]","{""hp"":6,""attack"":8,""defense"":10,""special_attack"":6,""special_defense"":6,""speed"":6}","{""raw"":""2' 4\"" / 0.7m (Small)"",""meters"":0.7,""size_class"":""Small""}","{""raw"":""63.9 lbs / 29kg (3)"",""kg"":29.0,""weight_class"":3}","{""raw"":""87.5% M / 12.5% F"",""male_percent"":87.5,""female_percent"":12.5,""genderless"":false}","[""Field""]","[""Forest"",""Grassland"",""Rainforest""]",gen8,32,False,"{""unresolved_abilities"":0,""unresolved_move_references"":0,""unresolved_capabilities"":0}"
qwilfish,Qwilfish,,,,,,,,True,True,complete,"[""Water"",""Poison""]","{""hp"":7,""attack"":10,""defense"":9,""special_attack"":6,""special_defense"":6,""speed"":9}","{""raw"":""1' 8\"" / 0.5m (Small)"",""meters"":0.5,""size_class"":""Small""}","{""raw"":""8.6 lbs / 3.9kg (1)"",""kg"":3.9,""weight_class"":1}","{""raw"":""50% M / 50% F"",""male_percent"":50.0,""female_percent"":50.0,""genderless"":false}","[""Water 2""]","[""Ocean""]",gen8,760,False,"{""unresolved_abilities"":0,""unresolved_move_references"":0,""unresolved_capabilities"":0}"
raboot,Raboot,,,,,,,,True,True,complete,"[""Fire""]","{""hp"":7,""attack"":9,""defense"":6,""special_attack"":6,""special_defense"":6,""speed"":9}","{""raw"":""2' 0\"" / 0.6m (Small)"",""meters"":0.6,""size_class"":""Small""}","{""raw"":""19.8 lbs / 9kg (1)"",""kg"":9.0,""weight_class"":1}","{""raw"":""87.5% M / 12.5% F"",""male_percent"":87.5,""female_percent"":12.5,""genderless"":false}","[""Field"",""Humanshape""]","[""Grassland""]",gen8,62,False,"{""unresolved_abilities"":0,""unresolved_move_references"":3,""unresolved_capabilities"":0}"
raichu,Raichu,,,,,,,,True,True,complete,"[""Electric""]","{""hp"":6,""attack"":9,""defense"":6,""special_attack"":9,""special_defense"":8,""speed"":11}","{""raw"":""2' 7\"" / 0.8m (Small)"",""meters"":0.8,""size_class"":""Small""}","{""raw"":""66.1 lbs / 30kg (3)"",""kg"":30.0,""weight_class"":3}","{""raw"":""50% M / 50% F"",""male_percent"":50.0,""female_percent"":50.0,""genderless"":false}","[""Field"",""Fairy""]","[""Forest""]",gen8,122,False,"{""unresolved_abilities"":0,""unresolved_move_references"":0,""unresolved_capabilities"":0}"
raichu-alola,RAICHU Alola,,,,,,,,True,True,complete,"[""Electric"",""Psychic""]","{""hp"":6,""attack"":9,""defense"":5,""special_attack"":10,""special_defense"":9,""speed"":11}","{""raw"":""2' 4\"" / 0.7m (Small)"",""meters"":0.7,""size_class"":""Small""}","{""raw"":""46.3 lbs / 21kg (2)"",""kg"":21.0,""weight_class"":2}","{""raw"":""50% M / 50% F"",""male_percent"":50.0,""female_percent"":50.0,""genderless"":false}","[""Field"",""Fairy""]","[""Urban""]",gen8,123,False,"{""unresolved_abilities"":0,""unresolved_move_references"":0,""unresolved_capabilities"":0}"
raikou,Raikou,,,,,,,,True,True,complete,"[""Electric""]","{""hp"":9,""attack"":9,""defense"":8,""special_attack"":12,""special_defense"":10,""speed"":12}","{""raw"":""6' 3\"" / 1.9m (Large)"",""meters"":1.9,""size_class"":""Large""}","{""raw"":""392.4 lbs / 178kg (5)"",""kg"":178.0,""weight_class"":5}","{""raw"":""No Gender"",""genderless"":true,""male_percent"":0.0,""female_percent"":0.0}","[""None""]","[""Grassland"",""Mountain""]",gen8,871,False,"{""unresolved_abilities"":0,""unresolved_move_references"":0,""unresolved_capabilities"":0}"
ralts,Ralts,,,,,,,,True,True,complete,"[""Psychic"",""Fairy""]","{""hp"":3,""attack"":3,""defense"":3,""special_attack"":5,""special_defense"":4,""speed"":4}","{""raw"":""1' 4\"" / 0.4m (Small)"",""meters"":0.4,""size_class"":""Small""}","{""raw"":""14.6 lbs / 6.6kg (1)"",""kg"":6.6,""weight_class"":1}","{""raw"":""50% M / 50% F"",""male_percent"":50.0,""female_percent"":50.0,""genderless"":false}","[""Indeterminate""]","[""Forest"",""Urban""]",gen8,255,False,"{""unresolved_abilities"":0,""unresolved_move_references"":0,""unresolved_capabilities"":0}"
rampardos,Rampardos,,,,,,,,True,True,complete,"[""Rock""]","{""hp"":10,""attack"":17,""defense"":6,""special_attack"":7,""special_defense"":5,""speed"":6}","{""raw"":""5' 3\"" / 1.6m (Medium)"",""meters"":1.6,""size_class"":""Medium""}","{""raw"":""226 lbs / 102.5kg (5)"",""kg"":102.5,""weight_class"":5}","{""raw"":""87.5% M / 12.5% F"",""male_percent"":87.5,""female_percent"":12.5,""genderless"":false}","[""Monster""]","[""Cave"",""Mountain""]",gen8,822,False,"{""unresolved_abilities"":0,""unresolved_move_references"":0,""unresolved_capabilities"":0}"
rapidash,Rapidash,,,,,,,,True,True,complete,"[""Fire""]","{""hp"":7,""attack"":10,""defense"":7,""special_attack"":8,""special_defense"":8,""speed"":11}","{""raw"":""5' 7\"" / 1.7m (Large)"",""meters"":1.7,""size_class"":""Large""}","{""raw"":""209.4 lbs / 95kg (4)"",""kg"":95.0,""weight_class"":4}","{""raw"":""50% M / 50% F"",""male_percent"":50.0,""female_percent"":50.0,""genderless"":false}","[""Field""]","[""Grassland""]",gen8,411,False,"{""unresolved_abilities"":0,""unresolved_move_references"":0,""unresolved_capabilities"":0}"
rapidash-galar,RAPIDASH Galar,,,,,,,,True,True,complete,"[""Psychic"",""Fairy""]","{""hp"":7,""attack"":10,""defense"":7,""special_attack"":8,""special_defense"":8,""speed"":11}","{""raw"":""5' 7\"" / 1.7m (Large)"",""meters"":1.7,""size_class"":""Large""}","{""raw"":""176.4 lbs / 80kg (4)"",""kg"":80.0,""weight_class"":4}","{""raw"":""50% M / 50% F"",""male_percent"":50.0,""female_percent"":50.0,""genderless"":false}","[""Field""]","[""Forest""]",gen8,799,False,"{""unresolved_abilities"":0,""unresolved_move_references"":0,""unresolved_capabilities"":0}"
raticate,Raticate,,,,,,,,True,True,complete,"[""Normal""]","{""hp"":6,""attack"":8,""defense"":6,""special_attack"":5,""special_defense"":7,""speed"":10}","{""raw"":""2' 4\"" / 0.7m (Small)"",""meters"":0.7,""size_class"":""Small""}","{""raw"":""40.8 lbs / 18.5kg (2)"",""kg"":18.5,""weight_class"":2}","{""raw"":""50% M / 50% F"",""male_percent"":50.0,""female_percent"":50.0,""genderless"":false}","[""Field""]","[""Cave"",""Forest"",""Grassland"",""Mountain"",""Urban""]",gen8,514,False,"{""unresolved_abilities"":0,""unresolved_move_references"":0,""unresolved_capabilities"":0}"
raticate-alola,RATICATE Alola,,,,,,,,True,True,complete,"[""Dark"",""Normal""]","{""hp"":6,""attack"":8,""defense"":6,""special_attack"":5,""special_defense"":7,""speed"":10}","{""raw"":""2' 4\"" / 0.7m (Small)"",""meters"":0.7,""size_class"":""Small""}","{""raw"":""56.2 lbs / 25.5kg (3)"",""kg"":25.5,""weight_class"":3}","{""raw"":""50% M / 50% F"",""male_percent"":50.0,""female_percent"":50.0,""genderless"":false}","[""Field""]","[""Cave"",""Grassland"",""Urban""]",gen8,782,False,"{""unresolved_abilities"":0,""unresolved_move_references"":0,""unresolved_capabilities"":1}"
rattata,Rattata,,,,,,,,True,True,complete,"[""Normal""]","{""hp"":3,""attack"":6,""defense"":4,""special_attack"":3,""special_defense"":4,""speed"":7}","{""raw"":""1' 0\"" / 0.3m (Small)"",""meters"":0.3,""size_class"":""Small""}","{""raw"":""7.7 lbs / 3.5kg (1)"",""kg"":3.5,""weight_class"":1}","{""raw"":""50% M / 50% F"",""male_percent"":50.0,""female_percent"":50.0,""genderless"":false}","[""Field""]","[""Cave"",""Forest"",""Grassland"",""Mountain"",""Urban""]",gen8,513,False,"{""unresolved_abilities"":0,""unresolved_move_references"":0,""unresolved_capabilities"":0}"
rattata-alola,RATTATA Alola,,,,,,,,True,True,complete,"[""Dark"",""Normal""]","{""hp"":3,""attack"":6,""defense"":4,""special_attack"":3,""special_defense"":4,""speed"":7}","{""raw"":""1' 0\"" / 0.3m (Small)"",""meters"":0.3,""size_class"":""Small""}","{""raw"":""8.4 lbs / 3.8kg (1)"",""kg"":3.8,""weight_class"":1}","{""raw"":""50% M / 50% F"",""male_percent"":50.0,""female_percent"":50.0,""genderless"":false}","[""Field""]","[""Cave"",""Grassland"",""Urban""]",gen8,781,False,"{""unresolved_abilities"":0,""unresolved_move_references"":0,""unresolved_capabilities"":0}"
rayquaza,Rayquaza,,,,,,,,True,True,complete,"[""Dragon"",""Flying""]","{""hp"":11,""attack"":15,""defense"":9,""special_attack"":15,""special_defense"":9,""speed"":10}","{""raw"":""23' 0\"" / 7m (Gigantic)"",""meters"":7.0,""size_class"":""Gigantic""}","{""raw"":""455.3 lbs / 206.5kg (6)"",""kg"":206.5,""weight_class"":6}","{""raw"":""No Gender"",""genderless"":true,""male_percent"":0.0,""female_percent"":0.0}","[""None""]","[""Mountain""]",gen8,885,False,"{""unresolved_abilities"":0,""unresolved_move_references"":0,""unresolved_capabilities"":0}"
regice,Regice,,,,,,,,True,True,complete,"[""Ice""]","{""hp"":8,""attack"":5,""defense"":10,""special_attack"":10,""special_defense"":20,""speed"":5}","{""raw"":""5' 11\"" / 1.8m (Medium)"",""meters"":1.8,""size_class"":""Medium""}","{""raw"":""385.8 lbs / 175kg (5)"",""kg"":175.0,""weight_class"":5}","{""raw"":""No Gender"",""genderless"":true,""male_percent"":0.0,""female_percent"":0.0}","[""None""]","[""Taiga"",""Tundra""]",gen8,878,False,"{""unresolved_abilities"":0,""unresolved_move_references"":0,""unresolved_capabilities"":2}"
regigigas,Regigigas,,,,,,,,True,True,complete,"[""Normal""]","{""hp"":11,""attack"":16,""defense"":11,""special_attack"":8,""special_defense"":11,""speed"":10}","{""raw"":""12' 2\"" / 3.7m (Huge)"",""meters"":3.7,""size_class"":""Huge""}","{""raw"":""925.9 lbs / 420kg (6)"",""kg"":420.0,""weight_class"":6}","{""raw"":""No Gender"",""genderless"":true,""male_percent"":0.0,""female_percent"":0.0}","[""None""]","[""Cave"",""Mountain"",""Tundra""]",gen8,880,False,"{""unresolved_abilities"":0,""unresolved_move_references"":0,""unresolved_capabilities"":1}"
regirock,Regirock,,,,,,,,True,True,complete,"[""Rock""]","{""hp"":8,""attack"":10,""defense"":20,""special_attack"":5,""special_defense"":10,""speed"":5}","{""raw"":""5' 7\"" / 1.7m (Medium)"",""meters"":1.7,""size_class"":""Medium""}","{""raw"":""507.1 lbs / 230kg (6)"",""kg"":230.0,""weight_class"":6}","{""raw"":""No Gender"",""genderless"":true,""male_percent"":0.0,""female_percent"":0.0}","[""None""]","[""Cave"",""Mountain""]",gen8,877,False,"{""unresolved_abilities"":0,""unresolved_move_references"":0,""unresolved_capabilities"":1}"
registeel,Registeel,,,,,,,,True,True,complete,"[""Steel""]","{""hp"":8,""attack"":8,""defense"":15,""special_attack"":8,""special_defense"":15,""speed"":5}","{""raw"":""6' 3\"" / 1.9m (Large)"",""meters"":1.9,""size_class"":""Large""}","{""raw"":""451.9 lbs / 205kg (6)"",""kg"":205.0,""weight_class"":6}","{""raw"":""No Gender"",""genderless"":true,""male_percent"":0.0,""female_percent"":0.0}","[""None""]","[""Cave"",""Mountain""]",gen8,879,False,"{""unresolved_abilities"":0,""unresolved_move_references"":0,""unresolved_capabilities"":1}"
relicanth,Relicanth,,,,,,,,True,True,complete,"[""Water"",""Rock""]","{""hp"":10,""attack"":9,""defense"":13,""special_attack"":5,""special_defense"":7,""speed"":6}","{""raw"":""3' 3\"" / 1m (Medium)"",""meters"":1.0,""size_class"":""Medium""}","{""raw"":""51.6 lbs / 23.4kg (2)"",""kg"":23.4,""weight_class"":2}","{""raw"":""87.5% M / 12.5% F"",""male_percent"":87.5,""female_percent"":12.5,""genderless"":false}","[""Water 1"",""Water 2""]","[""Ocean""]",gen8,762,False,"{""unresolved_abilities"":0,""unresolved_move_references"":0,""unresolved_capabilities"":0}"
remoraid,Remoraid,,,,,,,,True,True,complete,"[""Water""]","{""hp"":4,""attack"":7,""defense"":4,""special_attack"":7,""special_defense"":4,""speed"":7}","{""raw"":""2' 0\"" / 0.6m (Small)"",""meters"":0.6,""size_class"":""Small""}","{""raw"":""26.5 lbs / 12kg (2)"",""kg"":12.0,""weight_class"":2}","{""raw"":""50% M / 50% F"",""male_percent"":50.0,""female_percent"":50.0,""genderless"":false}","[""Water 1"",""Water 2""]","[""Ocean""]",gen8,646,False,"{""unresolved_abilities"":0,""unresolved_move_references"":0,""unresolved_capabilities"":0}"
reshiram,Reshiram,,,,,,,,True,True,complete,"[""Dragon"",""Fire""]","{""hp"":10,""attack"":12,""defense"":10,""special_attack"":15,""special_defense"":12,""speed"":9}","{""raw"":""10' 6\"" / 3.2m (Huge)"",""meters"":3.2,""size_class"":""Huge""}","{""raw"":""727.5 lbs / 330kg (6)"",""kg"":330.0,""weight_class"":6}","{""raw"":""No Gender"",""genderless"":true,""male_percent"":0.0,""female_percent"":0.0}","[""None""]","[""Non-Space""]",gen8,917,False,"{""unresolved_abilities"":0,""unresolved_move_references"":0,""unresolved_capabilities"":0}"
reuniclus,Reuniclus,,,,,,,,True,True,complete,"[""Psychic""]","{""hp"":11,""attack"":7,""defense"":8,""special_attack"":13,""special_defense"":9,""speed"":3}","{""raw"":""3' 3\"" / 1m (Medium)"",""meters"":1.0,""size_class"":""Medium""}","{""raw"":""44.3 lbs / 20.1kg (2)"",""kg"":20.1,""weight_class"":2}","{""raw"":""50% M / 50% F"",""male_percent"":50.0,""female_percent"":50.0,""genderless"":false}","[""Indeterminate""]","[""Cave"",""Forest""]",gen8,264,False,"{""unresolved_abilities"":0,""unresolved_move_references"":0,""unresolved_capabilities"":0}"
rhydon,Rhydon,,,,,,,,True,True,complete,"[""Ground"",""Rock""]","{""hp"":11,""attack"":13,""defense"":12,""special_attack"":5,""special_defense"":5,""speed"":4}","{""raw"":""6' 3\"" / 1.9m (Large)"",""meters"":1.9,""size_class"":""Large""}","{""raw"":""264.6 lbs / 120kg (5)"",""kg"":120.0,""weight_class"":5}","{""raw"":""50% M / 50% F"",""male_percent"":50.0,""female_percent"":50.0,""genderless"":false}","[""Monster"",""Field""]","[""Cave"",""Grassland"",""Mountain""]",gen8,192,False,"{""unresolved_abilities"":0,""unresolved_move_references"":0,""unresolved_capabilities"":0}"
rhyhorn,Rhyhorn,,,,,,,,True,True,complete,"[""Ground"",""Rock""]","{""hp"":8,""attack"":9,""defense"":10,""special_attack"":3,""special_defense"":3,""speed"":3}","{""raw"":""3' 3\"" / 1m (Medium)"",""meters"":1.0,""size_class"":""Medium""}","{""raw"":""253.5 lbs / 115kg (5)"",""kg"":115.0,""weight_class"":5}","{""raw"":""50% M / 50% F"",""male_percent"":50.0,""female_percent"":50.0,""genderless"":false}","[""Monster"",""Field""]","[""Cave"",""Grassland"",""Mountain""]",gen8,191,False,"{""unresolved_abilities"":0,""unresolved_move_references"":0,""unresolved_capabilities"":0}"
rhyperior,Rhyperior,,,,,,,,True,True,complete,"[""Ground"",""Rock""]","{""hp"":12,""attack"":14,""defense"":13,""special_attack"":6,""special_defense"":6,""speed"":4}","{""raw"":""7' 10\"" / 2.4m (Large)"",""meters"":2.4,""size_class"":""Large""}","{""raw"":""264.6 lbs / 120kg (5)"",""kg"":120.0,""weight_class"":5}","{""raw"":""50% M / 50% F"",""male_percent"":50.0,""female_percent"":50.0,""genderless"":false}","[""Monster"",""Field""]","[""Mountain""]",gen8,193,False,"{""unresolved_abilities"":0,""unresolved_move_references"":0,""unresolved_capabilities"":0}"
ribombee,Ribombee,,,,,,,,True,True,complete,"[""Bug"",""Fairy""]","{""hp"":6,""attack"":6,""defense"":6,""special_attack"":10,""special_defense"":7,""speed"":12}","{""raw"":""0' 8\"" / 0.2m (Small)"",""meters"":0.2,""size_class"":""Small""}","{""raw"":""1.1 lbs / 0.5kg (1)"",""kg"":0.5,""weight_class"":1}","{""raw"":""50% M / 50% F"",""male_percent"":50.0,""female_percent"":50.0,""genderless"":false}","[""Bug"",""Fairy""]","[""Forest"",""Grassland""]",gen8,341,False,"{""unresolved_abilities"":0,""unresolved_move_references"":0,""unresolved_capabilities"":0}"
rillaboom,Rillaboom,,,,,,,,True,True,complete,"[""Grass""]","{""hp"":10,""attack"":13,""defense"":9,""special_attack"":6,""special_defense"":7,""speed"":9}","{""raw"":""6' 11\"" / 2.1m (Large)"",""meters"":2.1,""size_class"":""Large""}","{""raw"":""198.4 lbs / 90kg (4)"",""kg"":90.0,""weight_class"":4}","{""raw"":""87.5% M / 12.5% F"",""male_percent"":87.5,""female_percent"":12.5,""genderless"":false}","[""Field"",""Plant""]","[""Forest"",""Rainforest""]",gen8,39,False,"{""unresolved_abilities"":0,""unresolved_move_references"":0,""unresolved_capabilities"":0}"
riolu,Riolu,,,,,,,,True,True,complete,"[""Fighting""]","{""hp"":4,""attack"":7,""defense"":4,""special_attack"":4,""special_defense"":4,""speed"":6}","{""raw"":""2' 4\"" / 0.7m (Small)"",""meters"":0.7,""size_class"":""Small""}","{""raw"":""44.5 lbs / 20.2kg (2)"",""kg"":20.2,""weight_class"":2}","{""raw"":""87.5% M / 12.5% F"",""male_percent"":87.5,""female_percent"":12.5,""genderless"":false}","[""Field"",""Humanshape""]","[""Cave"",""Mountain""]",gen8,396,False,"{""unresolved_abilities"":0,""unresolved_move_references"":0,""unresolved_capabilities"":0}"
rockruff,Rockruff,,,,,,,,True,True,complete,"[""Rock""]","{""hp"":5,""attack"":7,""defense"":4,""special_attack"":3,""special_defense"":4,""speed"":6}","{""raw"":""1' 8\"" / 0.5m (Small)"",""meters"":0.5,""size_class"":""Small""}","{""raw"":""20.3 lbs / 9.2kg (1)"",""kg"":9.2,""weight_class"":1}","{""raw"":""50% M / 50% F"",""male_percent"":50.0,""female_percent"":50.0,""genderless"":false}","[""Field""]","[""Grassland"",""Mountain""]",gen8,615,False,"{""unresolved_abilities"":0,""unresolved_move_references"":0,""unresolved_capabilities"":0}"
roggenrola,Roggenrola,,,,,,,,True,True,complete,"[""Rock""]","{""hp"":6,""attack"":8,""defense"":9,""special_attack"":3,""special_defense"":3,""speed"":2}","{""raw"":""1' 4\"" / 0.4m (Small)"",""meters"":0.4,""size_class"":""Small""}","{""raw"":""39.7 lbs / 18kg (2)"",""kg"":18.0,""weight_class"":2}","{""raw"":""50% M / 50% F"",""male_percent"":50.0,""female_percent"":50.0,""genderless"":false}","[""Mineral""]","[""Cave"",""Mountain""]",gen8,271,False,"{""unresolved_abilities"":1,""unresolved_move_references"":0,""unresolved_capabilities"":0}"
rolycoly,Rolycoly,,,,,,,,True,True,complete,"[""Rock""]","{""hp"":3,""attack"":4,""defense"":5,""special_attack"":4,""special_defense"":5,""speed"":3}","{""raw"":""1' 0\"" / 0.3m (Small)"",""meters"":0.3,""size_class"":""Small""}","{""raw"":""26.5 lbs / 12kg (2)"",""kg"":12.0,""weight_class"":2}","{""raw"":""50% M / 50% F"",""male_percent"":50.0,""female_percent"":50.0,""genderless"":false}","[""Mineral""]","[""Cave"",""Grassland""]",gen8,274,False,"{""unresolved_abilities"":0,""unresolved_move_references"":0,""unresolved_capabilities"":0}"
rookidee,Rookidee,,,,,,,,True,True,complete,"[""Flying""]","{""hp"":4,""attack"":5,""defense"":4,""special_attack"":3,""special_defense"":4,""speed"":6}","{""raw"":""0' 8\"" / 0.2m (Small)"",""meters"":0.2,""size_class"":""Small""}","{""raw"":""4 lbs / 1.8kg (1)"",""kg"":1.8,""weight_class"":1}","{""raw"":""50% M / 50% F"",""male_percent"":50.0,""female_percent"":50.0,""genderless"":false}","[""Flying""]","[""Forest"",""Grassland""]",gen8,160,False,"{""unresolved_abilities"":0,""unresolved_move_references"":0,""unresolved_capabilities"":0}"
roselia,Roselia,,,,,,,,True,True,complete,"[""Grass"",""Poison""]","{""hp"":5,""attack"":6,""defense"":5,""special_attack"":10,""special_defense"":8,""speed"":7}","{""raw"":""1' 0\"" / 0.3m (Small)"",""meters"":0.3,""size_class"":""Small""}","{""raw"":""4.4 lbs / 2kg (1)"",""kg"":2.0,""weight_class"":1}","{""raw"":""50% M / 50% F"",""male_percent"":50.0,""female_percent"":50.0,""genderless"":false}","[""Fairy"",""Plant""]","[""Forest"",""Grassland"",""Rainforest""]",gen8,186,False,"{""unresolved_abilities"":0,""unresolved_move_references"":0,""unresolved_capabilities"":0}"
roserade,Roserade,,,,,,,,True,True,complete,"[""Grass"",""Poison""]","{""hp"":6,""attack"":7,""defense"":7,""special_attack"":13,""special_defense"":11,""speed"":9}","{""raw"":""2' 11\"" / 0.9m (Small)"",""meters"":0.9,""size_class"":""Small""}","{""raw"":""4.4 lbs / 2kg (1)"",""kg"":2.0,""weight_class"":1}","{""raw"":""50% M / 50% F"",""male_percent"":50.0,""female_percent"":50.0,""genderless"":false}","[""Fairy"",""Plant""]","[""Forest"",""Grassland"",""Rainforest""]",gen8,187,False,"{""unresolved_abilities"":0,""unresolved_move_references"":0,""unresolved_capabilities"":0}"
rotom-appliance-forms,ROTOM Appliance Forms,,,,,,,,False,False,reference_only,[],"{""hp"":5,""attack"":7,""defense"":11,""special_attack"":11,""special_defense"":11,""speed"":9}","{""raw"":""""}","{""raw"":""""}","{""raw"":""""}",[],[],gen8,698,False,"{""unresolved_abilities"":0,""unresolved_move_references"":0,""unresolved_capabilities"":3}"
rotom-normal-form,ROTOM Normal Form,,,,,,,,True,True,complete,"[""Electric"",""Ghost""]","{""hp"":5,""attack"":5,""defense"":8,""special_attack"":10,""special_defense"":8,""speed"":9}","{""raw"":""1' 0\"" / 0.3m (Small)"",""meters"":0.3,""size_class"":""Small""}","{""raw"":""0.7 lbs / 0.3kg (1)"",""kg"":0.3,""weight_class"":1}","{""raw"":""No Gender"",""genderless"":true,""male_percent"":0.0,""female_percent"":0.0}","[""Indeterminate""]","[""Urban""]",gen8,697,False,"{""unresolved_abilities"":0,""unresolved_move_references"":0,""unresolved_capabilities"":0}"
rowlet,Rowlet,,,,,,,,True,True,complete,"[""Grass"",""Flying""]","{""hp"":7,""attack"":6,""defense"":6,""special_attack"":5,""special_defense"":5,""speed"":4}","{""raw"":""1' 0\"" / 0.3m (Small)"",""meters"":0.3,""size_class"":""Small""}","{""raw"":""3.3 lbs / 1.5kg (1)"",""kg"":1.5,""weight_class"":1}","{""raw"":""87.5% M / 12.5% F"",""male_percent"":87.5,""female_percent"":12.5,""genderless"":false}","[""Flying""]","[""Forest""]",gen8,34,False,"{""unresolved_abilities"":0,""unresolved_move_references"":0,""unresolved_capabilities"":0}"
rufflet,Rufflet,,,,,,,,True,True,complete,"[""Normal"",""Flying""]","{""hp"":7,""attack"":8,""defense"":5,""special_attack"":4,""special_defense"":5,""speed"":6}","{""raw"":""1' 8\"" / 0.5m (Small)"",""meters"":0.5,""size_class"":""Small""}","{""raw"":""23.1 lbs / 10.5kg (1)"",""kg"":10.5,""weight_class"":1}","{""raw"":""100% M / 0% F"",""male_percent"":100.0,""female_percent"":0.0,""genderless"":false}","[""Flying""]","[""Cave"",""Forest"",""Mountain""]",gen8,553,False,"{""unresolved_abilities"":0,""unresolved_move_references"":0,""unresolved_capabilities"":0}"
runerigus,Runerigus,,,,,,,,True,True,complete,"[""Ground"",""Ghost""]","{""hp"":6,""attack"":10,""defense"":15,""special_attack"":5,""special_defense"":11,""speed"":3}","{""raw"":""5' 3\"" / 1.6m (Medium)"",""meters"":1.6,""size_class"":""Medium""}","{""raw"":""146.8 lbs / 66.6kg (4)"",""kg"":66.6,""weight_class"":4}","{""raw"":""50% M / 50% F"",""male_percent"":50.0,""female_percent"":50.0,""genderless"":false}","[""Mineral"",""Indeterminate""]","[""Desert""]",gen8,811,False,"{""unresolved_abilities"":0,""unresolved_move_references"":0,""unresolved_capabilities"":0}"
sableye,Sableye,,,,,,,,True,True,complete,"[""Dark"",""Ghost""]","{""hp"":5,""attack"":8,""defense"":8,""special_attack"":7,""special_defense"":7,""speed"":5}","{""raw"":""1' 8\"" / 0.5m (Small)"",""meters"":0.5,""size_class"":""Small""}","{""raw"":""24.3 lbs / 11kg (1)"",""kg"":11.0,""weight_class"":1}","{""raw"":""50% M / 50% F"",""male_percent"":50.0,""female_percent"":50.0,""genderless"":false}","[""Humanshape""]","[""Cave"",""Mountain""]",gen8,691,False,"{""unresolved_abilities"":0,""unresolved_move_references"":0,""unresolved_capabilities"":0}"
salamence,Salamence,,,,,,,,True,True,complete,"[""Dragon"",""Flying""]","{""hp"":10,""attack"":14,""defense"":8,""special_attack"":11,""special_defense"":8,""speed"":10}","{""raw"":""4' 11\"" / 1.5m (Medium)"",""meters"":1.5,""size_class"":""Medium""}","{""raw"":""226.2 lbs / 102.6kg (5)"",""kg"":102.6,""weight_class"":5}","{""raw"":""50% M / 50% F"",""male_percent"":50.0,""female_percent"":50.0,""genderless"":false}","[""Dragon""]","[""Cave"",""Mountain""]",gen8,846,False,"{""unresolved_abilities"":0,""unresolved_move_references"":0,""unresolved_capabilities"":0}"
salandit,Salandit,,,,,,,,True,True,complete,"[""Poison"",""Fire""]","{""hp"":5,""attack"":4,""defense"":4,""special_attack"":7,""special_defense"":4,""speed"":8}","{""raw"":""2' 0\"" / 0.6m (Small)"",""meters"":0.6,""size_class"":""Small""}","{""raw"":""10.6 lbs / 4.8kg (1)"",""kg"":4.8,""weight_class"":1}","{""raw"":""87.5% M / 12.5% F"",""male_percent"":87.5,""female_percent"":12.5,""genderless"":false}","[""Dragon"",""Monster""]","[""Mountain"",""Plains""]",gen8,586,False,"{""unresolved_abilities"":0,""unresolved_move_references"":0,""unresolved_capabilities"":0}"
salazzle,Salazzle,,,,,,,,True,True,complete,"[""Poison"",""Fire""]","{""hp"":7,""attack"":6,""defense"":6,""special_attack"":11,""special_defense"":6,""speed"":12}","{""raw"":""3' 11\"" / 1.2m (Medium)"",""meters"":1.2,""size_class"":""Medium""}","{""raw"":""48.9 lbs / 22.2kg (2)"",""kg"":22.2,""weight_class"":2}","{""raw"":""0% M / 100% F"",""male_percent"":0.0,""female_percent"":100.0,""genderless"":false}","[""Dragon"",""Monster""]","[""Mountain"",""Plains""]",gen8,587,False,"{""unresolved_abilities"":0,""unresolved_move_references"":1,""unresolved_capabilities"":0}"
samurott,Samurott,,,,,,,,True,True,complete,"[""Water""]","{""hp"":10,""attack"":10,""defense"":9,""special_attack"":11,""special_defense"":7,""speed"":7}","{""raw"":""4' 11\"" / 1.5m (Medium)"",""meters"":1.5,""size_class"":""Medium""}","{""raw"":""208.6 lbs / 94.6kg (4)"",""kg"":94.6,""weight_class"":4}","{""raw"":""87.5% M / 12.5% F"",""male_percent"":87.5,""female_percent"":12.5,""genderless"":false}","[""Field""]","[""Beach"",""Ocean""]",gen8,78,False,"{""unresolved_abilities"":0,""unresolved_move_references"":0,""unresolved_capabilities"":0}"
sandaconda,Sandaconda,,,,,,,,True,True,complete,"[""Ground""]","{""hp"":7,""attack"":11,""defense"":13,""special_attack"":7,""special_defense"":7,""speed"":7}","{""raw"":""12' 6\"" / 3.8m (Large)"",""meters"":3.8,""size_class"":""Large""}","{""raw"":""144.4 lbs / 65.5kg (4)"",""kg"":65.5,""weight_class"":4}","{""raw"":""50% M / 50% F"",""male_percent"":50.0,""female_percent"":50.0,""genderless"":false}","[""Field"",""Dragon""]","[""Desert""]",gen8,501,False,"{""unresolved_abilities"":0,""unresolved_move_references"":0,""unresolved_capabilities"":0}"
sandile,Sandile,,,,,,,,True,True,complete,"[""Ground"",""Dark""]","{""hp"":5,""attack"":7,""defense"":4,""special_attack"":4,""special_defense"":4,""speed"":7}","{""raw"":""2' 4\"" / 0.7m (Small)"",""meters"":0.7,""size_class"":""Small""}","{""raw"":""33.5 lbs / 15.2kg (2)"",""kg"":15.2,""weight_class"":2}","{""raw"":""50% M / 50% F"",""male_percent"":50.0,""female_percent"":50.0,""genderless"":false}","[""Field""]","[""Beach"",""Desert""]",gen8,197,False,"{""unresolved_abilities"":0,""unresolved_move_references"":0,""unresolved_capabilities"":0}"
sandshrew,Sandshrew,,,,,,,,True,True,complete,"[""Ground""]","{""hp"":5,""attack"":8,""defense"":9,""special_attack"":2,""special_defense"":3,""speed"":4}","{""raw"":""2' 0\"" / 0.6m (Small)"",""meters"":0.6,""size_class"":""Small""}","{""raw"":""26.5 lbs / 12kg (2)"",""kg"":12.0,""weight_class"":2}","{""raw"":""50% M / 50% F"",""male_percent"":50.0,""female_percent"":50.0,""genderless"":false}","[""Field""]","[""Cave"",""Desert"",""Forest"",""Grassland""]",gen8,479,False,"{""unresolved_abilities"":0,""unresolved_move_references"":0,""unresolved_capabilities"":0}"
sandshrew-alola,SANDSHREW Alola,,,,,,,,True,True,complete,"[""Ice"",""Steel""]","{""hp"":5,""attack"":8,""defense"":9,""special_attack"":1,""special_defense"":4,""speed"":4}","{""raw"":""2' 4\"" / 0.7m (Small)"",""meters"":0.7,""size_class"":""Small""}","{""raw"":""88.2 lbs / 40kg (3)"",""kg"":40.0,""weight_class"":3}","{""raw"":""50% M / 50% F"",""male_percent"":50.0,""female_percent"":50.0,""genderless"":false}","[""Field""]","[""Mountain"",""Tundra""]",gen8,783,False,"{""unresolved_abilities"":0,""unresolved_move_references"":0,""unresolved_capabilities"":0}"
sandslash,Sandslash,,,,,,,,True,True,complete,"[""Ground""]","{""hp"":8,""attack"":10,""defense"":11,""special_attack"":5,""special_defense"":6,""speed"":7}","{""raw"":""3' 3\"" / 1m (Medium)"",""meters"":1.0,""size_class"":""Medium""}","{""raw"":""65 lbs / 29.5kg (3)"",""kg"":29.5,""weight_class"":3}","{""raw"":""50% M / 50% F"",""male_percent"":50.0,""female_percent"":50.0,""genderless"":false}","[""Field""]","[""Cave"",""Desert"",""Forest"",""Grassland""]",gen8,480,False,"{""unresolved_abilities"":0,""unresolved_move_references"":0,""unresolved_capabilities"":0}"
sandslash-alola,SANDSLASH Alola,,,,,,,,True,True,complete,"[""Ice"",""Steel""]","{""hp"":8,""attack"":10,""defense"":12,""special_attack"":3,""special_defense"":7,""speed"":7}","{""raw"":""3' 11\"" / 1.2m (Medium)"",""meters"":1.2,""size_class"":""Medium""}","{""raw"":""121.3 lbs / 55kg (4)"",""kg"":55.0,""weight_class"":4}","{""raw"":""50% M / 50% F"",""male_percent"":50.0,""female_percent"":50.0,""genderless"":false}","[""Field""]","[""Mountain"",""Tundra""]",gen8,784,False,"{""unresolved_abilities"":0,""unresolved_move_references"":0,""unresolved_capabilities"":0}"
sandygast,Sandygast,,,,,,,,True,True,complete,"[""Ghost"",""Ground""]","{""hp"":6,""attack"":6,""defense"":8,""special_attack"":7,""special_defense"":5,""speed"":2}","{""raw"":""1' 8\"" / 0.5m (Small)"",""meters"":0.5,""size_class"":""Small""}","{""raw"":""154.3 lbs / 70kg (4)"",""kg"":70.0,""weight_class"":4}","{""raw"":""50% M / 50% F"",""male_percent"":50.0,""female_percent"":50.0,""genderless"":false}","[""Indeterminate""]","[""Beach""]",gen8,439,False,"{""unresolved_abilities"":0,""unresolved_move_references"":0,""unresolved_capabilities"":0}"
sawk,Sawk,,,,,,,,True,True,complete,"[""Fighting""]","{""hp"":8,""attack"":13,""defense"":8,""special_attack"":3,""special_defense"":8,""speed"":9}","{""raw"":""4' 7\"" / 1.4m (Medium)"",""meters"":1.4,""size_class"":""Medium""}","{""raw"":""112.4 lbs / 51kg (4)"",""kg"":51.0,""weight_class"":4}","{""raw"":""100% M / 0% F"",""male_percent"":100.0,""female_percent"":0.0,""genderless"":false}","[""Humanshape""]","[""Cave"",""Mountain"",""Urban""]",gen8,706,False,"{""unresolved_abilities"":0,""unresolved_move_references"":0,""unresolved_capabilities"":0}"
sawsbuck,Sawsbuck,,,,,,,,True,True,complete,"[""Normal"",""Grass""]","{""hp"":8,""attack"":10,""defense"":7,""special_attack"":6,""special_defense"":7,""speed"":10}","{""raw"":""6' 3\"" / 1.9m (Large)"",""meters"":1.9,""size_class"":""Large""}","{""raw"":""203.9 lbs / 92.5kg (4)"",""kg"":92.5,""weight_class"":4}","{""raw"":""50% M / 50% F"",""male_percent"":50.0,""female_percent"":50.0,""genderless"":false}","[""Field""]","[""Forest"",""Grassland""]",gen8,552,False,"{""unresolved_abilities"":0,""unresolved_move_references"":0,""unresolved_capabilities"":0}"
scatterbug,Scatterbug,,,,,,,,True,True,complete,"[""Bug""]","{""hp"":4,""attack"":4,""defense"":4,""special_attack"":3,""special_defense"":3,""speed"":4}","{""raw"":""1' 0\"" / 0.3m (Small)"",""meters"":0.3,""size_class"":""Small""}","{""raw"":""5.5 lbs / 2.5kg (1)"",""kg"":2.5,""weight_class"":1}","{""raw"":""50% M / 50% F"",""male_percent"":50.0,""female_percent"":50.0,""genderless"":false}","[""Bug""]","[""Forest"",""Grassland""]",gen8,105,False,"{""unresolved_abilities"":0,""unresolved_move_references"":2,""unresolved_capabilities"":0}"
sceptile,Sceptile,,,,,,,,True,True,complete,"[""Grass""]","{""hp"":7,""attack"":9,""defense"":7,""special_attack"":11,""special_defense"":9,""speed"":12}","{""raw"":""5' 7\"" / 1.7m (Medium)"",""meters"":1.7,""size_class"":""Medium""}","{""raw"":""115.1 lbs / 52.2kg (4)"",""kg"":52.2,""weight_class"":4}","{""raw"":""87.5% M / 12.5% F"",""male_percent"":87.5,""female_percent"":12.5,""genderless"":false}","[""Monster"",""Dragon""]","[""Rainforest""]",gen8,24,False,"{""unresolved_abilities"":0,""unresolved_move_references"":0,""unresolved_capabilities"":0}"
scizor,Scizor,,,,,,,,True,True,complete,"[""Bug"",""Steel""]","{""hp"":7,""attack"":13,""defense"":10,""special_attack"":6,""special_defense"":8,""speed"":7}","{""raw"":""5' 11\"" / 1.8m (Medium)"",""meters"":1.8,""size_class"":""Medium""}","{""raw"":""260.1 lbs / 118kg (5)"",""kg"":118.0,""weight_class"":5}","{""raw"":""50% M / 50% F"",""male_percent"":50.0,""female_percent"":50.0,""genderless"":false}","[""Bug""]","[""Grassland"",""Mountain""]",gen8,307,False,"{""unresolved_abilities"":0,""unresolved_move_references"":0,""unresolved_capabilities"":0}"
scolipede,Scolipede,,,,,,,,True,True,complete,"[""Bug"",""Poison""]","{""hp"":6,""attack"":10,""defense"":9,""special_attack"":6,""special_defense"":7,""speed"":11}","{""raw"":""8' 2\"" / 2.5m (Large)"",""meters"":2.5,""size_class"":""Large""}","{""raw"":""442 lbs / 200.5kg (6)"",""kg"":200.5,""weight_class"":6}","{""raw"":""50% M / 50% F"",""male_percent"":50.0,""female_percent"":50.0,""genderless"":false}","[""Bug""]","[""Forest""]",gen8,104,False,"{""unresolved_abilities"":0,""unresolved_move_references"":0,""unresolved_capabilities"":0}"
scorbunny,Scorbunny,,,,,,,,True,True,complete,"[""Fire""]","{""hp"":5,""attack"":7,""defense"":4,""special_attack"":4,""special_defense"":4,""speed"":7}","{""raw"":""1' 0\"" / 0.3m (Small)"",""meters"":0.3,""size_class"":""Small""}","{""raw"":""9.9 lbs / 4.5kg (1)"",""kg"":4.5,""weight_class"":1}","{""raw"":""87.5% M / 12.5% F"",""male_percent"":87.5,""female_percent"":12.5,""genderless"":false}","[""Field"",""Humanshape""]","[""Grassland""]",gen8,61,False,"{""unresolved_abilities"":0,""unresolved_move_references"":0,""unresolved_capabilities"":0}"
scrafty,Scrafty,,,,,,,,True,True,complete,"[""Dark"",""Fighting""]","{""hp"":7,""attack"":9,""defense"":12,""special_attack"":5,""special_defense"":12,""speed"":6}","{""raw"":""3' 7\"" / 1.1m (Medium)"",""meters"":1.1,""size_class"":""Medium""}","{""raw"":""66.1 lbs / 30kg (3)"",""kg"":30.0,""weight_class"":3}","{""raw"":""50% M / 50% F"",""male_percent"":50.0,""female_percent"":50.0,""genderless"":false}","[""Field"",""Dragon""]","[""Cave"",""Desert"",""Mountain""]",gen8,355,False,"{""unresolved_abilities"":0,""unresolved_move_references"":0,""unresolved_capabilities"":0}"
scraggy,Scraggy,,,,,,,,True,True,complete,"[""Dark"",""Fighting""]","{""hp"":5,""attack"":8,""defense"":7,""special_attack"":4,""special_defense"":7,""speed"":5}","{""raw"":""2' 0\"" / 0.6m (Small)"",""meters"":0.6,""size_class"":""Small""}","{""raw"":""26 lbs / 11.8kg (2)"",""kg"":11.8,""weight_class"":2}","{""raw"":""50% M / 50% F"",""male_percent"":50.0,""female_percent"":50.0,""genderless"":false}","[""Field"",""Dragon""]","[""Desert"",""Mountain""]",gen8,354,False,"{""unresolved_abilities"":0,""unresolved_move_references"":0,""unresolved_capabilities"":0}"
scyther,Scyther,,,,,,,,True,True,complete,"[""Bug"",""Flying""]","{""hp"":7,""attack"":11,""defense"":8,""special_attack"":6,""special_defense"":8,""speed"":11}","{""raw"":""4' 11\"" / 1.5m (Medium)"",""meters"":1.5,""size_class"":""Medium""}","{""raw"":""123.5 lbs / 56kg (4)"",""kg"":56.0,""weight_class"":4}","{""raw"":""50% M / 50% F"",""male_percent"":50.0,""female_percent"":50.0,""genderless"":false}","[""Bug""]","[""Forest"",""Grassland"",""Rainforest""]",gen8,306,False,"{""unresolved_abilities"":0,""unresolved_move_references"":0,""unresolved_capabilities"":0}"
seadra,Seadra,,,,,,,,True,True,complete,"[""Water""]","{""hp"":6,""attack"":7,""defense"":10,""special_attack"":10,""special_defense"":5,""speed"":9}","{""raw"":""3' 11\"" / 1.2m (Medium)"",""meters"":1.2,""size_class"":""Medium""}","{""raw"":""55.1 lbs / 25kg (2)"",""kg"":25.0,""weight_class"":2}","{""raw"":""50% M / 50% F"",""male_percent"":50.0,""female_percent"":50.0,""genderless"":false}","[""Water 1"",""Dragon""]","[""Ocean""]",gen8,291,False,"{""unresolved_abilities"":0,""unresolved_move_references"":0,""unresolved_capabilities"":0}"
seaking,Seaking,,,,,,,,True,True,complete,"[""Water""]","{""hp"":8,""attack"":9,""defense"":7,""special_attack"":7,""special_defense"":8,""speed"":7}","{""raw"":""4' 3\"" / 1.3m (Medium)"",""meters"":1.3,""size_class"":""Medium""}","{""raw"":""86 lbs / 39kg (3)"",""kg"":39.0,""weight_class"":3}","{""raw"":""50% M / 50% F"",""male_percent"":50.0,""female_percent"":50.0,""genderless"":false}","[""Water 2""]","[""Freshwater""]",gen8,637,False,"{""unresolved_abilities"":0,""unresolved_move_references"":0,""unresolved_capabilities"":0}"
sealeo,Sealeo,,,,,,,,True,True,complete,"[""Ice"",""Water""]","{""hp"":9,""attack"":6,""defense"":7,""special_attack"":8,""special_defense"":7,""speed"":5}","{""raw"":""3' 7\"" / 1.1m (Medium)"",""meters"":1.1,""size_class"":""Medium""}","{""raw"":""193.1 lbs / 87.6kg (4)"",""kg"":87.6,""weight_class"":4}","{""raw"":""50% M / 50% F"",""male_percent"":50.0,""female_percent"":50.0,""genderless"":false}","[""Water 1"",""Field""]","[""Ocean"",""Tundra""]",gen8,204,False,"{""unresolved_abilities"":0,""unresolved_move_references"":0,""unresolved_capabilities"":0}"
seedot,Seedot,,,,,,,,True,True,complete,"[""Grass""]","{""hp"":4,""attack"":4,""defense"":5,""special_attack"":3,""special_defense"":3,""speed"":3}","{""raw"":""1' 8\"" / 0.5m (Small)"",""meters"":0.5,""size_class"":""Small""}","{""raw"":""8.8 lbs / 4kg (1)"",""kg"":4.0,""weight_class"":1}","{""raw"":""50% M / 50% F"",""male_percent"":50.0,""female_percent"":50.0,""genderless"":false}","[""Field"",""Plant""]","[""Forest"",""Rainforest""]",gen8,182,False,"{""unresolved_abilities"":0,""unresolved_move_references"":9,""unresolved_capabilities"":0}"
seel,Seel,,,,,,,,True,True,complete,"[""Water""]","{""hp"":7,""attack"":5,""defense"":6,""special_attack"":5,""special_defense"":7,""speed"":5}","{""raw"":""3' 7\"" / 1.1m (Medium)"",""meters"":1.1,""size_class"":""Medium""}","{""raw"":""198.4 lbs / 90kg (4)"",""kg"":90.0,""weight_class"":4}","{""raw"":""50% M / 50% F"",""male_percent"":50.0,""female_percent"":50.0,""genderless"":false}","[""Water 1"",""Field""]","[""Arctic"",""Ocean""]",gen8,630,False,"{""unresolved_abilities"":1,""unresolved_move_references"":0,""unresolved_capabilities"":0}"
seismitoad,Seismitoad,,,,,,,,True,True,complete,"[""Water"",""Ground""]","{""hp"":11,""attack"":10,""defense"":8,""special_attack"":9,""special_defense"":8,""speed"":7}","{""raw"":""4' 11\"" / 1.5m (Medium)"",""meters"":1.5,""size_class"":""Medium""}","{""raw"":""136.7 lbs / 62kg (4)"",""kg"":62.0,""weight_class"":4}","{""raw"":""50% M / 50% F"",""male_percent"":50.0,""female_percent"":50.0,""genderless"":false}","[""Water 1""]","[""Freshwater"",""Marsh""]",gen8,301,False,"{""unresolved_abilities"":0,""unresolved_move_references"":0,""unresolved_capabilities"":0}"
sentret,Sentret,,,,,,,,True,True,complete,"[""Normal""]","{""hp"":4,""attack"":5,""defense"":3,""special_attack"":4,""special_defense"":5,""speed"":2}","{""raw"":""2' 7\"" / 0.8m (Small)"",""meters"":0.8,""size_class"":""Small""}","{""raw"":""13.2 lbs / 6kg (1)"",""kg"":6.0,""weight_class"":1}","{""raw"":""50% M / 50% F"",""male_percent"":50.0,""female_percent"":50.0,""genderless"":false}","[""Field""]","[""Forest"",""Grassland""]",gen8,525,False,"{""unresolved_abilities"":0,""unresolved_move_references"":0,""unresolved_capabilities"":0}"
serperior,Serperior,,,,,,,,True,True,complete,"[""Grass""]","{""hp"":8,""attack"":8,""defense"":10,""special_attack"":8,""special_defense"":10,""speed"":11}","{""raw"":""10' 10\"" / 3.3m (Large)"",""meters"":3.3,""size_class"":""Large""}","{""raw"":""138.9 lbs / 63kg (4)"",""kg"":63.0,""weight_class"":4}","{""raw"":""87.5% M / 12.5% F"",""male_percent"":87.5,""female_percent"":12.5,""genderless"":false}","[""Field"",""Plant""]","[""Forest"",""Rainforest""]",gen8,30,False,"{""unresolved_abilities"":0,""unresolved_move_references"":0,""unresolved_capabilities"":0}"
servine,Servine,,,,,,,,True,True,complete,"[""Grass""]","{""hp"":6,""attack"":6,""defense"":8,""special_attack"":6,""special_defense"":8,""speed"":8}","{""raw"":""2' 7\"" / 0.8m (Small)"",""meters"":0.8,""size_class"":""Small""}","{""raw"":""35.3 lbs / 16kg (2)"",""kg"":16.0,""weight_class"":2}","{""raw"":""87.5% M / 12.5% F"",""male_percent"":87.5,""female_percent"":12.5,""genderless"":false}","[""Field"",""Plant""]","[""Forest"",""Rainforest""]",gen8,29,False,"{""unresolved_abilities"":0,""unresolved_move_references"":0,""unresolved_capabilities"":0}"
seviper,Seviper,,,,,,,,True,True,complete,"[""Poison""]","{""hp"":7,""attack"":10,""defense"":6,""special_attack"":10,""special_defense"":6,""speed"":7}","{""raw"":""8' 10\"" / 2.7m (Large)"",""meters"":2.7,""size_class"":""Large""}","{""raw"":""115.7 lbs / 52.5kg (4)"",""kg"":52.5,""weight_class"":4}","{""raw"":""50% M / 50% F"",""male_percent"":50.0,""female_percent"":50.0,""genderless"":false}","[""Field"",""Dragon""]","[""Desert"",""Forest"",""Mountain""]",gen8,744,False,"{""unresolved_abilities"":0,""unresolved_move_references"":0,""unresolved_capabilities"":0}"
sewaddle,Sewaddle,,,,,,,,True,True,complete,"[""Bug"",""Grass""]","{""hp"":5,""attack"":5,""defense"":7,""special_attack"":4,""special_defense"":6,""speed"":4}","{""raw"":""1' 0\"" / 0.3m (Small)"",""meters"":0.3,""size_class"":""Small""}","{""raw"":""5.5 lbs / 2.5kg (1)"",""kg"":2.5,""weight_class"":1}","{""raw"":""50% M / 50% F"",""male_percent"":50.0,""female_percent"":50.0,""genderless"":false}","[""Bug""]","[""Forest""]",gen8,99,False,"{""unresolved_abilities"":0,""unresolved_move_references"":0,""unresolved_capabilities"":0}"
sharpedo,Sharpedo,,,,,,,,True,True,complete,"[""Water"",""Dark""]","{""hp"":7,""attack"":12,""defense"":4,""special_attack"":10,""special_defense"":4,""speed"":10}","{""raw"":""5' 11\"" / 1.8m (Medium)"",""meters"":1.8,""size_class"":""Medium""}","{""raw"":""195.8 lbs / 88.8kg (4)"",""kg"":88.8,""weight_class"":4}","{""raw"":""50% M / 50% F"",""male_percent"":50.0,""female_percent"":50.0,""genderless"":false}","[""Water 2""]","[""Freshwater"",""Ocean""]",gen8,653,False,"{""unresolved_abilities"":0,""unresolved_move_references"":0,""unresolved_capabilities"":0}"
shaymin-land-forme,SHAYMIN Land Forme,,,,,,,,True,True,complete,"[""Grass""]","{""hp"":10,""attack"":10,""defense"":10,""special_attack"":10,""special_defense"":10,""speed"":10}","{""raw"":""0' 8\"" / 0.2m (Small)"",""meters"":0.2,""size_class"":""Small""}","{""raw"":""4.6 lbs / 2.1kg (1)"",""kg"":2.1,""weight_class"":1}","{""raw"":""No Gender"",""genderless"":true,""male_percent"":0.0,""female_percent"":0.0}","[""None""]","[""Forest"",""Grassland""]",gen8,903,False,"{""unresolved_abilities"":0,""unresolved_move_references"":0,""unresolved_capabilities"":1}"
shaymin-sky-forme,SHAYMIN Sky Forme,,,,,,,,True,True,complete,"[""Grass"",""Flying""]","{""hp"":10,""attack"":10,""defense"":8,""special_attack"":12,""special_defense"":8,""speed"":13}","{""raw"":""1' 4\"" / 0.4m (Small)"",""meters"":0.4,""size_class"":""Small""}","{""raw"":""11.5 lbs / 5.2kg (1)"",""kg"":5.2,""weight_class"":1}","{""raw"":""No Gender"",""genderless"":true,""male_percent"":0.0,""female_percent"":0.0}","[""None""]","[""Forest"",""Grassland""]",gen8,904,False,"{""unresolved_abilities"":0,""unresolved_move_references"":0,""unresolved_capabilities"":1}"
shedinja,Shedinja,,,,,,,,True,True,complete,"[""Bug"",""Ghost""]","{""hp"":0,""attack"":9,""defense"":5,""special_attack"":3,""special_defense"":3,""speed"":4}","{""raw"":""2' 7\"" / 0.8m (Small)"",""meters"":0.8,""size_class"":""Small""}","{""raw"":""2.6 lbs / 1.2kg (1)"",""kg"":1.2,""weight_class"":1}","{""raw"":""No Gender"",""genderless"":true,""male_percent"":0.0,""female_percent"":0.0}","[""Mineral""]","[""Desert"",""Forest""]",gen8,320,False,"{""unresolved_abilities"":0,""unresolved_move_references"":0,""unresolved_capabilities"":1}"
shelgon,Shelgon,,,,,,,,True,True,complete,"[""Dragon""]","{""hp"":7,""attack"":10,""defense"":10,""special_attack"":6,""special_defense"":5,""speed"":5}","{""raw"":""3' 7\"" / 1.1m (Medium)"",""meters"":1.1,""size_class"":""Medium""}","{""raw"":""243.6 lbs / 110.5kg (5)"",""kg"":110.5,""weight_class"":5}","{""raw"":""50% M / 50% F"",""male_percent"":50.0,""female_percent"":50.0,""genderless"":false}","[""Dragon""]","[""Cave"",""Mountain""]",gen8,845,False,"{""unresolved_abilities"":0,""unresolved_move_references"":0,""unresolved_capabilities"":0}"
shellder,Shellder,,,,,,,,True,True,complete,"[""Water""]","{""hp"":3,""attack"":7,""defense"":10,""special_attack"":5,""special_defense"":3,""speed"":4}","{""raw"":""1' 0\"" / 0.3m (Small)"",""meters"":0.3,""size_class"":""Small""}","{""raw"":""8.8 lbs / 4kg (1)"",""kg"":4.0,""weight_class"":1}","{""raw"":""50% M / 50% F"",""male_percent"":50.0,""female_percent"":50.0,""genderless"":false}","[""Water 3""]","[""Ocean""]",gen8,632,False,"{""unresolved_abilities"":0,""unresolved_move_references"":0,""unresolved_capabilities"":0}"
shellos,Shellos,,,,,,,,True,True,complete,"[""Water""]","{""hp"":8,""attack"":5,""defense"":5,""special_attack"":6,""special_defense"":6,""speed"":3}","{""raw"":""1' 0\"" / 0.3m (Small)"",""meters"":0.3,""size_class"":""Small""}","{""raw"":""13.9 lbs / 6.3kg (1)"",""kg"":6.3,""weight_class"":1}","{""raw"":""50% M / 50% F"",""male_percent"":50.0,""female_percent"":50.0,""genderless"":false}","[""Water 1"",""Indeterminate""]","[""Beach"",""Ocean""]",gen8,667,False,"{""unresolved_abilities"":0,""unresolved_move_references"":0,""unresolved_capabilities"":1}"
shelmet,Shelmet,,,,,,,,True,True,complete,"[""Bug""]","{""hp"":5,""attack"":4,""defense"":9,""special_attack"":4,""special_defense"":7,""speed"":3}","{""raw"":""1' 4\"" / 0.4m (Small)"",""meters"":0.4,""size_class"":""Small""}","{""raw"":""17 lbs / 7.7kg (1)"",""kg"":7.7,""weight_class"":1}","{""raw"":""50% M / 50% F"",""male_percent"":50.0,""female_percent"":50.0,""genderless"":false}","[""Bug""]","[""Forest"",""Marsh""]",gen8,334,False,"{""unresolved_abilities"":0,""unresolved_move_references"":0,""unresolved_capabilities"":1}"
shieldon,Shieldon,,,,,,,,True,True,complete,"[""Rock"",""Steel""]","{""hp"":3,""attack"":4,""defense"":12,""special_attack"":4,""special_defense"":9,""speed"":3}","{""raw"":""1' 8\"" / 0.5m (Small)"",""meters"":0.5,""size_class"":""Small""}","{""raw"":""125.7 lbs / 57kg (4)"",""kg"":57.0,""weight_class"":4}","{""raw"":""87.5% M / 12.5% F"",""male_percent"":87.5,""female_percent"":12.5,""genderless"":false}","[""Monster""]","[""Cave"",""Mountain""]",gen8,823,False,"{""unresolved_abilities"":0,""unresolved_move_references"":0,""unresolved_capabilities"":0}"
shiftry,Shiftry,,,,,,,,True,True,complete,"[""Grass"",""Dark""]","{""hp"":9,""attack"":10,""defense"":6,""special_attack"":9,""special_defense"":6,""speed"":8}","{""raw"":""4' 3\"" / 1.3m (Medium)"",""meters"":1.3,""size_class"":""Medium""}","{""raw"":""131.4 lbs / 59.6kg (4)"",""kg"":59.6,""weight_class"":4}","{""raw"":""50% M / 50% F"",""male_percent"":50.0,""female_percent"":50.0,""genderless"":false}","[""Field"",""Plant""]","[""Forest"",""Rainforest""]",gen8,184,False,"{""unresolved_abilities"":0,""unresolved_move_references"":0,""unresolved_capabilities"":0}"
shiinotic,Shiinotic,,,,,,,,True,True,complete,"[""Grass"",""Fairy""]","{""hp"":6,""attack"":5,""defense"":8,""special_attack"":9,""special_defense"":10,""speed"":3}","{""raw"":""3' 3\"" / 1m (Medium)"",""meters"":1.0,""size_class"":""Medium""}","{""raw"":""25.4 lbs / 11.5kg (2)"",""kg"":11.5,""weight_class"":2}","{""raw"":""50% M / 50% F"",""male_percent"":50.0,""female_percent"":50.0,""genderless"":false}","[""Plant""]","[""Forest"",""Rainforest""]",gen8,473,False,"{""unresolved_abilities"":0,""unresolved_move_references"":0,""unresolved_capabilities"":0}"
shinx,Shinx,,,,,,,,True,True,complete,"[""Electric""]","{""hp"":5,""attack"":7,""defense"":3,""special_attack"":4,""special_defense"":3,""speed"":5}","{""raw"":""1' 8\"" / 0.5m (Small)"",""meters"":0.5,""size_class"":""Small""}","{""raw"":""20.9 lbs / 9.5kg (1)"",""kg"":9.5,""weight_class"":1}","{""raw"":""50% M / 50% F"",""male_percent"":50.0,""female_percent"":50.0,""genderless"":false}","[""Field""]","[""Cave"",""Grassland""]",gen8,133,False,"{""unresolved_abilities"":0,""unresolved_move_references"":0,""unresolved_capabilities"":0}"
shroomish,Shroomish,,,,,,,,True,True,complete,"[""Grass""]","{""hp"":6,""attack"":4,""defense"":6,""special_attack"":4,""special_defense"":6,""speed"":4}","{""raw"":""1' 4\"" / 0.4m (Small)"",""meters"":0.4,""size_class"":""Small""}","{""raw"":""9.9 lbs / 4.5kg (1)"",""kg"":4.5,""weight_class"":1}","{""raw"":""50% M / 50% F"",""male_percent"":50.0,""female_percent"":50.0,""genderless"":false}","[""Fairy"",""Plant""]","[""Forest"",""Marsh"",""Rainforest""]",gen8,450,False,"{""unresolved_abilities"":0,""unresolved_move_references"":0,""unresolved_capabilities"":0}"
shuckle,Shuckle,,,,,,,,True,True,complete,"[""Bug"",""Rock""]","{""hp"":2,""attack"":1,""defense"":23,""special_attack"":1,""special_defense"":23,""speed"":1}","{""raw"":""2' 0\"" / 0.6m (Small)"",""meters"":0.6,""size_class"":""Small""}","{""raw"":""45.2 lbs / 20.5kg (2)"",""kg"":20.5,""weight_class"":2}","{""raw"":""50% M / 50% F"",""male_percent"":50.0,""female_percent"":50.0,""genderless"":false}","[""Bug""]","[""Cave"",""Forest"",""Mountain"",""Rainforest""]",gen8,686,False,"{""unresolved_abilities"":0,""unresolved_move_references"":0,""unresolved_capabilities"":0}"
shuppet,Shuppet,,,,,,,,True,True,complete,"[""Ghost""]","{""hp"":4,""attack"":8,""defense"":4,""special_attack"":6,""special_defense"":3,""speed"":5}","{""raw"":""2' 0\"" / 0.6m (Small)"",""meters"":0.6,""size_class"":""Small""}","{""raw"":""5.1 lbs / 2.3kg (1)"",""kg"":2.3,""weight_class"":1}","{""raw"":""50% M / 50% F"",""male_percent"":50.0,""female_percent"":50.0,""genderless"":false}","[""Indeterminate""]","[""Cave"",""Urban""]",gen8,429,False,"{""unresolved_abilities"":0,""unresolved_move_references"":0,""unresolved_capabilities"":0}"
sigilyph,Sigilyph,,,,,,,,True,True,complete,"[""Psychic"",""Flying""]","{""hp"":7,""attack"":6,""defense"":8,""special_attack"":10,""special_defense"":8,""speed"":10}","{""raw"":""4' 7\"" / 1.4m (Medium)"",""meters"":1.4,""size_class"":""Medium""}","{""raw"":""30.9 lbs / 14kg (2)"",""kg"":14.0,""weight_class"":2}","{""raw"":""50% M / 50% F"",""male_percent"":50.0,""female_percent"":50.0,""genderless"":false}","[""Flying""]","[""Desert""]",gen8,746,False,"{""unresolved_abilities"":0,""unresolved_move_references"":0,""unresolved_capabilities"":0}"
silcoon,Silcoon,,,,,,,,True,True,complete,"[""Bug""]","{""hp"":5,""attack"":4,""defense"":6,""special_attack"":3,""special_defense"":3,""speed"":2}","{""raw"":""2' 0\"" / 0.6m (Small)"",""meters"":0.6,""size_class"":""Small""}","{""raw"":""22 lbs / 10kg (1)"",""kg"":10.0,""weight_class"":1}","{""raw"":""50% M / 50% F"",""male_percent"":50.0,""female_percent"":50.0,""genderless"":false}","[""Bug""]","[""Forest"",""Rainforest""]",gen8,95,False,"{""unresolved_abilities"":0,""unresolved_move_references"":1,""unresolved_capabilities"":0}"
silicobra,Silicobra,,,,,,,,True,True,complete,"[""Ground""]","{""hp"":5,""attack"":6,""defense"":8,""special_attack"":4,""special_defense"":5,""speed"":5}","{""raw"":""7' 3\"" / 2.2m (Medium)"",""meters"":2.2,""size_class"":""Medium""}","{""raw"":""16.8 lbs / 7.6kg (1)"",""kg"":7.6,""weight_class"":1}","{""raw"":""50% M / 50% F"",""male_percent"":50.0,""female_percent"":50.0,""genderless"":false}","[""Field"",""Dragon""]","[""Desert""]",gen8,500,False,"{""unresolved_abilities"":0,""unresolved_move_references"":0,""unresolved_capabilities"":0}"
silvally,Silvally,,,,,,,,True,True,complete,"[""Normal""]","{""hp"":10,""attack"":10,""defense"":10,""special_attack"":10,""special_defense"":10,""speed"":10}","{""raw"":""7' 7\"" / 2.3m (Large)"",""meters"":2.3,""size_class"":""Large""}","{""raw"":""221.1 lbs / 100.5kg (5)"",""kg"":100.5,""weight_class"":5}","{""raw"":""No Gender"",""genderless"":true,""male_percent"":0.0,""female_percent"":0.0}","[""None""]","[""Urban""]",gen8,935,False,"{""unresolved_abilities"":0,""unresolved_move_references"":0,""unresolved_capabilities"":0}"
simipour,Simipour,,,,,,,,True,True,complete,"[""Water""]","{""hp"":8,""attack"":10,""defense"":6,""special_attack"":10,""special_defense"":6,""speed"":10}","{""raw"":""3' 3\"" / 1m (Medium)"",""meters"":1.0,""size_class"":""Medium""}","{""raw"":""63.9 lbs / 29kg (3)"",""kg"":29.0,""weight_class"":3}","{""raw"":""87.5% M / 12.5% F"",""male_percent"":87.5,""female_percent"":12.5,""genderless"":false}","[""Field""]","[""Forest"",""Rainforest""]",gen8,672,False,"{""unresolved_abilities"":0,""unresolved_move_references"":0,""unresolved_capabilities"":0}"
simisage,Simisage,,,,,,,,True,True,complete,"[""Grass""]","{""hp"":8,""attack"":10,""defense"":6,""special_attack"":10,""special_defense"":6,""speed"":10}","{""raw"":""3' 7\"" / 1.1m (Medium)"",""meters"":1.1,""size_class"":""Medium""}","{""raw"":""67.2 lbs / 30.5kg (3)"",""kg"":30.5,""weight_class"":3}","{""raw"":""87.5% M / 12.5% F"",""male_percent"":87.5,""female_percent"":12.5,""genderless"":false}","[""Field""]","[""Forest"",""Rainforest""]",gen8,459,False,"{""unresolved_abilities"":0,""unresolved_move_references"":0,""unresolved_capabilities"":0}"
simisear,Simisear,,,,,,,,True,True,complete,"[""Fire""]","{""hp"":8,""attack"":10,""defense"":6,""special_attack"":10,""special_defense"":6,""speed"":10}","{""raw"":""3' 3\"" / 1m (Medium)"",""meters"":1.0,""size_class"":""Medium""}","{""raw"":""61.7 lbs / 28kg (3)"",""kg"":28.0,""weight_class"":3}","{""raw"":""87.5% M / 12.5% F"",""male_percent"":87.5,""female_percent"":12.5,""genderless"":false}","[""Field""]","[""Forest"",""Rainforest""]",gen8,417,False,"{""unresolved_abilities"":0,""unresolved_move_references"":0,""unresolved_capabilities"":0}"
sinistea,Sinistea,,,,,,,,True,True,complete,"[""Ghost""]","{""hp"":4,""attack"":5,""defense"":5,""special_attack"":7,""special_defense"":5,""speed"":5}","{""raw"":""0' 4\"" / 0.1m (Small)"",""meters"":0.1,""size_class"":""Small""}","{""raw"":""0.4 lbs / 0.2kg (1)"",""kg"":0.2,""weight_class"":1}","{""raw"":""No Gender"",""genderless"":true,""male_percent"":0.0,""female_percent"":0.0}","[""Mineral"",""Indeterminate""]","[""Urban""]",gen8,441,False,"{""unresolved_abilities"":0,""unresolved_move_references"":0,""unresolved_capabilities"":0}"
sirfetchd,Sirfetch’D,,,,,,,,True,True,complete,"[""Fighting""]","{""hp"":6,""attack"":14,""defense"":10,""special_attack"":7,""special_defense"":8,""speed"":7}","{""raw"":""2' 7\"" / 0.8m (Small)"",""meters"":0.8,""size_class"":""Small""}","{""raw"":""257.9 lbs / 117kg (5)"",""kg"":117.0,""weight_class"":5}","{""raw"":""50% M / 50% F"",""male_percent"":50.0,""female_percent"":50.0,""genderless"":false}","[""Flying"",""Field""]","[""Grassland""]",gen8,801,False,"{""unresolved_abilities"":0,""unresolved_move_references"":0,""unresolved_capabilities"":0}"
sizzlipede,Sizzlipede,,,,,,,,True,True,complete,"[""Fire"",""Bug""]","{""hp"":5,""attack"":7,""defense"":5,""special_attack"":5,""special_defense"":5,""speed"":5}","{""raw"":""2' 4\"" / 0.7m (Small)"",""meters"":0.7,""size_class"":""Small""}","{""raw"":""2.2 lbs / 1kg (1)"",""kg"":1.0,""weight_class"":1}","{""raw"":""50% M / 50% F"",""male_percent"":50.0,""female_percent"":50.0,""genderless"":false}","[""Bug""]","[""Grassland"",""Forest""]",gen8,423,False,"{""unresolved_abilities"":0,""unresolved_move_references"":0,""unresolved_capabilities"":0}"
skarmory,Skarmory,,,,,,,,True,True,complete,"[""Steel"",""Flying""]","{""hp"":7,""attack"":8,""defense"":14,""special_attack"":4,""special_defense"":7,""speed"":7}","{""raw"":""5' 7\"" / 1.7m (Medium)"",""meters"":1.7,""size_class"":""Medium""}","{""raw"":""111.3 lbs / 50.5kg (4)"",""kg"":50.5,""weight_class"":4}","{""raw"":""50% M / 50% F"",""male_percent"":50.0,""female_percent"":50.0,""genderless"":false}","[""Flying""]","[""Mountain""]",gen8,755,False,"{""unresolved_abilities"":0,""unresolved_move_references"":0,""unresolved_capabilities"":0}"
skiddo,Skiddo,,,,,,,,True,True,complete,"[""Grass""]","{""hp"":7,""attack"":7,""defense"":5,""special_attack"":6,""special_defense"":6,""speed"":5}","{""raw"":""2' 11\"" / 0.9m (Small)"",""meters"":0.9,""size_class"":""Small""}","{""raw"":""68.3 lbs / 31kg (3)"",""kg"":31.0,""weight_class"":3}","{""raw"":""50% M / 50% F"",""male_percent"":50.0,""female_percent"":50.0,""genderless"":false}","[""Field""]","[""Forest"",""Grassland"",""Urban""]",gen8,468,False,"{""unresolved_abilities"":0,""unresolved_move_references"":0,""unresolved_capabilities"":0}"
skiploom,Skiploom,,,,,,,,True,True,complete,"[""Grass"",""Flying""]","{""hp"":6,""attack"":5,""defense"":5,""special_attack"":5,""special_defense"":7,""speed"":5}","{""raw"":""2' 0\"" / 0.6m (Small)"",""meters"":0.6,""size_class"":""Small""}","{""raw"":""2.2 lbs / 1kg (1)"",""kg"":1.0,""weight_class"":1}","{""raw"":""50% M / 50% F"",""male_percent"":50.0,""female_percent"":50.0,""genderless"":false}","[""Fairy"",""Plant""]","[""Forest"",""Grassland""]",gen8,180,False,"{""unresolved_abilities"":0,""unresolved_move_references"":0,""unresolved_capabilities"":0}"
skitty,Skitty,,,,,,,,True,True,complete,"[""Normal""]","{""hp"":5,""attack"":5,""defense"":5,""special_attack"":4,""special_defense"":4,""speed"":5}","{""raw"":""2' 0\"" / 0.6m (Small)"",""meters"":0.6,""size_class"":""Small""}","{""raw"":""24.3 lbs / 11kg (1)"",""kg"":11.0,""weight_class"":1}","{""raw"":""25% M / 75% F"",""male_percent"":25.0,""female_percent"":75.0,""genderless"":false}","[""Field"",""Fairy""]","[""Forest"",""Grassland""]",gen8,537,False,"{""unresolved_abilities"":0,""unresolved_move_references"":0,""unresolved_capabilities"":0}"
skorupi,Skorupi,,,,,,,,True,True,complete,"[""Poison"",""Bug""]","{""hp"":4,""attack"":5,""defense"":9,""special_attack"":3,""special_defense"":6,""speed"":7}","{""raw"":""2' 7\"" / 0.8m (Small)"",""meters"":0.8,""size_class"":""Small""}","{""raw"":""26.5 lbs / 12kg (2)"",""kg"":12.0,""weight_class"":2}","{""raw"":""50% M / 50% F"",""male_percent"":50.0,""female_percent"":50.0,""genderless"":false}","[""Bug"",""Water 3""]","[""Forest"",""Marsh"",""Rainforest""]",gen8,576,False,"{""unresolved_abilities"":0,""unresolved_move_references"":0,""unresolved_capabilities"":0}"
skrelp,Skrelp,,,,,,,,True,True,complete,"[""Poison"",""Water""]","{""hp"":5,""attack"":6,""defense"":6,""special_attack"":6,""special_defense"":6,""speed"":3}","{""raw"":""1' 8\"" / 0.5m (Small)"",""meters"":0.5,""size_class"":""Small""}","{""raw"":""16.1 lbs / 7.3kg (1)"",""kg"":7.3,""weight_class"":1}","{""raw"":""50% M / 50% F"",""male_percent"":50.0,""female_percent"":50.0,""genderless"":false}","[""Water 1"",""Dragon""]","[""Ocean""]",gen8,582,False,"{""unresolved_abilities"":0,""unresolved_move_references"":0,""unresolved_capabilities"":0}"
skuntank,Skuntank,,,,,,,,True,True,complete,"[""Poison"",""Dark""]","{""hp"":10,""attack"":9,""defense"":7,""special_attack"":7,""special_defense"":6,""speed"":8}","{""raw"":""3' 3\"" / 1m (Medium)"",""meters"":1.0,""size_class"":""Medium""}","{""raw"":""83.8 lbs / 38kg (3)"",""kg"":38.0,""weight_class"":3}","{""raw"":""50% M / 50% F"",""male_percent"":50.0,""female_percent"":50.0,""genderless"":false}","[""Field""]","[""Forest"",""Grassland""]",gen8,575,False,"{""unresolved_abilities"":0,""unresolved_move_references"":0,""unresolved_capabilities"":0}"
skwovet,Skwovet,,,,,,,,True,True,complete,"[""Normal""]","{""hp"":7,""attack"":6,""defense"":6,""special_attack"":4,""special_defense"":4,""speed"":3}","{""raw"":""1' 0\"" / 0.3m (Small)"",""meters"":0.3,""size_class"":""Small""}","{""raw"":""5.5 lbs / 2.5kg (1)"",""kg"":2.5,""weight_class"":1}","{""raw"":""50% M / 50% F"",""male_percent"":50.0,""female_percent"":50.0,""genderless"":false}","[""Field""]","[""Forest"",""Grassland"",""Urban""]",gen8,561,False,"{""unresolved_abilities"":0,""unresolved_move_references"":0,""unresolved_capabilities"":0}"
slaking,Slaking,,,,,,,,True,True,complete,"[""Normal""]","{""hp"":15,""attack"":16,""defense"":10,""special_attack"":10,""special_defense"":7,""speed"":10}","{""raw"":""6' 7\"" / 2m (Large)"",""meters"":2.0,""size_class"":""Large""}","{""raw"":""287.7 lbs / 130.5kg (5)"",""kg"":130.5,""weight_class"":5}","{""raw"":""50% M / 50% F"",""male_percent"":50.0,""female_percent"":50.0,""genderless"":false}","[""Field""]","[""Forest"",""Rainforest"",""Taiga""]",gen8,223,False,"{""unresolved_abilities"":0,""unresolved_move_references"":0,""unresolved_capabilities"":0}"
slakoth,Slakoth,,,,,,,,True,True,complete,"[""Normal""]","{""hp"":6,""attack"":6,""defense"":6,""special_attack"":4,""special_defense"":4,""speed"":3}","{""raw"":""2' 7\"" / 0.8m (Small)"",""meters"":0.8,""size_class"":""Small""}","{""raw"":""52.9 lbs / 24kg (2)"",""kg"":24.0,""weight_class"":2}","{""raw"":""50% M / 50% F"",""male_percent"":50.0,""female_percent"":50.0,""genderless"":false}","[""Field""]","[""Forest"",""Rainforest"",""Taiga""]",gen8,221,False,"{""unresolved_abilities"":0,""unresolved_move_references"":0,""unresolved_capabilities"":0}"
sliggoo,Sliggoo,,,,,,,,True,True,complete,"[""Dragon""]","{""hp"":7,""attack"":8,""defense"":5,""special_attack"":8,""special_defense"":11,""speed"":6}","{""raw"":""2' 7\"" / 0.8m (Small)"",""meters"":0.8,""size_class"":""Small""}","{""raw"":""38.6 lbs / 17.5kg (2)"",""kg"":17.5,""weight_class"":2}","{""raw"":""50% M / 50% F"",""male_percent"":50.0,""female_percent"":50.0,""genderless"":false}","[""Dragon""]","[""Marsh"",""Rainforest""]",gen8,857,False,"{""unresolved_abilities"":0,""unresolved_move_references"":3,""unresolved_capabilities"":1}"
slowbro,Slowbro,,,,,,,,True,True,complete,"[""Water"",""Psychic""]","{""hp"":10,""attack"":8,""defense"":11,""special_attack"":10,""special_defense"":8,""speed"":3}","{""raw"":""5' 3\"" / 1.6m (Medium)"",""meters"":1.6,""size_class"":""Medium""}","{""raw"":""173.1 lbs / 78.5kg (4)"",""kg"":78.5,""weight_class"":4}","{""raw"":""50% M / 50% F"",""male_percent"":50.0,""female_percent"":50.0,""genderless"":false}","[""Monster"",""Water 1""]","[""Beach"",""Freshwater""]",gen8,628,False,"{""unresolved_abilities"":0,""unresolved_move_references"":0,""unresolved_capabilities"":0}"
slowking,Slowking,,,,,,,,True,True,complete,"[""Water"",""Psychic""]","{""hp"":10,""attack"":8,""defense"":8,""special_attack"":10,""special_defense"":11,""speed"":3}","{""raw"":""6' 7\"" / 2m (Medium)"",""meters"":2.0,""size_class"":""Medium""}","{""raw"":""175.3 lbs / 79.5kg (4)"",""kg"":79.5,""weight_class"":4}","{""raw"":""50% M / 50% F"",""male_percent"":50.0,""female_percent"":50.0,""genderless"":false}","[""Monster"",""Water 1""]","[""Beach"",""Freshwater""]",gen8,629,False,"{""unresolved_abilities"":0,""unresolved_move_references"":0,""unresolved_capabilities"":0}"
slowpoke,Slowpoke,,,,,,,,True,True,complete,"[""Water"",""Psychic""]","{""hp"":9,""attack"":7,""defense"":7,""special_attack"":4,""special_defense"":4,""speed"":2}","{""raw"":""3' 11\"" / 1.2m (Medium)"",""meters"":1.2,""size_class"":""Medium""}","{""raw"":""79.4 lbs / 36kg (3)"",""kg"":36.0,""weight_class"":3}","{""raw"":""50% M / 50% F"",""male_percent"":50.0,""female_percent"":50.0,""genderless"":false}","[""Monster"",""Water 1""]","[""Beach"",""Freshwater""]",gen8,627,False,"{""unresolved_abilities"":0,""unresolved_move_references"":0,""unresolved_capabilities"":0}"
slugma,Slugma,,,,,,,,True,True,complete,"[""Fire""]","{""hp"":4,""attack"":4,""defense"":4,""special_attack"":7,""special_defense"":4,""speed"":2}","{""raw"":""2' 4\"" / 0.7m (Small)"",""meters"":0.7,""size_class"":""Small""}","{""raw"":""77.2 lbs / 35kg (3)"",""kg"":35.0,""weight_class"":3}","{""raw"":""50% M / 50% F"",""male_percent"":50.0,""female_percent"":50.0,""genderless"":false}","[""Indeterminate""]","[""Cave"",""Mountain""]",gen8,412,False,"{""unresolved_abilities"":0,""unresolved_move_references"":0,""unresolved_capabilities"":0}"
slurpuff,Slurpuff,,,,,,,,True,True,complete,"[""Fairy""]","{""hp"":8,""attack"":8,""defense"":9,""special_attack"":9,""special_defense"":8,""speed"":7}","{""raw"":""2' 7\"" / 0.8m (Small)"",""meters"":0.8,""size_class"":""Small""}","{""raw"":""11 lbs / 5kg (1)"",""kg"":5.0,""weight_class"":1}","{""raw"":""50% M / 50% F"",""male_percent"":50.0,""female_percent"":50.0,""genderless"":false}","[""Fairy""]","[""Grassland""]",gen8,383,False,"{""unresolved_abilities"":0,""unresolved_move_references"":0,""unresolved_capabilities"":0}"
smeargle,Smeargle,,,,,,,,True,True,complete,"[""Normal""]","{""hp"":6,""attack"":2,""defense"":4,""special_attack"":2,""special_defense"":5,""speed"":8}","{""raw"":""3' 11\"" / 1.2m (Medium)"",""meters"":1.2,""size_class"":""Medium""}","{""raw"":""127.9 lbs / 58kg (4)"",""kg"":58.0,""weight_class"":4}","{""raw"":""50% M / 50% F"",""male_percent"":50.0,""female_percent"":50.0,""genderless"":false}","[""Field""]","[""Cave"",""Forest"",""Mountain"",""Urban""]",gen8,731,False,"{""unresolved_abilities"":0,""unresolved_move_references"":1,""unresolved_capabilities"":0}"
smoochum,Smoochum,,,,,,,,True,True,complete,"[""Ice"",""Psychic""]","{""hp"":5,""attack"":3,""defense"":2,""special_attack"":9,""special_defense"":7,""speed"":7}","{""raw"":""1' 4\"" / 0.4m (Small)"",""meters"":0.4,""size_class"":""Small""}","{""raw"":""13.2 lbs / 6kg (1)"",""kg"":6.0,""weight_class"":1}","{""raw"":""0% M / 100% F"",""male_percent"":0.0,""female_percent"":100.0,""genderless"":false}","[""Humanshape""]","[""Taiga"",""Tundra"",""Urban""]",gen8,502,False,"{""unresolved_abilities"":0,""unresolved_move_references"":0,""unresolved_capabilities"":0}"
sneasel,Sneasel,,,,,,,,True,True,complete,"[""Dark"",""Ice""]","{""hp"":6,""attack"":10,""defense"":6,""special_attack"":4,""special_defense"":8,""speed"":12}","{""raw"":""2' 11\"" / 0.9m (Small)"",""meters"":0.9,""size_class"":""Small""}","{""raw"":""61.7 lbs / 28kg (3)"",""kg"":28.0,""weight_class"":3}","{""raw"":""50% M / 50% F"",""male_percent"":50.0,""female_percent"":50.0,""genderless"":false}","[""Field""]","[""Cave"",""Taiga"",""Tundra""]",gen8,346,False,"{""unresolved_abilities"":0,""unresolved_move_references"":0,""unresolved_capabilities"":0}"
snivy,Snivy,,,,,,,,True,True,complete,"[""Grass""]","{""hp"":5,""attack"":5,""defense"":6,""special_attack"":5,""special_defense"":6,""speed"":6}","{""raw"":""2' 0\"" / 0.6m (Small)"",""meters"":0.6,""size_class"":""Small""}","{""raw"":""17.9 lbs / 8.1kg (1)"",""kg"":8.1,""weight_class"":1}","{""raw"":""87.5% M / 12.5% F"",""male_percent"":87.5,""female_percent"":12.5,""genderless"":false}","[""Field"",""Plant""]","[""Forest"",""Rainforest""]",gen8,28,False,"{""unresolved_abilities"":0,""unresolved_move_references"":0,""unresolved_capabilities"":0}"
snom,Snom,,,,,,,,True,True,complete,"[""Ice"",""Bug""]","{""hp"":3,""attack"":3,""defense"":4,""special_attack"":5,""special_defense"":3,""speed"":2}","{""raw"":""1' 0\"" / 0.3m (Small)"",""meters"":0.3,""size_class"":""Small""}","{""raw"":""8.4 lbs / 3.8kg (1)"",""kg"":3.8,""weight_class"":1}","{""raw"":""50% M / 50% F"",""male_percent"":50.0,""female_percent"":50.0,""genderless"":false}","[""Bug""]","[""Taiga"",""Tundra""]",gen8,511,False,"{""unresolved_abilities"":0,""unresolved_move_references"":2,""unresolved_capabilities"":0}"
snorlax,Snorlax,,,,,,,,True,True,complete,"[""Normal""]","{""hp"":16,""attack"":11,""defense"":7,""special_attack"":7,""special_defense"":11,""speed"":3}","{""raw"":""6' 11\"" / 2.1m (Large)"",""meters"":2.1,""size_class"":""Large""}","{""raw"":""1014.1 lbs / 460kg (6)"",""kg"":460.0,""weight_class"":6}","{""raw"":""87.5% M / 12.5% F"",""male_percent"":87.5,""female_percent"":12.5,""genderless"":false}","[""Monster""]","[""Forest"",""Mountain"",""Taiga"",""Urban""]",gen8,524,False,"{""unresolved_abilities"":0,""unresolved_move_references"":0,""unresolved_capabilities"":0}"
snorunt,Snorunt,,,,,,,,True,True,complete,"[""Ice""]","{""hp"":5,""attack"":5,""defense"":5,""special_attack"":5,""special_defense"":5,""speed"":5}","{""raw"":""2' 4\"" / 0.7m (Small)"",""meters"":0.7,""size_class"":""Small""}","{""raw"":""37 lbs / 16.8kg (2)"",""kg"":16.8,""weight_class"":2}","{""raw"":""50% M / 50% F"",""male_percent"":50.0,""female_percent"":50.0,""genderless"":false}","[""Fairy"",""Mineral""]","[""Cave"",""Taiga"",""Tundra""]",gen8,504,False,"{""unresolved_abilities"":0,""unresolved_move_references"":0,""unresolved_capabilities"":0}"
snover,Snover,,,,,,,,True,True,complete,"[""Grass"",""Ice""]","{""hp"":6,""attack"":6,""defense"":5,""special_attack"":6,""special_defense"":6,""speed"":4}","{""raw"":""3' 3\"" / 1m (Medium)"",""meters"":1.0,""size_class"":""Medium""}","{""raw"":""111.3 lbs / 50.5kg (4)"",""kg"":50.5,""weight_class"":4}","{""raw"":""50% M / 50% F"",""male_percent"":50.0,""female_percent"":50.0,""genderless"":false}","[""Monster"",""Plant""]","[""Taiga""]",gen8,456,False,"{""unresolved_abilities"":0,""unresolved_move_references"":0,""unresolved_capabilities"":0}"
snubbull,Snubbull,,,,,,,,True,True,complete,"[""Fairy""]","{""hp"":6,""attack"":8,""defense"":5,""special_attack"":4,""special_defense"":4,""speed"":3}","{""raw"":""2' 0\"" / 0.6m (Small)"",""meters"":0.6,""size_class"":""Small""}","{""raw"":""17.2 lbs / 7.8kg (1)"",""kg"":7.8,""weight_class"":1}","{""raw"":""25% M / 75% F"",""male_percent"":25.0,""female_percent"":75.0,""genderless"":false}","[""Field"",""Fairy""]","[""Forest"",""Urban""]",gen8,378,False,"{""unresolved_abilities"":0,""unresolved_move_references"":0,""unresolved_capabilities"":0}"
sobble,Sobble,,,,,,,,True,True,complete,"[""Water""]","{""hp"":5,""attack"":4,""defense"":4,""special_attack"":7,""special_defense"":4,""speed"":7}","{""raw"":""1' 0\"" / 0.3m (Small)"",""meters"":0.3,""size_class"":""Small""}","{""raw"":""8.8 lbs / 4kg (1)"",""kg"":4.0,""weight_class"":1}","{""raw"":""87.5% M / 12.5% F"",""male_percent"":87.5,""female_percent"":12.5,""genderless"":false}","[""Water 1"",""Field""]","[""Freshwater"",""Marsh""]",gen8,85,False,"{""unresolved_abilities"":0,""unresolved_move_references"":0,""unresolved_capabilities"":0}"
solgaleo,Solgaleo,,,,,,,,True,True,complete,"[""Psychic"",""Steel""]","{""hp"":14,""attack"":14,""defense"":11,""special_attack"":11,""special_defense"":9,""speed"":10}","{""raw"":""11' 2\"" / 3.4m (Huge)"",""meters"":3.4,""size_class"":""Huge""}","{""raw"":""507.1 lbs / 230kg (6)"",""kg"":230.0,""weight_class"":6}","{""raw"":""No Gender"",""genderless"":true,""male_percent"":0.0,""female_percent"":0.0}","[""None""]","[""Ultra Space""]",gen8,942,False,"{""unresolved_abilities"":0,""unresolved_move_references"":0,""unresolved_capabilities"":0}"
solosis,Solosis,,,,,,,,True,True,complete,"[""Psychic""]","{""hp"":5,""attack"":3,""defense"":4,""special_attack"":11,""special_defense"":5,""speed"":2}","{""raw"":""1' 0\"" / 0.3m (Small)"",""meters"":0.3,""size_class"":""Small""}","{""raw"":""2.2 lbs / 1kg (1)"",""kg"":1.0,""weight_class"":1}","{""raw"":""50% M / 50% F"",""male_percent"":50.0,""female_percent"":50.0,""genderless"":false}","[""Indeterminate""]","[""Cave"",""Forest""]",gen8,262,False,"{""unresolved_abilities"":0,""unresolved_move_references"":0,""unresolved_capabilities"":0}"
solrock,Solrock,,,,,,,,True,True,complete,"[""Rock"",""Psychic""]","{""hp"":9,""attack"":10,""defense"":9,""special_attack"":6,""special_defense"":7,""speed"":7}","{""raw"":""3' 11\"" / 1.2m (Medium)"",""meters"":1.2,""size_class"":""Medium""}","{""raw"":""339.5 lbs / 154kg (5)"",""kg"":154.0,""weight_class"":5}","{""raw"":""No Gender"",""genderless"":true,""male_percent"":0.0,""female_percent"":0.0}","[""Mineral""]","[""Cave"",""Mountain""]",gen8,750,False,"{""unresolved_abilities"":0,""unresolved_move_references"":0,""unresolved_capabilities"":1}"
spearow,Spearow,,,,,,,,True,True,complete,"[""Normal"",""Flying""]","{""hp"":4,""attack"":6,""defense"":3,""special_attack"":3,""special_defense"":3,""speed"":7}","{""raw"":""1' 0\"" / 0.3m (Small)"",""meters"":0.3,""size_class"":""Small""}","{""raw"":""4.4 lbs / 2kg (1)"",""kg"":2.0,""weight_class"":1}","{""raw"":""50% M / 50% F"",""male_percent"":50.0,""female_percent"":50.0,""genderless"":false}","[""Flying""]","[""Forest"",""Grassland"",""Mountain"",""Urban""]",gen8,515,False,"{""unresolved_abilities"":0,""unresolved_move_references"":0,""unresolved_capabilities"":0}"
spewpa,Spewpa,,,,,,,,True,True,complete,"[""Bug""]","{""hp"":5,""attack"":2,""defense"":6,""special_attack"":3,""special_defense"":3,""speed"":3}","{""raw"":""1' 0\"" / 0.3m (Small)"",""meters"":0.3,""size_class"":""Small""}","{""raw"":""18.5 lbs / 8.4kg (1)"",""kg"":8.4,""weight_class"":1}","{""raw"":""50% M / 50% F"",""male_percent"":50.0,""female_percent"":50.0,""genderless"":false}","[""Bug""]","[""Forest"",""Grassland""]",gen8,106,False,"{""unresolved_abilities"":0,""unresolved_move_references"":2,""unresolved_capabilities"":0}"
spheal,Spheal,,,,,,,,True,True,complete,"[""Ice"",""Water""]","{""hp"":7,""attack"":4,""defense"":5,""special_attack"":6,""special_defense"":5,""speed"":3}","{""raw"":""2' 7\"" / 0.8m (Small)"",""meters"":0.8,""size_class"":""Small""}","{""raw"":""87.1 lbs / 39.5kg (3)"",""kg"":39.5,""weight_class"":3}","{""raw"":""50% M / 50% F"",""male_percent"":50.0,""female_percent"":50.0,""genderless"":false}","[""Water 1"",""Field""]","[""Ocean"",""Tundra""]",gen8,203,False,"{""unresolved_abilities"":0,""unresolved_move_references"":1,""unresolved_capabilities"":0}"
spinarak,Spinarak,,,,,,,,True,True,complete,"[""Bug"",""Poison""]","{""hp"":4,""attack"":6,""defense"":4,""special_attack"":4,""special_defense"":4,""speed"":3}","{""raw"":""1' 8\"" / 0.5m (Small)"",""meters"":0.5,""size_class"":""Small""}","{""raw"":""18.7 lbs / 8.5kg (1)"",""kg"":8.5,""weight_class"":1}","{""raw"":""50% M / 50% F"",""male_percent"":50.0,""female_percent"":50.0,""genderless"":false}","[""Bug""]","[""Forest"",""Rainforest""]",gen8,310,False,"{""unresolved_abilities"":0,""unresolved_move_references"":0,""unresolved_capabilities"":0}"
spinda,Spinda,,,,,,,,True,True,complete,"[""Normal""]","{""hp"":6,""attack"":6,""defense"":6,""special_attack"":6,""special_defense"":6,""speed"":6}","{""raw"":""3' 7\"" / 1.1m (Medium)"",""meters"":1.1,""size_class"":""Medium""}","{""raw"":""11 lbs / 5kg (1)"",""kg"":5.0,""weight_class"":1}","{""raw"":""50% M / 50% F"",""male_percent"":50.0,""female_percent"":50.0,""genderless"":false}","[""Field"",""Humanshape""]","[""Forest"",""Grassland""]",gen8,733,False,"{""unresolved_abilities"":0,""unresolved_move_references"":0,""unresolved_capabilities"":0}"
spiritomb,Spiritomb,,,,,,,,True,True,complete,"[""Ghost"",""Dark""]","{""hp"":5,""attack"":9,""defense"":11,""special_attack"":9,""special_defense"":11,""speed"":4}","{""raw"":""3' 3\"" / 1m (Medium)"",""meters"":1.0,""size_class"":""Medium""}","{""raw"":""238.1 lbs / 108kg (5)"",""kg"":108.0,""weight_class"":5}","{""raw"":""50% M / 50% F"",""male_percent"":50.0,""female_percent"":50.0,""genderless"":false}","[""Indeterminate""]","[""Cave"",""Forest"",""Urban""]",gen8,714,False,"{""unresolved_abilities"":0,""unresolved_move_references"":0,""unresolved_capabilities"":0}"
spoink,Spoink,,,,,,,,True,True,complete,"[""Psychic""]","{""hp"":6,""attack"":3,""defense"":4,""special_attack"":7,""special_defense"":8,""speed"":6}","{""raw"":""2' 4\"" / 0.7m (Small)"",""meters"":0.7,""size_class"":""Small""}","{""raw"":""67.5 lbs / 30.6kg (3)"",""kg"":30.6,""weight_class"":3}","{""raw"":""50% M / 50% F"",""male_percent"":50.0,""female_percent"":50.0,""genderless"":false}","[""Field""]","[""Forest"",""Grassland"",""Taiga""]",gen8,594,False,"{""unresolved_abilities"":0,""unresolved_move_references"":0,""unresolved_capabilities"":0}"
spritzee,Spritzee,,,,,,,,True,True,complete,"[""Fairy""]","{""hp"":8,""attack"":5,""defense"":6,""special_attack"":6,""special_defense"":7,""speed"":2}","{""raw"":""0' 8\"" / 0.2m (Small)"",""meters"":0.2,""size_class"":""Small""}","{""raw"":""1.1 lbs / 0.5kg (1)"",""kg"":0.5,""weight_class"":1}","{""raw"":""50% M / 50% F"",""male_percent"":50.0,""female_percent"":50.0,""genderless"":false}","[""Fairy""]","[""Grassland"",""Forest""]",gen8,380,False,"{""unresolved_abilities"":0,""unresolved_move_references"":0,""unresolved_capabilities"":0}"
squirtle,Squirtle,,,,,,,,True,True,complete,"[""Water""]","{""hp"":4,""attack"":5,""defense"":7,""special_attack"":5,""special_defense"":6,""speed"":4}","{""raw"":""1' 8\"" / 0.5m (Small)"",""meters"":0.5,""size_class"":""Small""}","{""raw"":""19.8 lbs / 9kg (1)"",""kg"":9.0,""weight_class"":1}","{""raw"":""87.5% M / 12.5% F"",""male_percent"":87.5,""female_percent"":12.5,""genderless"":false}","[""Monster"",""Water 1""]","[""Beach"",""Freshwater"",""Ocean""]",gen8,64,False,"{""unresolved_abilities"":0,""unresolved_move_references"":0,""unresolved_capabilities"":0}"
stakataka,Stakataka,,,,,,,,True,True,complete,"[""Rock"",""Steel""]","{""hp"":6,""attack"":13,""defense"":21,""special_attack"":5,""special_defense"":10,""speed"":1}","{""raw"":""18' 1\"" / 5.5m (Huge)"",""meters"":5.5,""size_class"":""Huge""}","{""raw"":""1087.8 lbs / 820kg (6)"",""kg"":820.0,""weight_class"":6}","{""raw"":""No Gender"",""genderless"":true,""male_percent"":0.0,""female_percent"":0.0}","[""None""]","[""Ultra Space""]",gen8,956,False,"{""unresolved_abilities"":0,""unresolved_move_references"":0,""unresolved_capabilities"":0}"
stantler,Stantler,,,,,,,,True,True,complete,"[""Normal""]","{""hp"":7,""attack"":10,""defense"":6,""special_attack"":9,""special_defense"":7,""speed"":9}","{""raw"":""4' 7\"" / 1.4m (Medium)"",""meters"":1.4,""size_class"":""Medium""}","{""raw"":""157 lbs / 71.2kg (4)"",""kg"":71.2,""weight_class"":4}","{""raw"":""50% M / 50% F"",""male_percent"":50.0,""female_percent"":50.0,""genderless"":false}","[""Field""]","[""Forest"",""Taiga""]",gen8,730,False,"{""unresolved_abilities"":0,""unresolved_move_references"":2,""unresolved_capabilities"":0}"
staraptor,Staraptor,,,,,,,,True,True,complete,"[""Normal"",""Flying""]","{""hp"":9,""attack"":12,""defense"":7,""special_attack"":5,""special_defense"":6,""speed"":10}","{""raw"":""3' 11\"" / 1.2m (Medium)"",""meters"":1.2,""size_class"":""Medium""}","{""raw"":""54.9 lbs / 24.9kg (2)"",""kg"":24.9,""weight_class"":2}","{""raw"":""50% M / 50% F"",""male_percent"":50.0,""female_percent"":50.0,""genderless"":false}","[""Flying""]","[""Forest"",""Grassland""]",gen8,229,False,"{""unresolved_abilities"":0,""unresolved_move_references"":0,""unresolved_capabilities"":0}"
staravia,Staravia,,,,,,,,True,True,complete,"[""Normal"",""Flying""]","{""hp"":6,""attack"":8,""defense"":5,""special_attack"":4,""special_defense"":4,""speed"":8}","{""raw"":""2' 0\"" / 0.6m (Small)"",""meters"":0.6,""size_class"":""Small""}","{""raw"":""34.2 lbs / 15.5kg (2)"",""kg"":15.5,""weight_class"":2}","{""raw"":""50% M / 50% F"",""male_percent"":50.0,""female_percent"":50.0,""genderless"":false}","[""Flying""]","[""Forest"",""Grassland"",""Urban""]",gen8,228,False,"{""unresolved_abilities"":0,""unresolved_move_references"":0,""unresolved_capabilities"":0}"
starly,Starly,,,,,,,,True,True,complete,"[""Normal"",""Flying""]","{""hp"":4,""attack"":6,""defense"":3,""special_attack"":3,""special_defense"":3,""speed"":6}","{""raw"":""1' 0\"" / 0.3m (Small)"",""meters"":0.3,""size_class"":""Small""}","{""raw"":""4.4 lbs / 2kg (1)"",""kg"":2.0,""weight_class"":1}","{""raw"":""50% M / 50% F"",""male_percent"":50.0,""female_percent"":50.0,""genderless"":false}","[""Flying""]","[""Forest"",""Grassland"",""Urban""]",gen8,227,False,"{""unresolved_abilities"":0,""unresolved_move_references"":0,""unresolved_capabilities"":0}"
starmie,Starmie,,,,,,,,True,True,complete,"[""Water"",""Psychic""]","{""hp"":6,""attack"":8,""defense"":9,""special_attack"":10,""special_defense"":9,""speed"":12}","{""raw"":""3' 7\"" / 1.1m (Medium)"",""meters"":1.1,""size_class"":""Medium""}","{""raw"":""176.4 lbs / 80kg (4)"",""kg"":80.0,""weight_class"":4}","{""raw"":""Hermaphrodite""}","[""Water 3""]","[""Ocean""]",gen8,639,False,"{""unresolved_abilities"":0,""unresolved_move_references"":0,""unresolved_capabilities"":0}"
staryu,Staryu,,,,,,,,True,True,complete,"[""Water""]","{""hp"":3,""attack"":5,""defense"":6,""special_attack"":7,""special_defense"":6,""speed"":9}","{""raw"":""2' 7\"" / 0.8m (Small)"",""meters"":0.8,""size_class"":""Small""}","{""raw"":""76.1 lbs / 34.5kg (3)"",""kg"":34.5,""weight_class"":3}","{""raw"":""Hermaphrodite""}","[""Water 3""]","[""Ocean""]",gen8,638,False,"{""unresolved_abilities"":0,""unresolved_move_references"":0,""unresolved_capabilities"":0}"
steelix,Steelix,,,,,,,,True,True,complete,"[""Steel"",""Ground""]","{""hp"":8,""attack"":9,""defense"":20,""special_attack"":6,""special_defense"":7,""speed"":3}","{""raw"":""30' 2\"" / 9.2m (Gigantic)"",""meters"":9.2,""size_class"":""Gigantic""}","{""raw"":""881.1 lbs / 400kg (6)"",""kg"":400.0,""weight_class"":6}","{""raw"":""50% M / 50% F"",""male_percent"":50.0,""female_percent"":50.0,""genderless"":false}","[""Mineral""]","[""Cave"",""Desert"",""Mountain""]",gen8,608,False,"{""unresolved_abilities"":0,""unresolved_move_references"":0,""unresolved_capabilities"":0}"
steenee,Steenee,,,,,,,,True,True,complete,"[""Grass""]","{""hp"":5,""attack"":4,""defense"":5,""special_attack"":4,""special_defense"":5,""speed"":6}","{""raw"":""2' 4\"" / 0.7m (Small)"",""meters"":0.7,""size_class"":""Small""}","{""raw"":""18.1 lbs / 8.2kg (1)"",""kg"":8.2,""weight_class"":1}","{""raw"":""0% M / 100% F"",""male_percent"":0.0,""female_percent"":100.0,""genderless"":false}","[""Plant""]","[""Forest"",""Rainforest""]",gen8,189,False,"{""unresolved_abilities"":0,""unresolved_move_references"":0,""unresolved_capabilities"":0}"
stonjourner,Stonjourner,,,,,,,,True,True,complete,"[""Rock""]","{""hp"":10,""attack"":13,""defense"":14,""special_attack"":2,""special_defense"":2,""speed"":7}","{""raw"":""8' 2\"" / 2.5m (Large)"",""meters"":2.5,""size_class"":""Large""}","{""raw"":""1146.4 lbs / 520kg (5)"",""kg"":520.0,""weight_class"":5}","{""raw"":""50% M / 50% F"",""male_percent"":50.0,""female_percent"":50.0,""genderless"":false}","[""Mineral""]","[""Grassland"",""Mountain""]",gen8,754,False,"{""unresolved_abilities"":0,""unresolved_move_references"":0,""unresolved_capabilities"":0}"
stoutland,Stoutland,,,,,,,,True,True,complete,"[""Normal""]","{""hp"":9,""attack"":11,""defense"":9,""special_attack"":5,""special_defense"":9,""speed"":8}","{""raw"":""3' 11\"" / 1.2m (Medium)"",""meters"":1.2,""size_class"":""Medium""}","{""raw"":""134.5 lbs / 61kg (4)"",""kg"":61.0,""weight_class"":4}","{""raw"":""50% M / 50% F"",""male_percent"":50.0,""female_percent"":50.0,""genderless"":false}","[""Field""]","[""Grassland"",""Urban""]",gen8,232,False,"{""unresolved_abilities"":0,""unresolved_move_references"":0,""unresolved_capabilities"":0}"
stufful,Stufful,,,,,,,,True,True,complete,"[""Normal"",""Fighting""]","{""hp"":7,""attack"":8,""defense"":5,""special_attack"":5,""special_defense"":5,""speed"":5}","{""raw"":""1' 8\"" / 0.5m (Small)"",""meters"":0.5,""size_class"":""Small""}","{""raw"":""15 lbs / 6.8kg (1)"",""kg"":6.8,""weight_class"":1}","{""raw"":""50% M / 50% F"",""male_percent"":50.0,""female_percent"":50.0,""genderless"":false}","[""Field""]","[""Forest"",""Grassland""]",gen8,559,False,"{""unresolved_abilities"":0,""unresolved_move_references"":0,""unresolved_capabilities"":0}"
stunfisk,Stunfisk,,,,,,,,True,True,complete,"[""Ground"",""Electric""]","{""hp"":11,""attack"":7,""defense"":8,""special_attack"":8,""special_defense"":10,""speed"":3}","{""raw"":""2' 4\"" / 0.7m (Small)"",""meters"":0.7,""size_class"":""Small""}","{""raw"":""24.3 lbs / 11kg (1)"",""kg"":11.0,""weight_class"":1}","{""raw"":""50% M / 50% F"",""male_percent"":50.0,""female_percent"":50.0,""genderless"":false}","[""Water 1"",""Indeterminate""]","[""Freshwater"",""Marsh""]",gen8,720,False,"{""unresolved_abilities"":0,""unresolved_move_references"":0,""unresolved_capabilities"":0}"
stunfisk-galar,STUNFISK Galar,,,,,,,,True,True,complete,"[""Ground"",""Steel""]","{""hp"":11,""attack"":8,""defense"":10,""special_attack"":7,""special_defense"":8,""speed"":3}","{""raw"":""2' 4\"" / 0.7m (Small)"",""meters"":0.7,""size_class"":""Small""}","{""raw"":""45.2 lbs / 20.5kg (2)"",""kg"":20.5,""weight_class"":2}","{""raw"":""50% M / 50% F"",""male_percent"":50.0,""female_percent"":50.0,""genderless"":false}","[""Water 1"",""Indeterminate""]","[""Cave""]",gen8,812,False,"{""unresolved_abilities"":0,""unresolved_move_references"":0,""unresolved_capabilities"":0}"
stunky,Stunky,,,,,,,,True,True,complete,"[""Poison"",""Dark""]","{""hp"":6,""attack"":6,""defense"":5,""special_attack"":4,""special_defense"":4,""speed"":7}","{""raw"":""1' 4\"" / 0.4m (Small)"",""meters"":0.4,""size_class"":""Small""}","{""raw"":""42.3 lbs / 19.2kg (2)"",""kg"":19.2,""weight_class"":2}","{""raw"":""50% M / 50% F"",""male_percent"":50.0,""female_percent"":50.0,""genderless"":false}","[""Field""]","[""Forest"",""Grassland""]",gen8,574,False,"{""unresolved_abilities"":0,""unresolved_move_references"":0,""unresolved_capabilities"":0}"
sudowoodo,Sudowoodo,,,,,,,,True,True,complete,"[""Rock""]","{""hp"":7,""attack"":10,""defense"":12,""special_attack"":3,""special_defense"":7,""speed"":3}","{""raw"":""3' 11\"" / 1.2m (Medium)"",""meters"":1.2,""size_class"":""Medium""}","{""raw"":""83.8 lbs / 38kg (3)"",""kg"":38.0,""weight_class"":3}","{""raw"":""50% M / 50% F"",""male_percent"":50.0,""female_percent"":50.0,""genderless"":false}","[""Mineral""]","[""Forest"",""Taiga""]",gen8,612,False,"{""unresolved_abilities"":0,""unresolved_move_references"":0,""unresolved_capabilities"":0}"
suicune,Suicune,,,,,,,,True,True,complete,"[""Water""]","{""hp"":10,""attack"":8,""defense"":12,""special_attack"":9,""special_defense"":12,""speed"":9}","{""raw"":""6' 7\"" / 2m (Large)"",""meters"":2.0,""size_class"":""Large""}","{""raw"":""412.3 lbs / 187kg (5)"",""kg"":187.0,""weight_class"":5}","{""raw"":""No Gender"",""genderless"":true,""male_percent"":0.0,""female_percent"":0.0}","[""None""]","[""Grassland""]",gen8,873,False,"{""unresolved_abilities"":0,""unresolved_move_references"":0,""unresolved_capabilities"":0}"
sunflora,Sunflora,,,,,,,,True,True,complete,"[""Grass""]","{""hp"":8,""attack"":8,""defense"":6,""special_attack"":11,""special_defense"":9,""speed"":3}","{""raw"":""2' 7\"" / 0.8m (Small)"",""meters"":0.8,""size_class"":""Small""}","{""raw"":""18.7 lbs / 8.5kg (1)"",""kg"":8.5,""weight_class"":1}","{""raw"":""50% M / 50% F"",""male_percent"":50.0,""female_percent"":50.0,""genderless"":false}","[""Plant""]","[""Grassland""]",gen8,449,False,"{""unresolved_abilities"":0,""unresolved_move_references"":0,""unresolved_capabilities"":0}"
sunkern,Sunkern,,,,,,,,True,True,complete,"[""Grass""]","{""hp"":3,""attack"":3,""defense"":3,""special_attack"":3,""special_defense"":3,""speed"":3}","{""raw"":""1' 0\"" / 0.3m (Small)"",""meters"":0.3,""size_class"":""Small""}","{""raw"":""4 lbs / 1.8kg (1)"",""kg"":1.8,""weight_class"":1}","{""raw"":""50% M / 50% F"",""male_percent"":50.0,""female_percent"":50.0,""genderless"":false}","[""Plant""]","[""Forest"",""Grassland""]",gen8,448,False,"{""unresolved_abilities"":0,""unresolved_move_references"":0,""unresolved_capabilities"":0}"
surskit,Surskit,,,,,,,,True,True,complete,"[""Bug"",""Water""]","{""hp"":4,""attack"":3,""defense"":3,""special_attack"":5,""special_defense"":5,""speed"":7}","{""raw"":""1' 8\"" / 0.5m (Small)"",""meters"":0.5,""size_class"":""Small""}","{""raw"":""3.7 lbs / 1.7kg (1)"",""kg"":1.7,""weight_class"":1}","{""raw"":""50% M / 50% F"",""male_percent"":50.0,""female_percent"":50.0,""genderless"":false}","[""Water 1"",""Bug""]","[""Freshwater""]",gen8,316,False,"{""unresolved_abilities"":0,""unresolved_move_references"":0,""unresolved_capabilities"":0}"
swablu,Swablu,,,,,,,,True,True,complete,"[""Normal"",""Flying""]","{""hp"":5,""attack"":4,""defense"":6,""special_attack"":4,""special_defense"":8,""speed"":5}","{""raw"":""1' 4\"" / 0.4m (Small)"",""meters"":0.4,""size_class"":""Small""}","{""raw"":""2.6 lbs / 1.2kg (1)"",""kg"":1.2,""weight_class"":1}","{""raw"":""50% M / 50% F"",""male_percent"":50.0,""female_percent"":50.0,""genderless"":false}","[""Flying"",""Dragon""]","[""Forest"",""Rainforest""]",gen8,539,False,"{""unresolved_abilities"":0,""unresolved_move_references"":0,""unresolved_capabilities"":0}"
swadloon,Swadloon,,,,,,,,True,True,complete,"[""Bug"",""Grass""]","{""hp"":6,""attack"":6,""defense"":9,""special_attack"":5,""special_defense"":8,""speed"":4}","{""raw"":""1' 8\"" / 0.5m (Small)"",""meters"":0.5,""size_class"":""Small""}","{""raw"":""16.1 lbs / 7.3kg (1)"",""kg"":7.3,""weight_class"":1}","{""raw"":""50% M / 50% F"",""male_percent"":50.0,""female_percent"":50.0,""genderless"":false}","[""Bug""]","[""Forest""]",gen8,100,False,"{""unresolved_abilities"":0,""unresolved_move_references"":4,""unresolved_capabilities"":0}"
swalot,Swalot,,,,,,,,True,True,complete,"[""Poison""]","{""hp"":10,""attack"":7,""defense"":8,""special_attack"":7,""special_defense"":8,""speed"":6}","{""raw"":""5' 7\"" / 1.7m (Medium)"",""meters"":1.7,""size_class"":""Medium""}","{""raw"":""176.4 lbs / 80kg (4)"",""kg"":80.0,""weight_class"":4}","{""raw"":""50% M / 50% F"",""male_percent"":50.0,""female_percent"":50.0,""genderless"":false}","[""Indeterminate""]","[""Grassland"",""Marsh"",""Urban""]",gen8,573,False,"{""unresolved_abilities"":0,""unresolved_move_references"":0,""unresolved_capabilities"":1}"
swampert,Swampert,,,,,,,,True,True,complete,"[""Water"",""Ground""]","{""hp"":10,""attack"":11,""defense"":9,""special_attack"":9,""special_defense"":9,""speed"":6}","{""raw"":""4' 11\"" / 1.5m (Medium)"",""meters"":1.5,""size_class"":""Medium""}","{""raw"":""180.6 lbs / 81.9kg (4)"",""kg"":81.9,""weight_class"":4}","{""raw"":""87.5% M / 12.5% F"",""male_percent"":87.5,""female_percent"":12.5,""genderless"":false}","[""Monster"",""Water 1""]","[""Marsh""]",gen8,72,False,"{""unresolved_abilities"":0,""unresolved_move_references"":4,""unresolved_capabilities"":0}"
swanna,Swanna,,,,,,,,True,True,complete,"[""Water"",""Flying""]","{""hp"":8,""attack"":9,""defense"":6,""special_attack"":9,""special_defense"":6,""speed"":10}","{""raw"":""4' 3\"" / 1.3m (Medium)"",""meters"":1.3,""size_class"":""Medium""}","{""raw"":""53.4 lbs / 24.2kg (2)"",""kg"":24.2,""weight_class"":2}","{""raw"":""50% M / 50% F"",""male_percent"":50.0,""female_percent"":50.0,""genderless"":false}","[""Water 1"",""Flying""]","[""Freshwater"",""Marsh""]",gen8,674,False,"{""unresolved_abilities"":0,""unresolved_move_references"":0,""unresolved_capabilities"":0}"
swellow,Swellow,,,,,,,,True,True,complete,"[""Normal"",""Flying""]","{""hp"":6,""attack"":9,""defense"":6,""special_attack"":8,""special_defense"":5,""speed"":13}","{""raw"":""2' 4\"" / 0.7m (Small)"",""meters"":0.7,""size_class"":""Small""}","{""raw"":""43.7 lbs / 19.8kg (2)"",""kg"":19.8,""weight_class"":2}","{""raw"":""50% M / 50% F"",""male_percent"":50.0,""female_percent"":50.0,""genderless"":false}","[""Flying""]","[""Forest"",""Grassland""]",gen8,536,False,"{""unresolved_abilities"":0,""unresolved_move_references"":0,""unresolved_capabilities"":0}"
swinub,Swinub,,,,,,,,True,True,complete,"[""Ice"",""Ground""]","{""hp"":5,""attack"":5,""defense"":4,""special_attack"":3,""special_defense"":3,""speed"":5}","{""raw"":""1' 4\"" / 0.4m (Small)"",""meters"":0.4,""size_class"":""Small""}","{""raw"":""14.3 lbs / 6.5kg (1)"",""kg"":6.5,""weight_class"":1}","{""raw"":""50% M / 50% F"",""male_percent"":50.0,""female_percent"":50.0,""genderless"":false}","[""Field""]","[""Cave"",""Taiga"",""Tundra""]",gen8,200,False,"{""unresolved_abilities"":0,""unresolved_move_references"":0,""unresolved_capabilities"":0}"
swirlix,Swirlix,,,,,,,,True,True,complete,"[""Fairy""]","{""hp"":6,""attack"":5,""defense"":7,""special_attack"":6,""special_defense"":6,""speed"":5}","{""raw"":""1' 4\"" / 0.4m (Small)"",""meters"":0.4,""size_class"":""Small""}","{""raw"":""7.7 lbs / 3.5kg (1)"",""kg"":3.5,""weight_class"":1}","{""raw"":""50% M / 50% F"",""male_percent"":50.0,""female_percent"":50.0,""genderless"":false}","[""Fairy""]","[""Grassland""]",gen8,382,False,"{""unresolved_abilities"":0,""unresolved_move_references"":0,""unresolved_capabilities"":0}"
swoobat,Swoobat,,,,,,,,True,True,complete,"[""Psychic"",""Flying""]","{""hp"":7,""attack"":6,""defense"":6,""special_attack"":8,""special_defense"":6,""speed"":11}","{""raw"":""2' 11\"" / 0.9m (Small)"",""meters"":0.9,""size_class"":""Small""}","{""raw"":""23.1 lbs / 10.5kg (1)"",""kg"":10.5,""weight_class"":1}","{""raw"":""50% M / 50% F"",""male_percent"":50.0,""female_percent"":50.0,""genderless"":false}","[""Field"",""Flying""]","[""Cave"",""Forest""]",gen8,601,False,"{""unresolved_abilities"":0,""unresolved_move_references"":0,""unresolved_capabilities"":0}"
sylveon,Sylveon,,,,,,,,True,True,complete,"[""Fairy""]","{""hp"":10,""attack"":7,""defense"":7,""special_attack"":11,""special_defense"":13,""speed"":6}","{""raw"":""3' 3\"" / 1m (Medium)"",""meters"":1.0,""size_class"":""Medium""}","{""raw"":""51.8 lbs / 23.5kg (2)"",""kg"":23.5,""weight_class"":2}","{""raw"":""87.5% M / 12.5% F"",""male_percent"":87.5,""female_percent"":12.5,""genderless"":false}","[""Field""]","[""Grassland"",""Urban""]",gen8,779,False,"{""unresolved_abilities"":1,""unresolved_move_references"":0,""unresolved_capabilities"":0}"
taillow,Taillow,,,,,,,,True,True,complete,"[""Normal"",""Flying""]","{""hp"":4,""attack"":6,""defense"":3,""special_attack"":3,""special_defense"":3,""speed"":9}","{""raw"":""1' 0\"" / 0.3m (Small)"",""meters"":0.3,""size_class"":""Small""}","{""raw"":""5.1 lbs / 2.3kg (1)"",""kg"":2.3,""weight_class"":1}","{""raw"":""50% M / 50% F"",""male_percent"":50.0,""female_percent"":50.0,""genderless"":false}","[""Flying""]","[""Forest"",""Grassland""]",gen8,535,False,"{""unresolved_abilities"":0,""unresolved_move_references"":0,""unresolved_capabilities"":0}"
talonflame,Talonflame,,,,,,,,True,True,complete,"[""Fire"",""Flying""]","{""hp"":8,""attack"":8,""defense"":7,""special_attack"":7,""special_defense"":7,""speed"":13}","{""raw"":""3' 11\"" / 1.2m (Medium)"",""meters"":1.2,""size_class"":""Medium""}","{""raw"":""54 lbs / 24.5kg (2)"",""kg"":24.5,""weight_class"":2}","{""raw"":""50% M / 50% F"",""male_percent"":50.0,""female_percent"":50.0,""genderless"":false}","[""Flying""]","[""Forest"",""Grassland""]",gen8,159,False,"{""unresolved_abilities"":0,""unresolved_move_references"":0,""unresolved_capabilities"":0}"
tangela,Tangela,,,,,,,,True,True,complete,"[""Grass""]","{""hp"":7,""attack"":6,""defense"":12,""special_attack"":10,""special_defense"":4,""speed"":6}","{""raw"":""3' 3\"" / 1m (Medium)"",""meters"":1.0,""size_class"":""Medium""}","{""raw"":""77.2 lbs / 35kg (3)"",""kg"":35.0,""weight_class"":3}","{""raw"":""50% M / 50% F"",""male_percent"":50.0,""female_percent"":50.0,""genderless"":false}","[""Plant""]","[""Forest"",""Grassland"",""Mountain"",""Rainforest""]",gen8,446,False,"{""unresolved_abilities"":0,""unresolved_move_references"":0,""unresolved_capabilities"":0}"
tangrowth,Tangrowth,,,,,,,,True,True,complete,"[""Grass""]","{""hp"":10,""attack"":10,""defense"":13,""special_attack"":11,""special_defense"":5,""speed"":5}","{""raw"":""6' 7\"" / 2m (Large)"",""meters"":2.0,""size_class"":""Large""}","{""raw"":""283.5 lbs / 128.6kg (5)"",""kg"":128.6,""weight_class"":5}","{""raw"":""50% M / 50% F"",""male_percent"":50.0,""female_percent"":50.0,""genderless"":false}","[""Plant""]","[""Marsh"",""Rainforest""]",gen8,447,False,"{""unresolved_abilities"":0,""unresolved_move_references"":0,""unresolved_capabilities"":0}"
tapu-bulu,Tapu Bulu,,,,,,,,True,True,complete,"[""Grass"",""Fairy""]","{""hp"":7,""attack"":13,""defense"":12,""special_attack"":9,""special_defense"":10,""speed"":8}","{""raw"":""6' 3\"" / 1.9m (Large)"",""meters"":1.9,""size_class"":""Large""}","{""raw"":""100.3 lbs / 45.5kg (3)"",""kg"":45.5,""weight_class"":3}","{""raw"":""No Gender"",""genderless"":true,""male_percent"":0.0,""female_percent"":0.0}","[""None""]","[""Cave"",""Desert""]",gen8,938,False,"{""unresolved_abilities"":0,""unresolved_move_references"":1,""unresolved_capabilities"":0}"
tapu-fini,Tapu Fini,,,,,,,,True,True,complete,"[""Water"",""Fairy""]","{""hp"":7,""attack"":8,""defense"":12,""special_attack"":10,""special_defense"":13,""speed"":9}","{""raw"":""4' 3\"" / 1.3m (Medium)"",""meters"":1.3,""size_class"":""Medium""}","{""raw"":""46.7 lbs / 21.2kg (2)"",""kg"":21.2,""weight_class"":2}","{""raw"":""No Gender"",""genderless"":true,""male_percent"":0.0,""female_percent"":0.0}","[""None""]","[""Beach"",""Cave""]",gen8,939,False,"{""unresolved_abilities"":0,""unresolved_move_references"":0,""unresolved_capabilities"":0}"
tapu-koko,Tapu Koko,,,,,,,,True,True,complete,"[""Electric"",""Fairy""]","{""hp"":7,""attack"":12,""defense"":9,""special_attack"":10,""special_defense"":8,""speed"":13}","{""raw"":""5' 11\"" / 1.8m (Medium)"",""meters"":1.8,""size_class"":""Medium""}","{""raw"":""45.2 lbs / 20.5kg (2)"",""kg"":20.5,""weight_class"":2}","{""raw"":""No Gender"",""genderless"":true,""male_percent"":0.0,""female_percent"":0.0}","[""None""]","[""Cave"",""Mountain""]",gen8,936,False,"{""unresolved_abilities"":0,""unresolved_move_references"":0,""unresolved_capabilities"":0}"
tapu-lele,Tapu Lele,,,,,,,,True,True,complete,"[""Psychic"",""Fairy""]","{""hp"":7,""attack"":9,""defense"":8,""special_attack"":13,""special_defense"":12,""speed"":10}","{""raw"":""3' 11\"" / 1.2m (Medium)"",""meters"":1.2,""size_class"":""Medium""}","{""raw"":""41 lbs / 18.6kg (2)"",""kg"":18.6,""weight_class"":2}","{""raw"":""No Gender"",""genderless"":true,""male_percent"":0.0,""female_percent"":0.0}","[""None""]","[""Cave"",""Grassland""]",gen8,937,False,"{""unresolved_abilities"":0,""unresolved_move_references"":0,""unresolved_capabilities"":0}"
tauros,Tauros,,,,,,,,True,True,complete,"[""Normal""]","{""hp"":8,""attack"":10,""defense"":10,""special_attack"":4,""special_defense"":7,""speed"":11}","{""raw"":""4' 7\"" / 1.4m (Medium)"",""meters"":1.4,""size_class"":""Medium""}","{""raw"":""194.9 lbs / 88.4kg (4)"",""kg"":88.4,""weight_class"":4}","{""raw"":""100% M / 0% F"",""male_percent"":100.0,""female_percent"":0.0,""genderless"":false}","[""Field""]","[""Grassland""]",gen8,727,False,"{""unresolved_abilities"":0,""unresolved_move_references"":0,""unresolved_capabilities"":0}"
teddiursa,Teddiursa,,,,,,,,True,True,complete,"[""Normal""]","{""hp"":6,""attack"":8,""defense"":5,""special_attack"":5,""special_defense"":5,""speed"":4}","{""raw"":""2' 0\"" / 0.6m (Small)"",""meters"":0.6,""size_class"":""Small""}","{""raw"":""19.4 lbs / 8.8kg (1)"",""kg"":8.8,""weight_class"":1}","{""raw"":""50% M / 50% F"",""male_percent"":50.0,""female_percent"":50.0,""genderless"":false}","[""Field""]","[""Cave"",""Mountain"",""Taiga""]",gen8,531,False,"{""unresolved_abilities"":0,""unresolved_move_references"":0,""unresolved_capabilities"":0}"
tentacool,Tentacool,,,,,,,,True,True,complete,"[""Water"",""Poison""]","{""hp"":4,""attack"":4,""defense"":4,""special_attack"":5,""special_defense"":10,""speed"":7}","{""raw"":""2' 11\"" / 0.9m (Small)"",""meters"":0.9,""size_class"":""Small""}","{""raw"":""100.3 lbs / 45.5kg (3)"",""kg"":45.5,""weight_class"":3}","{""raw"":""50% M / 50% F"",""male_percent"":50.0,""female_percent"":50.0,""genderless"":false}","[""Water 3""]","[""Ocean""]",gen8,625,False,"{""unresolved_abilities"":0,""unresolved_move_references"":0,""unresolved_capabilities"":0}"
tentacruel,Tentacruel,,,,,,,,True,True,complete,"[""Water"",""Poison""]","{""hp"":8,""attack"":7,""defense"":7,""special_attack"":8,""special_defense"":12,""speed"":10}","{""raw"":""5' 3\"" / 1.6m (Medium)"",""meters"":1.6,""size_class"":""Medium""}","{""raw"":""121.3 lbs / 55kg (4)"",""kg"":55.0,""weight_class"":4}","{""raw"":""50% M / 50% F"",""male_percent"":50.0,""female_percent"":50.0,""genderless"":false}","[""Water 3""]","[""Ocean""]",gen8,626,False,"{""unresolved_abilities"":0,""unresolved_move_references"":1,""unresolved_capabilities"":0}"
tepig,Tepig,,,,,,,,True,True,complete,"[""Fire""]","{""hp"":7,""attack"":6,""defense"":5,""special_attack"":5,""special_defense"":5,""speed"":5}","{""raw"":""1' 8\"" / 0.5m (Small)"",""meters"":0.5,""size_class"":""Small""}","{""raw"":""21.8 lbs / 9.9kg (1)"",""kg"":9.9,""weight_class"":1}","{""raw"":""87.5% M / 12.5% F"",""male_percent"":87.5,""female_percent"":12.5,""genderless"":false}","[""Field""]","[""Forest"",""Grassland"",""Mountain""]",gen8,52,False,"{""unresolved_abilities"":0,""unresolved_move_references"":0,""unresolved_capabilities"":0}"
terrakion,Terrakion,,,,,,,,True,True,complete,"[""Rock"",""Fighting""]","{""hp"":9,""attack"":13,""defense"":9,""special_attack"":7,""special_defense"":9,""speed"":11}","{""raw"":""6' 3\"" / 1.9m (Large)"",""meters"":1.9,""size_class"":""Large""}","{""raw"":""573.2 lbs / 260kg (6)"",""kg"":260.0,""weight_class"":6}","{""raw"":""No Gender"",""genderless"":true,""male_percent"":0.0,""female_percent"":0.0}","[""None""]","[""Cave"",""Mountain""]",gen8,908,False,"{""unresolved_abilities"":0,""unresolved_move_references"":0,""unresolved_capabilities"":0}"
terroster,Terroster,,,,,,,,True,True,complete,"[""Ground"",""Fighting""]","{""hp"":9,""attack"":18,""defense"":11,""special_attack"":7,""special_defense"":8,""speed"":9}","{""raw"":""3' 6'' / 1.1m (Small)"",""meters"":1.1,""size_class"":""Small""}","{""raw"":""120 lbs / 54Kg (4)"",""kg"":54.0,""weight_class"":4}","{""raw"":""100%M"",""male_percent"":100.0,""genderless"":false}","[""Monster""]","[""Urban""]",chickute,3,False,"{""unresolved_abilities"":0,""unresolved_move_references"":0,""unresolved_capabilities"":0}"
thievul,Thievul,,,,,,,,True,True,complete,"[""Dark""]","{""hp"":7,""attack"":6,""defense"":6,""special_attack"":9,""special_defense"":9,""speed"":9}","{""raw"":""3' 11\"" / 1.2m (Medium)"",""meters"":1.2,""size_class"":""Medium""}","{""raw"":""43.9 lbs / 19.9kg (2)"",""kg"":19.9,""weight_class"":2}","{""raw"":""50% M / 50% F"",""male_percent"":50.0,""female_percent"":50.0,""genderless"":false}","[""Field""]","[""Forest"",""Grassland"",""Urban""]",gen8,365,False,"{""unresolved_abilities"":0,""unresolved_move_references"":0,""unresolved_capabilities"":0}"
throh,Throh,,,,,,,,True,True,complete,"[""Fighting""]","{""hp"":12,""attack"":10,""defense"":9,""special_attack"":3,""special_defense"":9,""speed"":5}","{""raw"":""4' 3\"" / 1.3m (Medium)"",""meters"":1.3,""size_class"":""Medium""}","{""raw"":""122.4 lbs / 55.5kg (4)"",""kg"":55.5,""weight_class"":4}","{""raw"":""100% M / 0% F"",""male_percent"":100.0,""female_percent"":0.0,""genderless"":false}","[""Humanshape""]","[""Cave"",""Mountain"",""Urban""]",gen8,705,False,"{""unresolved_abilities"":0,""unresolved_move_references"":0,""unresolved_capabilities"":0}"
thundurus-incarnate-forme,THUNDURUS Incarnate Forme,,,,,,,,True,True,complete,"[""Electric"",""Flying""]","{""hp"":8,""attack"":12,""defense"":7,""special_attack"":13,""special_defense"":8,""speed"":11}","{""raw"":""4' 11\"" / 1.5m (Medium)"",""meters"":1.5,""size_class"":""Medium""}","{""raw"":""134.5 lbs / 61kg (4)"",""kg"":61.0,""weight_class"":4}","{""raw"":""100% M / 0% F"",""male_percent"":100.0,""female_percent"":0.0,""genderless"":false}","[""None""]","[""Mountain""]",gen8,913,False,"{""unresolved_abilities"":0,""unresolved_move_references"":1,""unresolved_capabilities"":1}"
thundurus-therian-forme,THUNDURUS Therian Forme,,,,,,,,True,True,complete,"[""Electric"",""Flying""]","{""hp"":8,""attack"":11,""defense"":7,""special_attack"":15,""special_defense"":8,""speed"":10}","{""raw"":""9' 10\"" / 3m (Huge)"",""meters"":3.0,""size_class"":""Huge""}","{""raw"":""134.5 lbs / 61kg (4)"",""kg"":61.0,""weight_class"":4}","{""raw"":""100% M / 0% F"",""male_percent"":100.0,""female_percent"":0.0,""genderless"":false}","[""None""]","[""Mountain""]",gen8,914,False,"{""unresolved_abilities"":0,""unresolved_move_references"":1,""unresolved_capabilities"":1}"
thwackey,Thwackey,,,,,,,,True,True,complete,"[""Grass""]","{""hp"":7,""attack"":9,""defense"":7,""special_attack"":6,""special_defense"":6,""speed"":8}","{""raw"":""2' 4\"" / 0.7m (Small)"",""meters"":0.7,""size_class"":""Small""}","{""raw"":""30.9 lbs / 14kg (2)"",""kg"":14.0,""weight_class"":2}","{""raw"":""87.5% M / 12.5% F"",""male_percent"":87.5,""female_percent"":12.5,""genderless"":false}","[""Field"",""Plant""]","[""Forest"",""Rainforest""]",gen8,38,False,"{""unresolved_abilities"":0,""unresolved_move_references"":0,""unresolved_capabilities"":0}"
timburr,Timburr,,,,,,,,True,True,complete,"[""Fighting""]","{""hp"":8,""attack"":8,""defense"":6,""special_attack"":3,""special_defense"":4,""speed"":4}","{""raw"":""2' 0\"" / 0.6m (Small)"",""meters"":0.6,""size_class"":""Small""}","{""raw"":""27.6 lbs / 12.5kg (2)"",""kg"":12.5,""weight_class"":2}","{""raw"":""75% M / 25% F"",""male_percent"":75.0,""female_percent"":25.0,""genderless"":false}","[""Humanshape""]","[""Mountain"",""Urban""]",gen8,151,False,"{""unresolved_abilities"":0,""unresolved_move_references"":0,""unresolved_capabilities"":0}"
tirtouga,Tirtouga,,,,,,,,True,True,complete,"[""Rock"",""Water""]","{""hp"":6,""attack"":8,""defense"":10,""special_attack"":5,""special_defense"":5,""speed"":2}","{""raw"":""2' 4\"" / 0.7m (Small)"",""meters"":0.7,""size_class"":""Small""}","{""raw"":""36.4 lbs / 16.5kg (2)"",""kg"":16.5,""weight_class"":2}","{""raw"":""87.5% M / 12.5% F"",""male_percent"":87.5,""female_percent"":12.5,""genderless"":false}","[""Water 1"",""Water 3""]","[""Ocean""]",gen8,825,False,"{""unresolved_abilities"":0,""unresolved_move_references"":0,""unresolved_capabilities"":0}"
togedemaru,Togedemaru,,,,,,,,True,True,complete,"[""Electric"",""Steel""]","{""hp"":7,""attack"":10,""defense"":6,""special_attack"":4,""special_defense"":7,""speed"":10}","{""raw"":""1' 0\"" / 0.3m (Small)"",""meters"":0.3,""size_class"":""Small""}","{""raw"":""7.3 lbs / 3.3kg (1)"",""kg"":3.3,""weight_class"":1}","{""raw"":""50% M / 50% F"",""male_percent"":50.0,""female_percent"":50.0,""genderless"":false}","[""Field"",""Fairy""]","[""Mountain""]",gen8,701,False,"{""unresolved_abilities"":0,""unresolved_move_references"":0,""unresolved_capabilities"":0}"
togekiss,Togekiss,,,,,,,,True,True,complete,"[""Fairy"",""Flying""]","{""hp"":9,""attack"":5,""defense"":10,""special_attack"":12,""special_defense"":12,""speed"":8}","{""raw"":""4' 11\"" / 1.5m (Medium)"",""meters"":1.5,""size_class"":""Medium""}","{""raw"":""83.8 lbs / 38kg (3)"",""kg"":38.0,""weight_class"":3}","{""raw"":""87.5% M / 12.5% F"",""male_percent"":87.5,""female_percent"":12.5,""genderless"":false}","[""Flying"",""Fairy""]","[""Forest"",""Rainforest""]",gen8,144,False,"{""unresolved_abilities"":0,""unresolved_move_references"":0,""unresolved_capabilities"":0}"
togepi,Togepi,,,,,,,,True,True,complete,"[""Fairy""]","{""hp"":4,""attack"":2,""defense"":7,""special_attack"":4,""special_defense"":7,""speed"":2}","{""raw"":""1' 0\"" / 0.3m (Small)"",""meters"":0.3,""size_class"":""Small""}","{""raw"":""3.3 lbs / 1.5kg (1)"",""kg"":1.5,""weight_class"":1}","{""raw"":""87.5% M / 12.5% F"",""male_percent"":87.5,""female_percent"":12.5,""genderless"":false}","[""Fairy""]","[""Forest"",""Rainforest""]",gen8,142,False,"{""unresolved_abilities"":0,""unresolved_move_references"":0,""unresolved_capabilities"":0}"
togetic,Togetic,,,,,,,,True,True,complete,"[""Fairy"",""Flying""]","{""hp"":6,""attack"":4,""defense"":9,""special_attack"":8,""special_defense"":11,""speed"":4}","{""raw"":""2' 0\"" / 0.6m (Small)"",""meters"":0.6,""size_class"":""Small""}","{""raw"":""7.1 lbs / 3.2kg (1)"",""kg"":3.2,""weight_class"":1}","{""raw"":""87.5% M / 12.5% F"",""male_percent"":87.5,""female_percent"":12.5,""genderless"":false}","[""Flying"",""Fairy""]","[""Forest"",""Rainforest""]",gen8,143,False,"{""unresolved_abilities"":0,""unresolved_move_references"":0,""unresolved_capabilities"":0}"
torchic,Torchic,,,,,,,,True,True,complete,"[""Fire""]","{""hp"":5,""attack"":6,""defense"":4,""special_attack"":7,""special_defense"":5,""speed"":5}","{""raw"":""1' 4\"" / 0.4m (Small)"",""meters"":0.4,""size_class"":""Small""}","{""raw"":""5.5 lbs / 2.5kg (1)"",""kg"":2.5,""weight_class"":1}","{""raw"":""87.5% M / 12.5% F"",""male_percent"":87.5,""female_percent"":12.5,""genderless"":false}","[""Field""]","[""Grassland""]",gen8,46,False,"{""unresolved_abilities"":0,""unresolved_move_references"":0,""unresolved_capabilities"":0}"
torkoal,Torkoal,,,,,,,,True,True,complete,"[""Fire""]","{""hp"":7,""attack"":9,""defense"":14,""special_attack"":9,""special_defense"":7,""speed"":2}","{""raw"":""1' 8\"" / 0.5m (Small)"",""meters"":0.5,""size_class"":""Small""}","{""raw"":""177.3 lbs / 80.4kg (4)"",""kg"":80.4,""weight_class"":4}","{""raw"":""50% M / 50% F"",""male_percent"":50.0,""female_percent"":50.0,""genderless"":false}","[""Field""]","[""Cave"",""Desert"",""Mountain""]",gen8,710,False,"{""unresolved_abilities"":0,""unresolved_move_references"":0,""unresolved_capabilities"":0}"
tornadus-incarnate-forme,TORNADUS Incarnate Forme,,,,,,,,True,True,complete,"[""Flying""]","{""hp"":8,""attack"":12,""defense"":7,""special_attack"":13,""special_defense"":8,""speed"":11}","{""raw"":""4' 11\"" / 1.5m (Medium)"",""meters"":1.5,""size_class"":""Medium""}","{""raw"":""138.9 lbs / 63kg (4)"",""kg"":63.0,""weight_class"":4}","{""raw"":""100% M / 0% F"",""male_percent"":100.0,""female_percent"":0.0,""genderless"":false}","[""None""]","[""Mountain""]",gen8,911,False,"{""unresolved_abilities"":0,""unresolved_move_references"":0,""unresolved_capabilities"":1}"
tornadus-therian-forme,TORNADUS Therian Forme,,,,,,,,True,True,complete,"[""Flying""]","{""hp"":8,""attack"":10,""defense"":8,""special_attack"":11,""special_defense"":9,""speed"":12}","{""raw"":""4' 7\"" / 1.4m (Medium)"",""meters"":1.4,""size_class"":""Medium""}","{""raw"":""138.9 lbs / 63kg (4)"",""kg"":63.0,""weight_class"":4}","{""raw"":""100% M / 0% F"",""male_percent"":100.0,""female_percent"":0.0,""genderless"":false}","[""None""]","[""Mountain""]",gen8,912,False,"{""unresolved_abilities"":0,""unresolved_move_references"":0,""unresolved_capabilities"":1}"
torracat,Torracat,,,,,,,,True,True,complete,"[""Fire""]","{""hp"":7,""attack"":9,""defense"":5,""special_attack"":8,""special_defense"":5,""speed"":9}","{""raw"":""2' 4\"" / 0.7m (Small)"",""meters"":0.7,""size_class"":""Small""}","{""raw"":""55.1 lbs / 25kg (3)"",""kg"":25.0,""weight_class"":3}","{""raw"":""87.5% M / 12.5% F"",""male_percent"":87.5,""female_percent"":12.5,""genderless"":false}","[""Field""]","[""Forest"",""Grassland"",""Urban""]",gen8,59,False,"{""unresolved_abilities"":0,""unresolved_move_references"":0,""unresolved_capabilities"":0}"
torterra,Torterra,,,,,,,,True,True,complete,"[""Grass"",""Ground""]","{""hp"":10,""attack"":11,""defense"":11,""special_attack"":8,""special_defense"":9,""speed"":4}","{""raw"":""7' 3\"" / 2.2m (Large)"",""meters"":2.2,""size_class"":""Large""}","{""raw"":""683.4 lbs / 310kg (6)"",""kg"":310.0,""weight_class"":6}","{""raw"":""87.5% M / 12.5% F"",""male_percent"":87.5,""female_percent"":12.5,""genderless"":false}","[""Monster"",""Plant""]","[""Forest"",""Marsh"",""Rainforest""]",gen8,27,False,"{""unresolved_abilities"":0,""unresolved_move_references"":0,""unresolved_capabilities"":0}"
totodile,Totodile,,,,,,,,True,True,complete,"[""Water""]","{""hp"":5,""attack"":7,""defense"":6,""special_attack"":4,""special_defense"":5,""speed"":4}","{""raw"":""2' 0\"" / 0.6m (Small)"",""meters"":0.6,""size_class"":""Small""}","{""raw"":""20.9 lbs / 9.5kg (1)"",""kg"":9.5,""weight_class"":1}","{""raw"":""87.5% M / 12.5% F"",""male_percent"":87.5,""female_percent"":12.5,""genderless"":false}","[""Monster"",""Water 1""]","[""Beach"",""Freshwater"",""Marsh""]",gen8,67,False,"{""unresolved_abilities"":0,""unresolved_move_references"":0,""unresolved_capabilities"":0}"
toucannon,Toucannon,,,,,,,,True,True,complete,"[""Normal"",""Flying""]","{""hp"":8,""attack"":12,""defense"":8,""special_attack"":8,""special_defense"":8,""speed"":6}","{""raw"":""3' 7\"" / 1.1m (Medium)"",""meters"":1.1,""size_class"":""Medium""}","{""raw"":""57.3 lbs / 26kg (3)"",""kg"":26.0,""weight_class"":3}","{""raw"":""50% M / 50% F"",""male_percent"":50.0,""female_percent"":50.0,""genderless"":false}","[""Flying""]","[""Forest"",""Grassland""]",gen8,238,False,"{""unresolved_abilities"":0,""unresolved_move_references"":0,""unresolved_capabilities"":0}"
toxapex,Toxapex,,,,,,,,True,True,complete,"[""Poison"",""Water""]","{""hp"":5,""attack"":6,""defense"":15,""special_attack"":5,""special_defense"":14,""speed"":4}","{""raw"":""2' 4\"" / 0.7m (Small)"",""meters"":0.7,""size_class"":""Small""}","{""raw"":""32 lbs / 14.5kg (2)"",""kg"":14.5,""weight_class"":2}","{""raw"":""50% M / 50% F"",""male_percent"":50.0,""female_percent"":50.0,""genderless"":false}","[""Water 1""]","[""Ocean""]",gen8,585,False,"{""unresolved_abilities"":0,""unresolved_move_references"":0,""unresolved_capabilities"":0}"
toxel,Toxel,,,,,,,,True,True,complete,"[""Electric"",""Poison""]","{""hp"":4,""attack"":4,""defense"":4,""special_attack"":5,""special_defense"":4,""speed"":4}","{""raw"":""1' 4\"" / 0.4m (Small)"",""meters"":0.4,""size_class"":""Small""}","{""raw"":""24.3 lbs / 11kg (2)"",""kg"":11.0,""weight_class"":2}","{""raw"":""50% M / 50% F"",""male_percent"":50.0,""female_percent"":50.0,""genderless"":false}","[""Humanshape""]","[""Marsh""]",gen8,376,False,"{""unresolved_abilities"":0,""unresolved_move_references"":4,""unresolved_capabilities"":0}"
toxicroak,Toxicroak,,,,,,,,True,True,complete,"[""Poison"",""Fighting""]","{""hp"":8,""attack"":11,""defense"":7,""special_attack"":9,""special_defense"":7,""speed"":9}","{""raw"":""4' 3\"" / 1.3m (Medium)"",""meters"":1.3,""size_class"":""Medium""}","{""raw"":""97.9 lbs / 44.4kg (3)"",""kg"":44.4,""weight_class"":3}","{""raw"":""50% M / 50% F"",""male_percent"":50.0,""female_percent"":50.0,""genderless"":false}","[""Humanshape""]","[""Freshwater"",""Marsh""]",gen8,579,False,"{""unresolved_abilities"":0,""unresolved_move_references"":0,""unresolved_capabilities"":0}"
toxtricity,Toxtricity,,,,,,,,True,True,complete,"[""Electric"",""Poison""]","{""hp"":8,""attack"":10,""defense"":7,""special_attack"":11,""special_defense"":7,""speed"":8}","{""raw"":""5' 3\"" / 1.6m (Medium)"",""meters"":1.6,""size_class"":""Medium""}","{""raw"":""88.2 lbs / 40kg (3)"",""kg"":40.0,""weight_class"":3}","{""raw"":""50% M / 50% F"",""male_percent"":50.0,""female_percent"":50.0,""genderless"":false}","[""Humanshape""]","[""Marsh""]",gen8,377,False,"{""unresolved_abilities"":1,""unresolved_move_references"":0,""unresolved_capabilities"":0}"
tranquill,Tranquill,,,,,,,,True,True,complete,"[""Normal"",""Flying""]","{""hp"":6,""attack"":8,""defense"":6,""special_attack"":5,""special_defense"":4,""speed"":7}","{""raw"":""2' 0\"" / 0.6m (Small)"",""meters"":0.6,""size_class"":""Small""}","{""raw"":""33.1 lbs / 15kg (2)"",""kg"":15.0,""weight_class"":2}","{""raw"":""50% M / 50% F"",""male_percent"":50.0,""female_percent"":50.0,""genderless"":false}","[""Flying""]","[""Forest"",""Grassland"",""Urban""]",gen8,234,False,"{""unresolved_abilities"":0,""unresolved_move_references"":0,""unresolved_capabilities"":0}"
trapinch,Trapinch,,,,,,,,True,True,complete,"[""Ground""]","{""hp"":5,""attack"":10,""defense"":5,""special_attack"":5,""special_defense"":5,""speed"":1}","{""raw"":""2' 4\"" / 0.7m (Small)"",""meters"":0.7,""size_class"":""Small""}","{""raw"":""33.1 lbs / 15kg (2)"",""kg"":15.0,""weight_class"":2}","{""raw"":""50% M / 50% F"",""male_percent"":50.0,""female_percent"":50.0,""genderless"":false}","[""Bug""]","[""Desert""]",gen8,194,False,"{""unresolved_abilities"":0,""unresolved_move_references"":0,""unresolved_capabilities"":0}"
treecko,Treecko,,,,,,,,True,True,complete,"[""Grass""]","{""hp"":4,""attack"":5,""defense"":4,""special_attack"":7,""special_defense"":6,""speed"":7}","{""raw"":""1' 8\"" / 0.5m (Small)"",""meters"":0.5,""size_class"":""Small""}","{""raw"":""11 lbs / 5kg (1)"",""kg"":5.0,""weight_class"":1}","{""raw"":""87.5% M / 12.5% F"",""male_percent"":87.5,""female_percent"":12.5,""genderless"":false}","[""Monster"",""Dragon""]","[""Rainforest""]",gen8,22,False,"{""unresolved_abilities"":0,""unresolved_move_references"":0,""unresolved_capabilities"":0}"
trevenant,Trevenant,,,,,,,,True,True,complete,"[""Ghost"",""Grass""]","{""hp"":9,""attack"":11,""defense"":8,""special_attack"":7,""special_defense"":8,""speed"":6}","{""raw"":""4' 11\"" / 1.5m (Medium)"",""meters"":1.5,""size_class"":""Medium""}","{""raw"":""156.5 lbs / 71kg (4)"",""kg"":71.0,""weight_class"":4}","{""raw"":""50% M / 50% F"",""male_percent"":50.0,""female_percent"":50.0,""genderless"":false}","[""Plant"",""Indeterminate""]","[""Forest""]",gen8,436,False,"{""unresolved_abilities"":0,""unresolved_move_references"":0,""unresolved_capabilities"":0}"
tropius,Tropius,,,,,,,,True,True,complete,"[""Grass"",""Flying""]","{""hp"":10,""attack"":7,""defense"":8,""special_attack"":7,""special_defense"":9,""speed"":5}","{""raw"":""6' 7\"" / 2m (Large)"",""meters"":2.0,""size_class"":""Large""}","{""raw"":""220.5 lbs / 100kg (5)"",""kg"":100.0,""weight_class"":5}","{""raw"":""50% M / 50% F"",""male_percent"":50.0,""female_percent"":50.0,""genderless"":false}","[""Monster"",""Plant""]","[""Forest"",""Marsh"",""Rainforest""]",gen8,717,False,"{""unresolved_abilities"":0,""unresolved_move_references"":0,""unresolved_capabilities"":0}"
trubbish,Trubbish,,,,,,,,True,True,complete,"[""Poison""]","{""hp"":5,""attack"":5,""defense"":6,""special_attack"":4,""special_defense"":6,""speed"":7}","{""raw"":""2' 0\"" / 0.6m (Small)"",""meters"":0.6,""size_class"":""Small""}","{""raw"":""68.3 lbs / 31kg (3)"",""kg"":31.0,""weight_class"":3}","{""raw"":""50% M / 50% F"",""male_percent"":50.0,""female_percent"":50.0,""genderless"":false}","[""Mineral""]","[""Grassland"",""Marsh"",""Urban""]",gen8,580,False,"{""unresolved_abilities"":0,""unresolved_move_references"":0,""unresolved_capabilities"":1}"
trumbeak,Trumbeak,,,,,,,,True,True,complete,"[""Normal"",""Flying""]","{""hp"":6,""attack"":9,""defense"":5,""special_attack"":4,""special_defense"":5,""speed"":8}","{""raw"":""2' 0\"" / 0.6m (Small)"",""meters"":0.6,""size_class"":""Small""}","{""raw"":""32.6 lbs / 14.8kg (2)"",""kg"":14.8,""weight_class"":2}","{""raw"":""50% M / 50% F"",""male_percent"":50.0,""female_percent"":50.0,""genderless"":false}","[""Flying""]","[""Forest"",""Grassland""]",gen8,237,False,"{""unresolved_abilities"":0,""unresolved_move_references"":0,""unresolved_capabilities"":0}"
tsareena,Tsareena,,,,,,,,True,True,complete,"[""Grass""]","{""hp"":7,""attack"":12,""defense"":10,""special_attack"":5,""special_defense"":10,""speed"":7}","{""raw"":""3' 11\"" / 1.2m (Medium)"",""meters"":1.2,""size_class"":""Medium""}","{""raw"":""47.2 lbs / 21.4kg (2)"",""kg"":21.4,""weight_class"":2}","{""raw"":""0% M / 100% F"",""male_percent"":0.0,""female_percent"":100.0,""genderless"":false}","[""Plant""]","[""Forest"",""Rainforest""]",gen8,190,False,"{""unresolved_abilities"":0,""unresolved_move_references"":0,""unresolved_capabilities"":0}"
turtonator,Turtonator,,,,,,,,True,True,complete,"[""Fire"",""Dragon""]","{""hp"":6,""attack"":8,""defense"":14,""special_attack"":9,""special_defense"":9,""speed"":4}","{""raw"":""6' 7\"" / 2m (Large)"",""meters"":2.0,""size_class"":""Large""}","{""raw"":""467.4 lbs / 212kg (6)"",""kg"":212.0,""weight_class"":6}","{""raw"":""50% M / 50% F"",""male_percent"":50.0,""female_percent"":50.0,""genderless"":false}","[""Monster"",""Dragon""]","[""Cave"",""Mountain""]",gen8,712,False,"{""unresolved_abilities"":0,""unresolved_move_references"":0,""unresolved_capabilities"":0}"
turtwig,Turtwig,,,,,,,,True,True,complete,"[""Grass""]","{""hp"":6,""attack"":7,""defense"":6,""special_attack"":5,""special_defense"":6,""speed"":3}","{""raw"":""1' 4\"" / 0.4m (Small)"",""meters"":0.4,""size_class"":""Small""}","{""raw"":""22.5 lbs / 10.2kg (1)"",""kg"":10.2,""weight_class"":1}","{""raw"":""87.5% M / 12.5% F"",""male_percent"":87.5,""female_percent"":12.5,""genderless"":false}","[""Monster"",""Plant""]","[""Forest"",""Marsh"",""Rainforest""]",gen8,25,False,"{""unresolved_abilities"":0,""unresolved_move_references"":0,""unresolved_capabilities"":0}"
tympole,Tympole,,,,,,,,True,True,complete,"[""Water""]","{""hp"":5,""attack"":5,""defense"":4,""special_attack"":5,""special_defense"":4,""speed"":6}","{""raw"":""1' 8\"" / 0.5m (Small)"",""meters"":0.5,""size_class"":""Small""}","{""raw"":""9.9 lbs / 4.5kg (1)"",""kg"":4.5,""weight_class"":1}","{""raw"":""50% M / 50% F"",""male_percent"":50.0,""female_percent"":50.0,""genderless"":false}","[""Water 1""]","[""Freshwater"",""Marsh""]",gen8,299,False,"{""unresolved_abilities"":0,""unresolved_move_references"":0,""unresolved_capabilities"":0}"
tynamo,Tynamo,,,,,,,,True,True,complete,"[""Electric""]","{""hp"":4,""attack"":6,""defense"":4,""special_attack"":5,""special_defense"":4,""speed"":6}","{""raw"":""0' 8\"" / 0.2m (Small)"",""meters"":0.2,""size_class"":""Small""}","{""raw"":""0.7 lbs / 0.3kg (1)"",""kg"":0.3,""weight_class"":1}","{""raw"":""50% M / 50% F"",""male_percent"":50.0,""female_percent"":50.0,""genderless"":false}","[""Indeterminate""]","[""Cave"",""Freshwater""]",gen8,136,False,"{""unresolved_abilities"":0,""unresolved_move_references"":2,""unresolved_capabilities"":0}"
type-null,TYPE: NULL,,,,,,,,True,True,complete,"[""NULL""]","{""hp"":10,""attack"":10,""defense"":10,""special_attack"":10,""special_defense"":10,""speed"":6}","{""raw"":""6' 3\"" / 1.9m (Large)"",""meters"":1.9,""size_class"":""Large""}","{""raw"":""265.7 lbs / 120.5kg (5)"",""kg"":120.5,""weight_class"":5}","{""raw"":""No Gender"",""genderless"":true,""male_percent"":0.0,""female_percent"":0.0}","[""None""]","[""Urban""]",gen8,934,False,"{""unresolved_abilities"":0,""unresolved_move_references"":2,""unresolved_capabilities"":0}"
typhlosion,Typhlosion,,,,,,,,True,True,complete,"[""Fire""]","{""hp"":8,""attack"":8,""defense"":8,""special_attack"":11,""special_defense"":9,""speed"":10}","{""raw"":""5' 7\"" / 1.7m (Medium)"",""meters"":1.7,""size_class"":""Medium""}","{""raw"":""175.3 lbs / 79.5kg (4)"",""kg"":79.5,""weight_class"":4}","{""raw"":""87.5% M / 12.5% F"",""male_percent"":87.5,""female_percent"":12.5,""genderless"":false}","[""Field""]","[""Cave"",""Mountain""]",gen8,45,False,"{""unresolved_abilities"":0,""unresolved_move_references"":0,""unresolved_capabilities"":0}"
tyranitar,Tyranitar,,,,,,,,True,True,complete,"[""Rock"",""Dark""]","{""hp"":10,""attack"":13,""defense"":11,""special_attack"":10,""special_defense"":10,""speed"":6}","{""raw"":""6' 7\"" / 2m (Large)"",""meters"":2.0,""size_class"":""Large""}","{""raw"":""445.3 lbs / 202kg (6)"",""kg"":202.0,""weight_class"":6}","{""raw"":""50% M / 50% F"",""male_percent"":50.0,""female_percent"":50.0,""genderless"":false}","[""Monster""]","[""Cave"",""Mountain""]",gen8,843,False,"{""unresolved_abilities"":0,""unresolved_move_references"":0,""unresolved_capabilities"":0}"
tyrantrum,Tyrantrum,,,,,,,,True,True,complete,"[""Rock"",""Dragon""]","{""hp"":8,""attack"":12,""defense"":12,""special_attack"":7,""special_defense"":6,""speed"":7}","{""raw"":""8' 2\"" / 2.5m (Large)"",""meters"":2.5,""size_class"":""Large""}","{""raw"":""592.2 lbs / 270kg (6)"",""kg"":270.0,""weight_class"":6}","{""raw"":""87.5% M / 12.5% F"",""male_percent"":87.5,""female_percent"":12.5,""genderless"":false}","[""Monster"",""Dragon""]","[""Cave"",""Mountain""]",gen8,830,False,"{""unresolved_abilities"":0,""unresolved_move_references"":0,""unresolved_capabilities"":0}"
tyrogue,Tyrogue,,,,,,,,True,True,complete,"[""Fighting""]","{""hp"":4,""attack"":4,""defense"":4,""special_attack"":4,""special_defense"":4,""speed"":4}","{""raw"":""2' 4\"" / 0.7m (Small)"",""meters"":0.7,""size_class"":""Small""}","{""raw"":""46.3 lbs / 21kg (2)"",""kg"":21.0,""weight_class"":2}","{""raw"":""100% M / 0% F"",""male_percent"":100.0,""female_percent"":0.0,""genderless"":false}","[""Humanshape""]","[""Mountain"",""Urban""]",gen8,388,False,"{""unresolved_abilities"":0,""unresolved_move_references"":3,""unresolved_capabilities"":0}"
tyrunt,Tyrunt,,,,,,,,True,True,complete,"[""Rock"",""Dragon""]","{""hp"":6,""attack"":9,""defense"":8,""special_attack"":5,""special_defense"":5,""speed"":5}","{""raw"":""2' 7\"" / 0.8m (Small)"",""meters"":0.8,""size_class"":""Small""}","{""raw"":""57.3 lbs / 26kg (3)"",""kg"":26.0,""weight_class"":3}","{""raw"":""87.5% M / 12.5% F"",""male_percent"":87.5,""female_percent"":12.5,""genderless"":false}","[""Monster"",""Dragon""]","[""Cave"",""Mountain""]",gen8,829,False,"{""unresolved_abilities"":0,""unresolved_move_references"":0,""unresolved_capabilities"":0}"
umbreon,Umbreon,,,,,,,,True,True,complete,"[""Dark""]","{""hp"":10,""attack"":7,""defense"":11,""special_attack"":6,""special_defense"":13,""speed"":7}","{""raw"":""3' 3\"" / 1m (Medium)"",""meters"":1.0,""size_class"":""Medium""}","{""raw"":""59.5 lbs / 27kg (3)"",""kg"":27.0,""weight_class"":3}","{""raw"":""87.5% M / 12.5% F"",""male_percent"":87.5,""female_percent"":12.5,""genderless"":false}","[""Field""]","[""Cave"",""Forest"",""Urban""]",gen8,776,False,"{""unresolved_abilities"":1,""unresolved_move_references"":0,""unresolved_capabilities"":0}"
unfezant,Unfezant,,,,,,,,True,True,complete,"[""Normal"",""Flying""]","{""hp"":8,""attack"":12,""defense"":8,""special_attack"":7,""special_defense"":6,""speed"":9}","{""raw"":""3' 11\"" / 1.2m (Medium)"",""meters"":1.2,""size_class"":""Medium""}","{""raw"":""63.9 lbs / 29kg (3)"",""kg"":29.0,""weight_class"":3}","{""raw"":""50% M / 50% F"",""male_percent"":50.0,""female_percent"":50.0,""genderless"":false}","[""Flying""]","[""Forest"",""Grassland""]",gen8,235,False,"{""unresolved_abilities"":1,""unresolved_move_references"":0,""unresolved_capabilities"":0}"
unown,Unown,,,,,,,,True,True,complete,"[""Psychic""]","{""hp"":5,""attack"":7,""defense"":5,""special_attack"":7,""special_defense"":5,""speed"":5}","{""raw"":""1' 8\"" / 0.5m (Small)"",""meters"":0.5,""size_class"":""Small""}","{""raw"":""11 lbs / 5kg (1)"",""kg"":5.0,""weight_class"":1}","{""raw"":""No Gender"",""genderless"":true,""male_percent"":0.0,""female_percent"":0.0}","[""Indeterminate""]","[""Cave"",""Urban""]",gen8,745,False,"{""unresolved_abilities"":0,""unresolved_move_references"":1,""unresolved_capabilities"":1}"
ursaring,Ursaring,,,,,,,,True,True,complete,"[""Normal""]","{""hp"":9,""attack"":13,""defense"":8,""special_attack"":8,""special_defense"":8,""speed"":6}","{""raw"":""5' 11\"" / 1.8m (Medium)"",""meters"":1.8,""size_class"":""Medium""}","{""raw"":""277.3 lbs / 125.8kg (5)"",""kg"":125.8,""weight_class"":5}","{""raw"":""50% M / 50% F"",""male_percent"":50.0,""female_percent"":50.0,""genderless"":false}","[""Field""]","[""Cave"",""Mountain"",""Taiga""]",gen8,532,False,"{""unresolved_abilities"":0,""unresolved_move_references"":0,""unresolved_capabilities"":0}"
uxie,Uxie,,,,,,,,True,True,complete,"[""Psychic""]","{""hp"":8,""attack"":8,""defense"":13,""special_attack"":8,""special_defense"":13,""speed"":10}","{""raw"":""1' 0\"" / 0.3m (Small)"",""meters"":0.3,""size_class"":""Small""}","{""raw"":""0.7 lbs / 0.3kg (1)"",""kg"":0.3,""weight_class"":1}","{""raw"":""No Gender"",""genderless"":true,""male_percent"":0.0,""female_percent"":0.0}","[""None""]","[""Cave""]",gen8,891,False,"{""unresolved_abilities"":0,""unresolved_move_references"":0,""unresolved_capabilities"":0}"
vanillish,Vanillish,,,,,,,,True,True,complete,"[""Ice""]","{""hp"":5,""attack"":7,""defense"":7,""special_attack"":8,""special_defense"":8,""speed"":6}","{""raw"":""3' 7\"" / 1.1m (Medium)"",""meters"":1.1,""size_class"":""Medium""}","{""raw"":""90.4 lbs / 41kg (3)"",""kg"":41.0,""weight_class"":3}","{""raw"":""50% M / 50% F"",""male_percent"":50.0,""female_percent"":50.0,""genderless"":false}","[""Mineral""]","[""Cave"",""Taiga"",""Tundra""]",gen8,207,False,"{""unresolved_abilities"":0,""unresolved_move_references"":0,""unresolved_capabilities"":0}"
vanillite,Vanillite,,,,,,,,True,True,complete,"[""Ice""]","{""hp"":4,""attack"":5,""defense"":5,""special_attack"":7,""special_defense"":6,""speed"":5}","{""raw"":""1' 4\"" / 0.4m (Small)"",""meters"":0.4,""size_class"":""Small""}","{""raw"":""12.6 lbs / 5.7kg (1)"",""kg"":5.7,""weight_class"":1}","{""raw"":""50% M / 50% F"",""male_percent"":50.0,""female_percent"":50.0,""genderless"":false}","[""Mineral""]","[""Cave"",""Taiga"",""Tundra""]",gen8,206,False,"{""unresolved_abilities"":0,""unresolved_move_references"":0,""unresolved_capabilities"":0}"
vanilluxe,Vanilluxe,,,,,,,,True,True,complete,"[""Ice""]","{""hp"":7,""attack"":10,""defense"":9,""special_attack"":11,""special_defense"":10,""speed"":8}","{""raw"":""4' 3\"" / 1.3m (Medium)"",""meters"":1.3,""size_class"":""Medium""}","{""raw"":""126.8 lbs / 57.5kg (4)"",""kg"":57.5,""weight_class"":4}","{""raw"":""50% M / 50% F"",""male_percent"":50.0,""female_percent"":50.0,""genderless"":false}","[""Mineral""]","[""Cave"",""Taiga"",""Tundra""]",gen8,208,False,"{""unresolved_abilities"":0,""unresolved_move_references"":0,""unresolved_capabilities"":0}"
vaporeon,Vaporeon,,,,,,,,True,True,complete,"[""Water""]","{""hp"":13,""attack"":7,""defense"":6,""special_attack"":11,""special_defense"":10,""speed"":7}","{""raw"":""3' 3\"" / 1m (Medium)"",""meters"":1.0,""size_class"":""Medium""}","{""raw"":""63.9 lbs / 29kg (3)"",""kg"":29.0,""weight_class"":3}","{""raw"":""87.5% M / 12.5% F"",""male_percent"":87.5,""female_percent"":12.5,""genderless"":false}","[""Field""]","[""Forest"",""Freshwater""]",gen8,772,False,"{""unresolved_abilities"":1,""unresolved_move_references"":0,""unresolved_capabilities"":0}"
venipede,Venipede,,,,,,,,True,True,complete,"[""Bug"",""Poison""]","{""hp"":3,""attack"":5,""defense"":6,""special_attack"":3,""special_defense"":4,""speed"":6}","{""raw"":""1' 4\"" / 0.4m (Small)"",""meters"":0.4,""size_class"":""Small""}","{""raw"":""11.7 lbs / 5.3kg (1)"",""kg"":5.3,""weight_class"":1}","{""raw"":""50% M / 50% F"",""male_percent"":50.0,""female_percent"":50.0,""genderless"":false}","[""Bug""]","[""Forest""]",gen8,102,False,"{""unresolved_abilities"":0,""unresolved_move_references"":0,""unresolved_capabilities"":0}"
venomoth,Venomoth,,,,,,,,True,True,complete,"[""Bug"",""Poison""]","{""hp"":7,""attack"":7,""defense"":6,""special_attack"":9,""special_defense"":8,""speed"":9}","{""raw"":""4' 11\"" / 1.5m (Medium)"",""meters"":1.5,""size_class"":""Medium""}","{""raw"":""27.6 lbs / 12.5kg (2)"",""kg"":12.5,""weight_class"":2}","{""raw"":""50% M / 50% F"",""male_percent"":50.0,""female_percent"":50.0,""genderless"":false}","[""Bug""]","[""Forest"",""Rainforest""]",gen8,305,False,"{""unresolved_abilities"":0,""unresolved_move_references"":0,""unresolved_capabilities"":0}"
venonat,Venonat,,,,,,,,True,True,complete,"[""Bug"",""Poison""]","{""hp"":6,""attack"":6,""defense"":5,""special_attack"":4,""special_defense"":6,""speed"":5}","{""raw"":""3' 3\"" / 1m (Medium)"",""meters"":1.0,""size_class"":""Medium""}","{""raw"":""66.1 lbs / 30kg (3)"",""kg"":30.0,""weight_class"":3}","{""raw"":""50% M / 50% F"",""male_percent"":50.0,""female_percent"":50.0,""genderless"":false}","[""Bug""]","[""Forest"",""Rainforest""]",gen8,304,False,"{""unresolved_abilities"":0,""unresolved_move_references"":1,""unresolved_capabilities"":0}"
venusaur,Venusaur,,,,,,,,True,True,complete,"[""Grass"",""Poison""]","{""hp"":8,""attack"":8,""defense"":8,""special_attack"":10,""special_defense"":10,""speed"":8}","{""raw"":""6' 7\"" / 2m (Large)"",""meters"":2.0,""size_class"":""Large""}","{""raw"":""220.5 lbs / 100kg (5)"",""kg"":100.0,""weight_class"":5}","{""raw"":""87.5% M / 12.5% F"",""male_percent"":87.5,""female_percent"":12.5,""genderless"":false}","[""Monster"",""Plant""]","[""Forest"",""Grassland"",""Rainforest""]",gen8,18,False,"{""unresolved_abilities"":0,""unresolved_move_references"":0,""unresolved_capabilities"":1}"
vespiquen,Vespiquen,,,,,,,,True,True,complete,"[""Bug"",""Flying""]","{""hp"":7,""attack"":8,""defense"":10,""special_attack"":8,""special_defense"":10,""speed"":4}","{""raw"":""3' 11\"" / 1.2m (Medium)"",""meters"":1.2,""size_class"":""Medium""}","{""raw"":""84.9 lbs / 38.5kg (3)"",""kg"":38.5,""weight_class"":3}","{""raw"":""0% M / 100% F"",""male_percent"":0.0,""female_percent"":100.0,""genderless"":false}","[""Bug""]","[""Forest""]",gen8,329,False,"{""unresolved_abilities"":0,""unresolved_move_references"":0,""unresolved_capabilities"":0}"
vibrava,Vibrava,,,,,,,,True,True,complete,"[""Ground"",""Dragon""]","{""hp"":5,""attack"":7,""defense"":5,""special_attack"":5,""special_defense"":5,""speed"":7}","{""raw"":""3' 7\"" / 1.1m (Medium)"",""meters"":1.1,""size_class"":""Medium""}","{""raw"":""33.7 lbs / 15.3kg (2)"",""kg"":15.3,""weight_class"":2}","{""raw"":""50% M / 50% F"",""male_percent"":50.0,""female_percent"":50.0,""genderless"":false}","[""Bug""]","[""Desert""]",gen8,195,False,"{""unresolved_abilities"":0,""unresolved_move_references"":0,""unresolved_capabilities"":0}"
victini,Victini,,,,,,,,True,True,complete,"[""Psychic"",""Fire""]","{""hp"":10,""attack"":10,""defense"":10,""special_attack"":10,""special_defense"":10,""speed"":10}","{""raw"":""1' 4\"" / 0.4m (Small)"",""meters"":0.4,""size_class"":""Small""}","{""raw"":""8.8 lbs / 4kg (1)"",""kg"":4.0,""weight_class"":1}","{""raw"":""No Gender"",""genderless"":true,""male_percent"":0.0,""female_percent"":0.0}","[""None""]","[""Forest"",""Urban""]",gen8,906,False,"{""unresolved_abilities"":0,""unresolved_move_references"":0,""unresolved_capabilities"":0}"
victreebel,Victreebel,,,,,,,,True,True,complete,"[""Grass"",""Poison""]","{""hp"":8,""attack"":11,""defense"":7,""special_attack"":10,""special_defense"":7,""speed"":7}","{""raw"":""5' 7\"" / 1.7m (Medium)"",""meters"":1.7,""size_class"":""Medium""}","{""raw"":""34.2 lbs / 15.5kg (2)"",""kg"":15.5,""weight_class"":2}","{""raw"":""50% M / 50% F"",""male_percent"":50.0,""female_percent"":50.0,""genderless"":false}","[""Plant""]","[""Forest"",""Marsh"",""Rainforest""]",gen8,178,False,"{""unresolved_abilities"":0,""unresolved_move_references"":0,""unresolved_capabilities"":0}"
vigoroth,Vigoroth,,,,,,,,True,True,complete,"[""Normal""]","{""hp"":8,""attack"":8,""defense"":8,""special_attack"":6,""special_defense"":6,""speed"":9}","{""raw"":""4' 7\"" / 1.4m (Medium)"",""meters"":1.4,""size_class"":""Medium""}","{""raw"":""102.5 lbs / 46.5kg (3)"",""kg"":46.5,""weight_class"":3}","{""raw"":""50% M / 50% F"",""male_percent"":50.0,""female_percent"":50.0,""genderless"":false}","[""Field""]","[""Forest"",""Rainforest"",""Taiga""]",gen8,222,False,"{""unresolved_abilities"":0,""unresolved_move_references"":6,""unresolved_capabilities"":0}"
vikavolt,Vikavolt,,,,,,,,True,True,complete,"[""Bug"",""Electric""]","{""hp"":8,""attack"":7,""defense"":9,""special_attack"":15,""special_defense"":8,""speed"":4}","{""raw"":""4' 11\"" / 1.5m (Medium)"",""meters"":1.5,""size_class"":""Medium""}","{""raw"":""99.2 lbs / 45kg (3)"",""kg"":45.0,""weight_class"":3}","{""raw"":""50% M / 50% F"",""male_percent"":50.0,""female_percent"":50.0,""genderless"":false}","[""Bug""]","[""Forest"",""Grassland""]",gen8,110,False,"{""unresolved_abilities"":0,""unresolved_move_references"":0,""unresolved_capabilities"":0}"
vileplume,Vileplume,,,,,,,,True,True,complete,"[""Grass"",""Poison""]","{""hp"":8,""attack"":8,""defense"":9,""special_attack"":11,""special_defense"":9,""speed"":5}","{""raw"":""3' 11\"" / 1.2m (Medium)"",""meters"":1.2,""size_class"":""Medium""}","{""raw"":""41 lbs / 18.6kg (2)"",""kg"":18.6,""weight_class"":2}","{""raw"":""50% M / 50% F"",""male_percent"":50.0,""female_percent"":50.0,""genderless"":false}","[""Plant""]","[""Forest"",""Grassland"",""Marsh"",""Rainforest""]",gen8,174,False,"{""unresolved_abilities"":0,""unresolved_move_references"":0,""unresolved_capabilities"":0}"
virizion,Virizion,,,,,,,,True,True,complete,"[""Grass"",""Fighting""]","{""hp"":9,""attack"":9,""defense"":7,""special_attack"":9,""special_defense"":13,""speed"":11}","{""raw"":""6' 7\"" / 2m (Large)"",""meters"":2.0,""size_class"":""Large""}","{""raw"":""440.9 lbs / 200kg (6)"",""kg"":200.0,""weight_class"":6}","{""raw"":""No Gender"",""genderless"":true,""male_percent"":0.0,""female_percent"":0.0}","[""None""]","[""Cave"",""Mountain""]",gen8,909,False,"{""unresolved_abilities"":0,""unresolved_move_references"":0,""unresolved_capabilities"":0}"
vivillon,Vivillon,,,,,,,,True,True,complete,"[""Bug"",""Flying""]","{""hp"":8,""attack"":5,""defense"":5,""special_attack"":9,""special_defense"":5,""speed"":9}","{""raw"":""3' 11\"" / 1.2m (Medium)"",""meters"":1.2,""size_class"":""Medium""}","{""raw"":""37.5 lbs / 17kg (2)"",""kg"":17.0,""weight_class"":2}","{""raw"":""50% M / 50% F"",""male_percent"":50.0,""female_percent"":50.0,""genderless"":false}","[""Bug""]","[""Forest"",""Grassland""]",gen8,107,False,"{""unresolved_abilities"":0,""unresolved_move_references"":0,""unresolved_capabilities"":0}"
volbeat,Volbeat,,,,,,,,True,True,complete,"[""Bug""]","{""hp"":7,""attack"":7,""defense"":8,""special_attack"":5,""special_defense"":9,""speed"":9}","{""raw"":""2' 4\"" / 0.7m (Small)"",""meters"":0.7,""size_class"":""Small""}","{""raw"":""39 lbs / 17.7kg (2)"",""kg"":17.7,""weight_class"":2}","{""raw"":""100% M / 0% F"",""male_percent"":100.0,""female_percent"":0.0,""genderless"":false}","[""Bug"",""Humanshape""]","[""Forest"",""Grassland"",""Rainforest""]",gen8,688,False,"{""unresolved_abilities"":0,""unresolved_move_references"":1,""unresolved_capabilities"":0}"
volcanion,Volcanion,,,,,,,,True,True,complete,"[""Fire"",""Water""]","{""hp"":8,""attack"":11,""defense"":12,""special_attack"":13,""special_defense"":9,""speed"":7}","{""raw"":""5' 7\"" / 1.7m (Medium)"",""meters"":1.7,""size_class"":""Medium""}","{""raw"":""429.9 lbs / 195kg (5)"",""kg"":195.0,""weight_class"":5}","{""raw"":""No Gender"",""genderless"":true,""male_percent"":0.0,""female_percent"":0.0}","[""None""]","[""Mountain""]",gen8,933,False,"{""unresolved_abilities"":0,""unresolved_move_references"":0,""unresolved_capabilities"":0}"
volcarona,Volcarona,,,,,,,,True,True,complete,"[""Bug"",""Fire""]","{""hp"":9,""attack"":6,""defense"":7,""special_attack"":14,""special_defense"":11,""speed"":10}","{""raw"":""5' 3\"" / 1.6m (Medium)"",""meters"":1.6,""size_class"":""Medium""}","{""raw"":""101.4 lbs / 46kg (3)"",""kg"":46.0,""weight_class"":3}","{""raw"":""50% M / 50% F"",""male_percent"":50.0,""female_percent"":50.0,""genderless"":false}","[""Bug""]","[""Cave"",""Mountain""]",gen8,339,False,"{""unresolved_abilities"":0,""unresolved_move_references"":0,""unresolved_capabilities"":0}"
voltorb,Voltorb,,,,,,,,True,True,complete,"[""Electric""]","{""hp"":4,""attack"":3,""defense"":5,""special_attack"":6,""special_defense"":6,""speed"":10}","{""raw"":""1' 8\"" / 0.5m (Small)"",""meters"":0.5,""size_class"":""Small""}","{""raw"":""22.9 lbs / 10.4kg (1)"",""kg"":10.4,""weight_class"":1}","{""raw"":""No Gender"",""genderless"":true,""male_percent"":0.0,""female_percent"":0.0}","[""Mineral""]","[""Urban""]",gen8,366,False,"{""unresolved_abilities"":0,""unresolved_move_references"":0,""unresolved_capabilities"":0}"
vullaby,Vullaby,,,,,,,,True,True,complete,"[""Dark"",""Flying""]","{""hp"":7,""attack"":6,""defense"":8,""special_attack"":5,""special_defense"":7,""speed"":6}","{""raw"":""1' 8\"" / 0.5m (Small)"",""meters"":0.5,""size_class"":""Small""}","{""raw"":""19.8 lbs / 9kg (1)"",""kg"":9.0,""weight_class"":1}","{""raw"":""0% M / 100% F"",""male_percent"":0.0,""female_percent"":100.0,""genderless"":false}","[""Flying""]","[""Cave"",""Desert"",""Mountain""]",gen8,360,False,"{""unresolved_abilities"":0,""unresolved_move_references"":0,""unresolved_capabilities"":0}"
vulpix,Vulpix,,,,,,,,True,True,complete,"[""Fire""]","{""hp"":4,""attack"":4,""defense"":4,""special_attack"":5,""special_defense"":7,""speed"":7}","{""raw"":""2' 0\"" / 0.6m (Small)"",""meters"":0.6,""size_class"":""Small""}","{""raw"":""21.8 lbs / 9.9kg (1)"",""kg"":9.9,""weight_class"":1}","{""raw"":""25% M / 75% F"",""male_percent"":25.0,""female_percent"":75.0,""genderless"":false}","[""Field""]","[""Grassland"",""Mountain"",""Urban""]",gen8,406,False,"{""unresolved_abilities"":0,""unresolved_move_references"":0,""unresolved_capabilities"":0}"
vulpix-alola,VULPIX Alola,,,,,,,,True,True,complete,"[""Ice""]","{""hp"":4,""attack"":4,""defense"":4,""special_attack"":5,""special_defense"":7,""speed"":7}","{""raw"":""2' 0\"" / 0.6m (Small)"",""meters"":0.6,""size_class"":""Small""}","{""raw"":""21.8 lbs / 9.9kg (1)"",""kg"":9.9,""weight_class"":1}","{""raw"":""25% M / 75% F"",""male_percent"":25.0,""female_percent"":75.0,""genderless"":false}","[""Field""]","[""Mountain"",""Tundra""]",gen8,785,False,"{""unresolved_abilities"":0,""unresolved_move_references"":0,""unresolved_capabilities"":0}"
wailmer,Wailmer,,,,,,,,True,True,complete,"[""Water""]","{""hp"":13,""attack"":7,""defense"":4,""special_attack"":7,""special_defense"":4,""speed"":6}","{""raw"":""6' 7\"" / 2m (Large)"",""meters"":2.0,""size_class"":""Large""}","{""raw"":""286.6 lbs / 130kg (5)"",""kg"":130.0,""weight_class"":5}","{""raw"":""50% M / 50% F"",""male_percent"":50.0,""female_percent"":50.0,""genderless"":false}","[""Field"",""Water 2""]","[""Ocean""]",gen8,654,False,"{""unresolved_abilities"":0,""unresolved_move_references"":0,""unresolved_capabilities"":0}"
wailord,Wailord,,,,,,,,True,True,complete,"[""Water""]","{""hp"":17,""attack"":9,""defense"":5,""special_attack"":9,""special_defense"":5,""speed"":6}","{""raw"":""47' 7\"" / 14.5m (Gigantic)"",""meters"":14.5,""size_class"":""Gigantic""}","{""raw"":""877.4 lbs / 398kg (6)"",""kg"":398.0,""weight_class"":6}","{""raw"":""50% M / 50% F"",""male_percent"":50.0,""female_percent"":50.0,""genderless"":false}","[""Field"",""Water 2""]","[""Ocean""]",gen8,655,False,"{""unresolved_abilities"":0,""unresolved_move_references"":0,""unresolved_capabilities"":0}"
walrein,Walrein,,,,,,,,True,True,complete,"[""Ice"",""Water""]","{""hp"":11,""attack"":8,""defense"":9,""special_attack"":10,""special_defense"":9,""speed"":7}","{""raw"":""4' 7\"" / 1.4m (Large)"",""meters"":1.4,""size_class"":""Large""}","{""raw"":""332 lbs / 150.6kg (5)"",""kg"":150.6,""weight_class"":5}","{""raw"":""50% M / 50% F"",""male_percent"":50.0,""female_percent"":50.0,""genderless"":false}","[""Water 1"",""Field""]","[""Ocean"",""Tundra""]",gen8,205,False,"{""unresolved_abilities"":0,""unresolved_move_references"":0,""unresolved_capabilities"":0}"
wartortle,Wartortle,,,,,,,,True,True,complete,"[""Water""]","{""hp"":6,""attack"":6,""defense"":8,""special_attack"":7,""special_defense"":8,""speed"":6}","{""raw"":""3' 3\"" / 1m (Medium)"",""meters"":1.0,""size_class"":""Medium""}","{""raw"":""49.6 lbs / 22.5kg (2)"",""kg"":22.5,""weight_class"":2}","{""raw"":""87.5% M / 12.5% F"",""male_percent"":87.5,""female_percent"":12.5,""genderless"":false}","[""Monster"",""Water 1""]","[""Beach"",""Freshwater"",""Ocean""]",gen8,65,False,"{""unresolved_abilities"":0,""unresolved_move_references"":0,""unresolved_capabilities"":0}"
rotom-wash,Wash Rotom,,,2,rotom-normal-form,form,,,False,False,partial,"[""Electric"",""Water""]","{""hp"":5,""attack"":7,""defense"":11,""special_attack"":11,""special_defense"":11,""speed"":9}","{""raw"":""Medium size"",""size_class"":""Medium""}","{""raw"":""Weight Class 3"",""weight_class"":3}","{""raw"":""No Gender"",""genderless"":true,""male_percent"":0.0,""female_percent"":0.0}","[""Indeterminate""]","[""Urban""]",gen8,698,True,"{""unresolved_abilities"":0,""unresolved_move_references"":0,""unresolved_capabilities"":0}"
watchog,Watchog,,,,,,,,True,True,complete,"[""Normal""]","{""hp"":6,""attack"":9,""defense"":7,""special_attack"":6,""special_defense"":7,""speed"":8}","{""raw"":""3' 7\"" / 1.1m (Medium)"",""meters"":1.1,""size_class"":""Medium""}","{""raw"":""59.5 lbs / 27kg (3)"",""kg"":27.0,""weight_class"":3}","{""raw"":""50% M / 50% F"",""male_percent"":50.0,""female_percent"":50.0,""genderless"":false}","[""Field""]","[""Forest"",""Grassland""]",gen8,548,False,"{""unresolved_abilities"":0,""unresolved_move_references"":0,""unresolved_capabilities"":0}"
weavile,Weavile,,,,,,,,True,True,complete,"[""Dark"",""Ice""]","{""hp"":7,""attack"":12,""defense"":7,""special_attack"":5,""special_defense"":9,""speed"":13}","{""raw"":""3' 7\"" / 1.1m (Medium)"",""meters"":1.1,""size_class"":""Medium""}","{""raw"":""74 lbs / 34kg (3)"",""kg"":34.0,""weight_class"":3}","{""raw"":""50% M / 50% F"",""male_percent"":50.0,""female_percent"":50.0,""genderless"":false}","[""Field""]","[""Cave"",""Taiga"",""Tundra""]",gen8,347,False,"{""unresolved_abilities"":0,""unresolved_move_references"":0,""unresolved_capabilities"":0}"
weedle,Weedle,,,,,,,,True,True,complete,"[""Bug"",""Poison""]","{""hp"":4,""attack"":4,""defense"":3,""special_attack"":2,""special_defense"":2,""speed"":5}","{""raw"":""1' 0\"" / 0.3m (Small)"",""meters"":0.3,""size_class"":""Small""}","{""raw"":""7.1 lbs / 3.2kg (1)"",""kg"":3.2,""weight_class"":1}","{""raw"":""50% M / 50% F"",""male_percent"":50.0,""female_percent"":50.0,""genderless"":false}","[""Bug""]","[""Forest""]",gen8,91,False,"{""unresolved_abilities"":0,""unresolved_move_references"":1,""unresolved_capabilities"":0}"
weepinbell,Weepinbell,,,,,,,,True,True,complete,"[""Grass"",""Poison""]","{""hp"":7,""attack"":9,""defense"":5,""special_attack"":9,""special_defense"":5,""speed"":6}","{""raw"":""3' 3\"" / 1m (Medium)"",""meters"":1.0,""size_class"":""Medium""}","{""raw"":""14.1 lbs / 6.4kg (1)"",""kg"":6.4,""weight_class"":1}","{""raw"":""50% M / 50% F"",""male_percent"":50.0,""female_percent"":50.0,""genderless"":false}","[""Plant""]","[""Forest"",""Marsh"",""Rainforest""]",gen8,177,False,"{""unresolved_abilities"":0,""unresolved_move_references"":0,""unresolved_capabilities"":0}"
weezing,Weezing,,,,,,,,True,True,complete,"[""Poison""]","{""hp"":7,""attack"":9,""defense"":12,""special_attack"":9,""special_defense"":7,""speed"":6}","{""raw"":""3' 11\"" / 1.2m (Medium)"",""meters"":1.2,""size_class"":""Medium""}","{""raw"":""20.9 lbs / 9.5kg (1)"",""kg"":9.5,""weight_class"":1}","{""raw"":""50% M / 50% F"",""male_percent"":50.0,""female_percent"":50.0,""genderless"":false}","[""Indeterminate""]","[""Marsh"",""Mountain"",""Urban""]",gen8,570,False,"{""unresolved_abilities"":0,""unresolved_move_references"":0,""unresolved_capabilities"":0}"
weezing-galar,WEEZING Galar,,,,,,,,True,True,complete,"[""Poison"",""Fairy""]","{""hp"":7,""attack"":9,""defense"":12,""special_attack"":9,""special_defense"":7,""speed"":6}","{""raw"":""9' 10\"" / 3m (Huge)"",""meters"":3.0,""size_class"":""Huge""}","{""raw"":""35.3 lbs / 16kg (2)"",""kg"":16.0,""weight_class"":2}","{""raw"":""50% M / 50% F"",""male_percent"":50.0,""female_percent"":50.0,""genderless"":false}","[""Indeterminate""]","[""Forest"",""Urban""]",gen8,571,False,"{""unresolved_abilities"":0,""unresolved_move_references"":0,""unresolved_capabilities"":0}"
whimsicott,Whimsicott,,,,,,,,True,True,complete,"[""Grass"",""Fairy""]","{""hp"":6,""attack"":7,""defense"":9,""special_attack"":8,""special_defense"":8,""speed"":12}","{""raw"":""2' 4\"" / 0.7m (Small)"",""meters"":0.7,""size_class"":""Small""}","{""raw"":""14.6 lbs / 6.6kg (1)"",""kg"":6.6,""weight_class"":1}","{""raw"":""50% M / 50% F"",""male_percent"":50.0,""female_percent"":50.0,""genderless"":false}","[""Plant"",""Fairy""]","[""Forest"",""Grassland""]",gen8,461,False,"{""unresolved_abilities"":0,""unresolved_move_references"":0,""unresolved_capabilities"":1}"
whirlipede,Whirlipede,,,,,,,,True,True,complete,"[""Bug"",""Poison""]","{""hp"":4,""attack"":6,""defense"":10,""special_attack"":4,""special_defense"":8,""speed"":5}","{""raw"":""3' 11\"" / 1.2m (Medium)"",""meters"":1.2,""size_class"":""Medium""}","{""raw"":""129 lbs / 58.5kg (4)"",""kg"":58.5,""weight_class"":4}","{""raw"":""50% M / 50% F"",""male_percent"":50.0,""female_percent"":50.0,""genderless"":false}","[""Bug""]","[""Forest""]",gen8,103,False,"{""unresolved_abilities"":0,""unresolved_move_references"":0,""unresolved_capabilities"":0}"
whiscash,Whiscash,,,,,,,,True,True,complete,"[""Water"",""Ground""]","{""hp"":11,""attack"":8,""defense"":7,""special_attack"":8,""special_defense"":7,""speed"":6}","{""raw"":""2' 11\"" / 0.9m (Small)"",""meters"":0.9,""size_class"":""Small""}","{""raw"":""52 lbs / 23.6kg (2)"",""kg"":23.6,""weight_class"":2}","{""raw"":""50% M / 50% F"",""male_percent"":50.0,""female_percent"":50.0,""genderless"":false}","[""Water 2""]","[""Freshwater"",""Marsh""]",gen8,657,False,"{""unresolved_abilities"":0,""unresolved_move_references"":1,""unresolved_capabilities"":0}"
whismur,Whismur,,,,,,,,True,True,complete,"[""Normal""]","{""hp"":6,""attack"":5,""defense"":2,""special_attack"":5,""special_defense"":2,""speed"":3}","{""raw"":""2' 0\"" / 0.6m (Small)"",""meters"":0.6,""size_class"":""Small""}","{""raw"":""35.9 lbs / 16.3kg (2)"",""kg"":16.3,""weight_class"":2}","{""raw"":""50% M / 50% F"",""male_percent"":50.0,""female_percent"":50.0,""genderless"":false}","[""Monster"",""Field""]","[""Cave""]",gen8,224,False,"{""unresolved_abilities"":0,""unresolved_move_references"":0,""unresolved_capabilities"":0}"
wigglytuff,Wigglytuff,,,,,,,,True,True,complete,"[""Normal"",""Fairy""]","{""hp"":14,""attack"":7,""defense"":5,""special_attack"":9,""special_defense"":5,""speed"":5}","{""raw"":""3' 3\"" / 1m (Medium)"",""meters"":1.0,""size_class"":""Medium""}","{""raw"":""26.5 lbs / 12kg (2)"",""kg"":12.0,""weight_class"":2}","{""raw"":""25% M / 75% F"",""male_percent"":25.0,""female_percent"":75.0,""genderless"":false}","[""Fairy""]","[""Cave"",""Grassland""]",gen8,214,False,"{""unresolved_abilities"":0,""unresolved_move_references"":0,""unresolved_capabilities"":0}"
wimpod,Wimpod,,,,,,,,True,True,complete,"[""Bug"",""Water""]","{""hp"":3,""attack"":4,""defense"":4,""special_attack"":2,""special_defense"":3,""speed"":8}","{""raw"":""1' 8\"" / 0.5m (Small)"",""meters"":0.5,""size_class"":""Small""}","{""raw"":""26.5 lbs / 12kg (2)"",""kg"":12.0,""weight_class"":2}","{""raw"":""50% M / 50% F"",""male_percent"":50.0,""female_percent"":50.0,""genderless"":false}","[""Bug"",""Water 3""]","[""Beach"",""Ocean""]",gen8,342,False,"{""unresolved_abilities"":0,""unresolved_move_references"":4,""unresolved_capabilities"":0}"
wingull,Wingull,,,,,,,,True,True,complete,"[""Water"",""Flying""]","{""hp"":4,""attack"":3,""defense"":3,""special_attack"":6,""special_defense"":3,""speed"":9}","{""raw"":""2' 0\"" / 0.6m (Small)"",""meters"":0.6,""size_class"":""Small""}","{""raw"":""20.9 lbs / 9.5kg (1)"",""kg"":9.5,""weight_class"":1}","{""raw"":""50% M / 50% F"",""male_percent"":50.0,""female_percent"":50.0,""genderless"":false}","[""Water 1"",""Flying""]","[""Beach""]",gen8,650,False,"{""unresolved_abilities"":0,""unresolved_move_references"":0,""unresolved_capabilities"":0}"
wishiwashi-schooling,WISHIWASHI Schooling,,,,,,,,True,True,complete,"[""Water""]","{""hp"":5,""attack"":14,""defense"":13,""special_attack"":14,""special_defense"":14,""speed"":3}","{""raw"":""26' 11\"" / 8.2m (Gigantic)"",""meters"":8.2,""size_class"":""Gigantic""}","{""raw"":""173.3 lbs / 78.6kg (3)"",""kg"":78.6,""weight_class"":3}","{""raw"":""50% M / 50% F"",""male_percent"":50.0,""female_percent"":50.0,""genderless"":false}","[""Water 2""]","[""Fresh Water"",""Ocean""]",gen8,767,False,"{""unresolved_abilities"":0,""unresolved_move_references"":0,""unresolved_capabilities"":0}"
wishiwashi-solo,WISHIWASHI Solo,,,,,,,,True,True,complete,"[""Water""]","{""hp"":5,""attack"":2,""defense"":2,""special_attack"":3,""special_defense"":4,""speed"":4}","{""raw"":""0' 8\"" / 0.2m (Small)"",""meters"":0.2,""size_class"":""Small""}","{""raw"":""0.7 lbs / 0.3kg (1)"",""kg"":0.3,""weight_class"":1}","{""raw"":""50% M / 50% F"",""male_percent"":50.0,""female_percent"":50.0,""genderless"":false}","[""Water 2""]","[""Fresh Water"",""Ocean""]",gen8,766,False,"{""unresolved_abilities"":0,""unresolved_move_references"":0,""unresolved_capabilities"":0}"
wobbuffet,Wobbuffet,,,,,,,,True,True,complete,"[""Psychic""]","{""hp"":19,""attack"":3,""defense"":6,""special_attack"":3,""special_defense"":6,""speed"":3}","{""raw"":""4' 3\"" / 1.3m (Medium)"",""meters"":1.3,""size_class"":""Medium""}","{""raw"":""62.8 lbs / 28.5kg (3)"",""kg"":28.5,""weight_class"":3}","{""raw"":""50% M / 50% F"",""male_percent"":50.0,""female_percent"":50.0,""genderless"":false}","[""Indeterminate""]","[""Cave"",""Grassland"",""Mountain""]",gen8,593,False,"{""unresolved_abilities"":0,""unresolved_move_references"":1,""unresolved_capabilities"":0}"
woobat,Woobat,,,,,,,,True,True,complete,"[""Psychic"",""Flying""]","{""hp"":7,""attack"":5,""defense"":4,""special_attack"":6,""special_defense"":4,""speed"":7}","{""raw"":""1' 4\"" / 0.4m (Small)"",""meters"":0.4,""size_class"":""Small""}","{""raw"":""4.6 lbs / 2.1kg (1)"",""kg"":2.1,""weight_class"":1}","{""raw"":""50% M / 50% F"",""male_percent"":50.0,""female_percent"":50.0,""genderless"":false}","[""Field"",""Flying""]","[""Cave"",""Forest""]",gen8,600,False,"{""unresolved_abilities"":0,""unresolved_move_references"":0,""unresolved_capabilities"":0}"
wooloo,Wooloo,,,,,,,,True,True,complete,"[""Normal""]","{""hp"":4,""attack"":4,""defense"":6,""special_attack"":4,""special_defense"":5,""speed"":5}","{""raw"":""2' 0\"" / 0.6m (Small)"",""meters"":0.6,""size_class"":""Small""}","{""raw"":""13.2 lbs / 6kg (1)"",""kg"":6.0,""weight_class"":1}","{""raw"":""50% M / 50% F"",""male_percent"":50.0,""female_percent"":50.0,""genderless"":false}","[""Field""]","[""Grassland""]",gen8,563,False,"{""unresolved_abilities"":0,""unresolved_move_references"":0,""unresolved_capabilities"":0}"
wooper,Wooper,,,,,,,,True,True,complete,"[""Water"",""Ground""]","{""hp"":6,""attack"":5,""defense"":5,""special_attack"":3,""special_defense"":3,""speed"":2}","{""raw"":""1' 4\"" / 0.4m (Small)"",""meters"":0.4,""size_class"":""Small""}","{""raw"":""18.7 lbs / 8.5kg (1)"",""kg"":8.5,""weight_class"":1}","{""raw"":""50% M / 50% F"",""male_percent"":50.0,""female_percent"":50.0,""genderless"":false}","[""Water 1"",""Field""]","[""Freshwater"",""Marsh""]",gen8,644,False,"{""unresolved_abilities"":0,""unresolved_move_references"":0,""unresolved_capabilities"":0}"
wormadam-plant-cloak,WORMADAM Plant Cloak,,,,,,,,True,True,complete,"[""Bug"",""Grass""]","{""hp"":6,""attack"":6,""defense"":9,""special_attack"":8,""special_defense"":11,""speed"":4}","{""raw"":""1' 8\"" / 0.5m (Small)"",""meters"":0.5,""size_class"":""Small""}","{""raw"":""14.3 lbs / 6.5kg (1)"",""kg"":6.5,""weight_class"":1}","{""raw"":""0% M / 100% F"",""male_percent"":0.0,""female_percent"":100.0,""genderless"":false}","[""Bug""]","[""Forest"",""Rainforest""]",gen8,324,False,"{""unresolved_abilities"":0,""unresolved_move_references"":0,""unresolved_capabilities"":0}"
wormadam-sandy-cloak,WORMADAM Sandy Cloak,,,,,,,,True,True,complete,"[""Bug"",""Ground""]","{""hp"":6,""attack"":8,""defense"":11,""special_attack"":6,""special_defense"":9,""speed"":4}","{""raw"":""1' 8\"" / 0.5m (Small)"",""meters"":0.5,""size_class"":""Small""}","{""raw"":""14.3 lbs / 6.5kg (1)"",""kg"":6.5,""weight_class"":1}","{""raw"":""0% M / 100% F"",""male_percent"":0.0,""female_percent"":100.0,""genderless"":false}","[""Bug""]","[""Desert"",""Mountain""]",gen8,325,False,"{""unresolved_abilities"":0,""unresolved_move_references"":0,""unresolved_capabilities"":0}"
wormadam-trash-cloak,WORMADAM Trash Cloak,,,,,,,,True,True,complete,"[""Bug"",""Steel""]","{""hp"":6,""attack"":7,""defense"":10,""special_attack"":7,""special_defense"":10,""speed"":4}","{""raw"":""1' 8\"" / 0.5m (Small)"",""meters"":0.5,""size_class"":""Small""}","{""raw"":""14.3 lbs / 6.5kg (1)"",""kg"":6.5,""weight_class"":1}","{""raw"":""0% M / 100% F"",""male_percent"":0.0,""female_percent"":100.0,""genderless"":false}","[""Bug""]","[""Urban""]",gen8,326,False,"{""unresolved_abilities"":0,""unresolved_move_references"":0,""unresolved_capabilities"":0}"
wurmple,Wurmple,,,,,,,,True,True,complete,"[""Bug""]","{""hp"":5,""attack"":5,""defense"":4,""special_attack"":2,""special_defense"":3,""speed"":2}","{""raw"":""1' 0\"" / 0.3m (Small)"",""meters"":0.3,""size_class"":""Small""}","{""raw"":""7.9 lbs / 3.6kg (1)"",""kg"":3.6,""weight_class"":1}","{""raw"":""50% M / 50% F"",""male_percent"":50.0,""female_percent"":50.0,""genderless"":false}","[""Bug""]","[""Forest"",""Rainforest""]",gen8,94,False,"{""unresolved_abilities"":0,""unresolved_move_references"":1,""unresolved_capabilities"":0}"
wynaut,Wynaut,,,,,,,,True,True,complete,"[""Psychic""]","{""hp"":10,""attack"":2,""defense"":5,""special_attack"":2,""special_defense"":5,""speed"":2}","{""raw"":""2' 0\"" / 0.6m (Small)"",""meters"":0.6,""size_class"":""Small""}","{""raw"":""30.9 lbs / 14kg (2)"",""kg"":14.0,""weight_class"":2}","{""raw"":""50% M / 50% F"",""male_percent"":50.0,""female_percent"":50.0,""genderless"":false}","[""Indeterminate""]","[""Cave"",""Grassland"",""Mountain""]",gen8,592,False,"{""unresolved_abilities"":0,""unresolved_move_references"":1,""unresolved_capabilities"":0}"
xatu,Xatu,,,,,,,,True,True,complete,"[""Psychic"",""Flying""]","{""hp"":7,""attack"":8,""defense"":7,""special_attack"":10,""special_defense"":7,""speed"":10}","{""raw"":""4' 11\"" / 1.5m (Medium)"",""meters"":1.5,""size_class"":""Medium""}","{""raw"":""33.1 lbs / 15kg (2)"",""kg"":15.0,""weight_class"":2}","{""raw"":""50% M / 50% F"",""male_percent"":50.0,""female_percent"":50.0,""genderless"":false}","[""Flying""]","[""Cave"",""Desert"",""Forest""]",gen8,591,False,"{""unresolved_abilities"":0,""unresolved_move_references"":0,""unresolved_capabilities"":0}"
xerneas,Xerneas,,,,,,,,True,True,complete,"[""Fairy""]","{""hp"":13,""attack"":13,""defense"":10,""special_attack"":13,""special_defense"":10,""speed"":10}","{""raw"":""9' 10\"" / 3m (Huge)"",""meters"":3.0,""size_class"":""Huge""}","{""raw"":""474 lbs / 215kg (6)"",""kg"":215.0,""weight_class"":6}","{""raw"":""No Gender"",""genderless"":true,""male_percent"":0.0,""female_percent"":0.0}","[""None""]","[""Forest"",""Grassland""]",gen8,925,False,"{""unresolved_abilities"":1,""unresolved_move_references"":0,""unresolved_capabilities"":0}"
xurkitree,Xurkitree,,,,,,,,True,True,complete,"[""Electric""]","{""hp"":8,""attack"":9,""defense"":7,""special_attack"":17,""special_defense"":7,""speed"":8}","{""raw"":""12' 6\"" / 3.8m (Huge)"",""meters"":3.8,""size_class"":""Huge""}","{""raw"":""220.5 lbs / 100kg (5)"",""kg"":100.0,""weight_class"":5}","{""raw"":""No Gender"",""genderless"":true,""male_percent"":0.0,""female_percent"":0.0}","[""None""]","[""Ultra Space""]",gen8,950,False,"{""unresolved_abilities"":0,""unresolved_move_references"":0,""unresolved_capabilities"":0}"
yamask,Yamask,,,,,,,,True,True,complete,"[""Ghost""]","{""hp"":4,""attack"":3,""defense"":9,""special_attack"":6,""special_defense"":7,""speed"":3}","{""raw"":""1' 8\"" / 0.5m (Small)"",""meters"":0.5,""size_class"":""Small""}","{""raw"":""3.3 lbs / 1.5kg (1)"",""kg"":1.5,""weight_class"":1}","{""raw"":""50% M / 50% F"",""male_percent"":50.0,""female_percent"":50.0,""genderless"":false}","[""Mineral"",""Indeterminate""]","[""Desert""]",gen8,433,False,"{""unresolved_abilities"":0,""unresolved_move_references"":1,""unresolved_capabilities"":0}"
yamask-galar,YAMASK Galar,,,,,,,,True,True,complete,"[""Ground"",""Ghost""]","{""hp"":4,""attack"":6,""defense"":9,""special_attack"":3,""special_defense"":7,""speed"":3}","{""raw"":""1' 8\"" / 0.5m (Small)"",""meters"":0.5,""size_class"":""Small""}","{""raw"":""3.3 lbs / 1.5kg (1)"",""kg"":1.5,""weight_class"":1}","{""raw"":""50% M / 50% F"",""male_percent"":50.0,""female_percent"":50.0,""genderless"":false}","[""Mineral"",""Indeterminate""]","[""Desert""]",gen8,810,False,"{""unresolved_abilities"":0,""unresolved_move_references"":0,""unresolved_capabilities"":0}"
yamper,Yamper,,,,,,,,True,True,complete,"[""Electric""]","{""hp"":6,""attack"":5,""defense"":5,""special_attack"":4,""special_defense"":5,""speed"":3}","{""raw"":""1' 0\"" / 0.3m (Small)"",""meters"":0.3,""size_class"":""Small""}","{""raw"":""29.8 lbs / 13.5kg (2)"",""kg"":13.5,""weight_class"":2}","{""raw"":""50% M / 50% F"",""male_percent"":50.0,""female_percent"":50.0,""genderless"":false}","[""Field""]","[""Grassland"",""Urban""]",gen8,374,False,"{""unresolved_abilities"":0,""unresolved_move_references"":0,""unresolved_capabilities"":0}"
yanma,Yanma,,,,,,,,True,True,complete,"[""Bug"",""Flying""]","{""hp"":7,""attack"":7,""defense"":5,""special_attack"":8,""special_defense"":5,""speed"":10}","{""raw"":""3' 11\"" / 1.2m (Medium)"",""meters"":1.2,""size_class"":""Medium""}","{""raw"":""83.8 lbs / 38kg (3)"",""kg"":38.0,""weight_class"":3}","{""raw"":""50% M / 50% F"",""male_percent"":50.0,""female_percent"":50.0,""genderless"":false}","[""Bug""]","[""Forest"",""Marsh""]",gen8,312,False,"{""unresolved_abilities"":0,""unresolved_move_references"":0,""unresolved_capabilities"":0}"
yanmega,Yanmega,,,,,,,,True,True,complete,"[""Bug"",""Flying""]","{""hp"":9,""attack"":8,""defense"":9,""special_attack"":12,""special_defense"":6,""speed"":10}","{""raw"":""6' 3\"" / 1.9m (Large)"",""meters"":1.9,""size_class"":""Large""}","{""raw"":""83.8 lbs / 38kg (3)"",""kg"":38.0,""weight_class"":3}","{""raw"":""50% M / 50% F"",""male_percent"":50.0,""female_percent"":50.0,""genderless"":false}","[""Bug""]","[""Forest"",""Marsh""]",gen8,313,False,"{""unresolved_abilities"":0,""unresolved_move_references"":0,""unresolved_capabilities"":0}"
yungoos,Yungoos,,,,,,,,True,True,complete,"[""Normal""]","{""hp"":5,""attack"":7,""defense"":3,""special_attack"":3,""special_defense"":3,""speed"":5}","{""raw"":""1' 4\"" / 0.4m (Small)"",""meters"":0.4,""size_class"":""Small""}","{""raw"":""12.2 lbs / 6kg (1)"",""kg"":6.0,""weight_class"":1}","{""raw"":""50% M / 50% F"",""male_percent"":50.0,""female_percent"":50.0,""genderless"":false}","[""Field""]","[""Grassland""]",gen8,557,False,"{""unresolved_abilities"":0,""unresolved_move_references"":0,""unresolved_capabilities"":0}"
yveltal,Yveltal,,,,,,,,True,True,complete,"[""Dark"",""Flying""]","{""hp"":13,""attack"":13,""defense"":10,""special_attack"":13,""special_defense"":10,""speed"":10}","{""raw"":""19' 0\"" / 5.8m (Gigantic)"",""meters"":5.8,""size_class"":""Gigantic""}","{""raw"":""447.5 lbs / 203kg (6)"",""kg"":203.0,""weight_class"":6}","{""raw"":""No Gender"",""genderless"":true,""male_percent"":0.0,""female_percent"":0.0}","[""None""]","[""Mountain""]",gen8,926,False,"{""unresolved_abilities"":1,""unresolved_move_references"":0,""unresolved_capabilities"":0}"
zacian-crowned-sword-forme,ZACIAN Crowned Sword Forme,,,,,,,,True,True,complete,"[""Fairy"",""Steel""]","{""hp"":9,""attack"":17,""defense"":12,""special_attack"":8,""special_defense"":12,""speed"":15}","{""raw"":""9' 2\"" / 2.8m (Huge)"",""meters"":2.8,""size_class"":""Huge""}","{""raw"":""242.5 lbs / 110kg (5)"",""kg"":110.0,""weight_class"":5}","{""raw"":""No Gender"",""genderless"":true,""male_percent"":0.0,""female_percent"":0.0}","[""None""]","[""Forest""]",gen8,964,False,"{""unresolved_abilities"":0,""unresolved_move_references"":0,""unresolved_capabilities"":0}"
zacian-hero-of-many-battles-forme,ZACIAN Hero of Many Battles Forme,,,,,,,,True,True,complete,"[""Fairy""]","{""hp"":9,""attack"":13,""defense"":12,""special_attack"":8,""special_defense"":12,""speed"":14}","{""raw"":""9' 2\"" / 2.8m (Huge)"",""meters"":2.8,""size_class"":""Huge""}","{""raw"":""242.5 lbs / 110kg (5)"",""kg"":110.0,""weight_class"":5}","{""raw"":""No Gender"",""genderless"":true,""male_percent"":0.0,""female_percent"":0.0}","[""None""]","[""Forest""]",gen8,963,False,"{""unresolved_abilities"":0,""unresolved_move_references"":0,""unresolved_capabilities"":0}"
zamazenta-crowned-shield-forme,ZAMAZENTA Crowned Shield Forme,,,,,,,,True,True,complete,"[""Fighting"",""Steel""]","{""hp"":9,""attack"":13,""defense"":15,""special_attack"":8,""special_defense"":15,""speed"":14}","{""raw"":""9' 6\"" / 2.9m (Huge)"",""meters"":2.9,""size_class"":""Huge""}","{""raw"":""463 lbs / 210kg (6)"",""kg"":210.0,""weight_class"":6}","{""raw"":""No Gender"",""genderless"":true,""male_percent"":0.0,""female_percent"":0.0}","[""None""]","[""Forest""]",gen8,966,False,"{""unresolved_abilities"":0,""unresolved_move_references"":0,""unresolved_capabilities"":0}"
zamazenta-hero-of-many-battles-forme,ZAMAZENTA Hero of Many Battles Forme,,,,,,,,True,True,complete,"[""Fighting""]","{""hp"":9,""attack"":13,""defense"":12,""special_attack"":8,""special_defense"":12,""speed"":14}","{""raw"":""9' 6\"" / 2.9m (Huge)"",""meters"":2.9,""size_class"":""Huge""}","{""raw"":""463 lbs / 210kg (6)"",""kg"":210.0,""weight_class"":6}","{""raw"":""No Gender"",""genderless"":true,""male_percent"":0.0,""female_percent"":0.0}","[""None""]","[""Forest""]",gen8,965,False,"{""unresolved_abilities"":0,""unresolved_move_references"":0,""unresolved_capabilities"":0}"
zangoose,Zangoose,,,,,,,,True,True,complete,"[""Normal""]","{""hp"":7,""attack"":12,""defense"":6,""special_attack"":6,""special_defense"":6,""speed"":9}","{""raw"":""4' 3\"" / 1.3m (Medium)"",""meters"":1.3,""size_class"":""Medium""}","{""raw"":""88.8 lbs / 40.3kg (3)"",""kg"":40.3,""weight_class"":3}","{""raw"":""50% M / 50% F"",""male_percent"":50.0,""female_percent"":50.0,""genderless"":false}","[""Field""]","[""Desert"",""Forest"",""Grassland"",""Mountain""]",gen8,734,False,"{""unresolved_abilities"":0,""unresolved_move_references"":0,""unresolved_capabilities"":0}"
zapdos,Zapdos,,,,,,,,True,True,complete,"[""Electric"",""Flying""]","{""hp"":9,""attack"":9,""defense"":9,""special_attack"":13,""special_defense"":9,""speed"":10}","{""raw"":""5' 3\"" / 1.6m (Medium)"",""meters"":1.6,""size_class"":""Medium""}","{""raw"":""116 lbs / 52.6kg (4)"",""kg"":52.6,""weight_class"":4}","{""raw"":""No Gender"",""genderless"":true,""male_percent"":0.0,""female_percent"":0.0}","[""None""]","[""Mountain"",""Urban""]",gen8,867,False,"{""unresolved_abilities"":0,""unresolved_move_references"":0,""unresolved_capabilities"":0}"
zebstrika,Zebstrika,,,,,,,,True,True,complete,"[""Electric""]","{""hp"":8,""attack"":10,""defense"":6,""special_attack"":8,""special_defense"":6,""speed"":12}","{""raw"":""5' 3\"" / 1.6m (Medium)"",""meters"":1.6,""size_class"":""Medium""}","{""raw"":""175.3 lbs / 79.5kg (4)"",""kg"":79.5,""weight_class"":4}","{""raw"":""50% M / 50% F"",""male_percent"":50.0,""female_percent"":50.0,""genderless"":false}","[""Field""]","[""Grassland""]",gen8,371,False,"{""unresolved_abilities"":0,""unresolved_move_references"":0,""unresolved_capabilities"":0}"
zekrom,Zekrom,,,,,,,,True,True,complete,"[""Dragon"",""Electric""]","{""hp"":10,""attack"":15,""defense"":12,""special_attack"":12,""special_defense"":10,""speed"":9}","{""raw"":""9' 6\"" / 2.9m (Huge)"",""meters"":2.9,""size_class"":""Huge""}","{""raw"":""760.6 lbs / 345kg (6)"",""kg"":345.0,""weight_class"":6}","{""raw"":""No Gender"",""genderless"":true,""male_percent"":0.0,""female_percent"":0.0}","[""None""]","[""Non-Space""]",gen8,918,False,"{""unresolved_abilities"":0,""unresolved_move_references"":0,""unresolved_capabilities"":0}"
zeraora,Zeraora,,,,,,,,True,True,complete,"[""Electric""]","{""hp"":9,""attack"":11,""defense"":8,""special_attack"":10,""special_defense"":8,""speed"":14}","{""raw"":""4' 11\"" / 1.5m (Medium)"",""meters"":1.5,""size_class"":""Medium""}","{""raw"":""98.1 lbs / 44.5kg (3)"",""kg"":44.5,""weight_class"":3}","{""raw"":""No Gender"",""genderless"":true,""male_percent"":0.0,""female_percent"":0.0}","[""None""]","[""Forest""]",gen8,960,False,"{""unresolved_abilities"":0,""unresolved_move_references"":0,""unresolved_capabilities"":0}"
zigzagoon,Zigzagoon,,,,,,,,True,True,complete,"[""Normal""]","{""hp"":4,""attack"":3,""defense"":4,""special_attack"":3,""special_defense"":4,""speed"":6}","{""raw"":""1' 4\"" / 0.4m (Small)"",""meters"":0.4,""size_class"":""Small""}","{""raw"":""38.6 lbs / 17.5kg (2)"",""kg"":17.5,""weight_class"":2}","{""raw"":""50% M / 50% F"",""male_percent"":50.0,""female_percent"":50.0,""genderless"":false}","[""Field""]","[""Forest"",""Grassland""]",gen8,533,False,"{""unresolved_abilities"":0,""unresolved_move_references"":0,""unresolved_capabilities"":0}"
zigzagoon-galar,ZIGZAGOON Galar,,,,,,,,True,True,complete,"[""Dark"",""Normal""]","{""hp"":4,""attack"":3,""defense"":4,""special_attack"":3,""special_defense"":4,""speed"":6}","{""raw"":""1' 4\"" / 0.4m (Small)"",""meters"":0.4,""size_class"":""Small""}","{""raw"":""38.6 lbs / 17.5kg (2)"",""kg"":17.5,""weight_class"":2}","{""raw"":""50% M / 50% F"",""male_percent"":50.0,""female_percent"":50.0,""genderless"":false}","[""Field""]","[""Forest"",""Grassland""]",gen8,804,False,"{""unresolved_abilities"":0,""unresolved_move_references"":0,""unresolved_capabilities"":0}"
zoroark,Zoroark,,,,,,,,True,True,complete,"[""Dark""]","{""hp"":6,""attack"":11,""defense"":6,""special_attack"":12,""special_defense"":6,""speed"":11}","{""raw"":""5' 3\"" / 1.6m (Medium)"",""meters"":1.6,""size_class"":""Medium""}","{""raw"":""178.8 lbs / 81.1kg (4)"",""kg"":81.1,""weight_class"":4}","{""raw"":""87.5% M / 12.5% F"",""male_percent"":87.5,""female_percent"":12.5,""genderless"":false}","[""Field""]","[""Forest""]",gen8,357,False,"{""unresolved_abilities"":0,""unresolved_move_references"":1,""unresolved_capabilities"":0}"
zorua,Zorua,,,,,,,,True,True,complete,"[""Dark""]","{""hp"":4,""attack"":7,""defense"":4,""special_attack"":8,""special_defense"":4,""speed"":7}","{""raw"":""2' 4\"" / 0.7m (Small)"",""meters"":0.7,""size_class"":""Small""}","{""raw"":""27.6 lbs / 12.5kg (2)"",""kg"":12.5,""weight_class"":2}","{""raw"":""87.5% M / 12.5% F"",""male_percent"":87.5,""female_percent"":12.5,""genderless"":false}","[""Field""]","[""Forest"",""Grassland""]",gen8,356,False,"{""unresolved_abilities"":0,""unresolved_move_references"":2,""unresolved_capabilities"":0}"
zubat,Zubat,,,,,,,,True,True,complete,"[""Poison"",""Flying""]","{""hp"":4,""attack"":5,""defense"":4,""special_attack"":3,""special_defense"":4,""speed"":6}","{""raw"":""2' 7\"" / 0.8m (Small)"",""meters"":0.8,""size_class"":""Small""}","{""raw"":""16.5 lbs / 7.5kg (1)"",""kg"":7.5,""weight_class"":1}","{""raw"":""50% M / 50% F"",""male_percent"":50.0,""female_percent"":50.0,""genderless"":false}","[""Flying""]","[""Cave""]",gen8,245,False,"{""unresolved_abilities"":0,""unresolved_move_references"":0,""unresolved_capabilities"":0}"
zweilous,Zweilous,,,,,,,,True,True,complete,"[""Dark"",""Dragon""]","{""hp"":7,""attack"":9,""defense"":7,""special_attack"":7,""special_defense"":7,""speed"":6}","{""raw"":""4' 8\"" / 1.4m (Medium)"",""meters"":1.4,""size_class"":""Medium""}","{""raw"":""110.2 lbs / 50kg (4)"",""kg"":50.0,""weight_class"":4}","{""raw"":""50% M / 50% F"",""male_percent"":50.0,""female_percent"":50.0,""genderless"":false}","[""Dragon""]","[""Cave"",""Mountain""]",gen8,854,False,"{""unresolved_abilities"":0,""unresolved_move_references"":0,""unresolved_capabilities"":0}"
zygarde-10-forme,ZYGARDE 10% Forme,,,,,,,,True,True,complete,"[""Dragon"",""Ground""]","{""hp"":5,""attack"":10,""defense"":7,""special_attack"":6,""special_defense"":9,""speed"":12}","{""raw"":""3' 11\"" / 1.2m (Medium)"",""meters"":1.2,""size_class"":""Medium""}","{""raw"":""73.9 lbs / 33.5kg (3)"",""kg"":33.5,""weight_class"":3}","{""raw"":""No Gender"",""genderless"":true,""male_percent"":0.0,""female_percent"":0.0}","[""None""]","[""Cave""]",gen8,927,False,"{""unresolved_abilities"":0,""unresolved_move_references"":1,""unresolved_capabilities"":0}"
zygarde-50-forme,ZYGARDE 50% Forme,,,,,,,,True,True,complete,"[""Dragon"",""Ground""]","{""hp"":11,""attack"":10,""defense"":12,""special_attack"":8,""special_defense"":10,""speed"":10}","{""raw"":""16' 5\"" / 5m (Gigantic)"",""meters"":5.0,""size_class"":""Gigantic""}","{""raw"":""672.4 lbs / 305kg (6)"",""kg"":305.0,""weight_class"":6}","{""raw"":""No Gender"",""genderless"":true,""male_percent"":0.0,""female_percent"":0.0}","[""None""]","[""Cave""]",gen8,928,False,"{""unresolved_abilities"":0,""unresolved_move_references"":1,""unresolved_capabilities"":0}"
zygarde-complete-forme,ZYGARDE Complete Forme,,,,,,,,True,True,complete,"[""Dragon"",""Ground""]","{""hp"":22,""attack"":10,""defense"":12,""special_attack"":9,""special_defense"":10,""speed"":9}","{""raw"":""14' 9\"" / 4.5m (Gigantic)"",""meters"":4.5,""size_class"":""Gigantic""}","{""raw"":""1344.8 lbs / 610kg (6)"",""kg"":610.0,""weight_class"":6}","{""raw"":""No Gender"",""genderless"":true,""male_percent"":0.0,""female_percent"":0.0}","[""None""]","[""Cave""]",gen8,929,False,"{""unresolved_abilities"":0,""unresolved_move_references"":1,""unresolved_capabilities"":0}"
