definition_kind,definition_id,definition_name,prerequisite_status,effect_coverage,automation_level,needs_review,source_id,source_page
edge,acrobat,Acrobat,full,manual,manual_text,False,core,56
edge,adept-skills,Adept Skills,full,manual,manual_text,False,core,52
edge,apricorn-balls,Apricorn Balls,full,manual,manual_text,False,core,53
edge,art-of-stealth,Art of Stealth,full,full,machine_ready,False,core,56
edge,athletic-initiative,Athletic Initiative,full,full,machine_ready,False,core,54
edge,bad-mood,Bad Mood,full,manual,manual_text,False,core,54
edge,basic-balls,Basic Balls,full,manual,manual_text,False,core,53
edge,basic-cooking,Basic Cooking,full,manual,manual_text,False,core,53
edge,basic-martial-arts,Basic Martial Arts,full,full,machine_ready,False,core,54
edge,basic-psionics,Basic Psionics,full,full,machine_ready,False,core,54
edge,basic-skills,Basic Skills,full,manual,manual_text,False,core,52
edge,beast-master,Beast Master,full,manual,manual_text,False,core,53
edge,breeder,Breeder,full,manual,manual_text,False,core,53
edge,categoric-inclination,Categoric Inclination,full,manual,manual_text,False,core,52
edge,charmer,Charmer,full,full,machine_ready,False,core,54
edge,confidence-artist,Confidence Artist,full,full,machine_ready,False,core,54
edge,demoralize,Demoralize,full,manual,hybrid,False,core,54
edge,dynamism,Dynamism,full,manual,manual_text,False,core,54
edge,elemental-connection,Elemental Connection,full,manual,manual_text,False,core,56
edge,expert-manipulator,Expert Manipulator,full,manual,manual_text,False,core,54
edge,expert-skills,Expert Skills,full,manual,manual_text,False,core,52
edge,expert-trickster,Expert Trickster,full,manual,manual_text,False,core,55
edge,flustering-charisma,Flustering Charisma,full,manual,manual_text,False,core,55
edge,gem-lore,Gem Lore,full,manual,manual_text,False,core,53
edge,grace,Grace,partial,manual,hybrid,False,core,53
edge,green-thumb,Green Thumb,partial,manual,hybrid,False,core,53
edge,groomer,Groomer,full,manual,manual_text,False,core,54
edge,instinctive-aptitude,Instinctive Aptitude,full,manual,manual_text,False,core,56
edge,instruction,Instruction,full,manual,manual_text,False,core,56
edge,intimidating-presence,Intimidating Presence,full,full,machine_ready,False,core,55
edge,iron-mind,Iron Mind,full,manual,manual_text,False,core,56
edge,kip-up,Kip Up,full,manual,manual_text,False,core,55
edge,leader,Leader,full,full,machine_ready,False,core,55
edge,master-skills,Master Skills,full,manual,manual_text,False,core,52
edge,medic-training,Medic Training,full,manual,manual_text,False,core,56
edge,mounted-prowess,Mounted Prowess,full,manual,manual_text,False,core,56
edge,mystic-senses,Mystic Senses,full,manual,manual_text,False,core,56
edge,nimble-movement,Nimble Movement,full,manual,manual_text,False,core,55
edge,paleontologist,Paleontologist,partial,manual,hybrid,False,core,54
edge,poke-ball-repair,Poké Ball Repair,full,manual,manual_text,False,core,53
edge,pokepsychologist,PokéPsychologist,full,manual,manual_text,False,core,56
edge,power-boost,Power Boost,full,full,machine_ready,False,core,56
edge,repel-crafter,Repel Crafter,full,manual,manual_text,False,core,53
edge,scholar,Scholar,full,manual,manual_text,False,core,56
edge,skill-enhancement,Skill Enhancement,full,manual,manual_text,False,core,52
edge,skill-stunt,Skill Stunt,partial,manual,hybrid,False,core,52
edge,slippery,Slippery,full,manual,manual_text,False,core,55
edge,smooth,Smooth,full,manual,manual_text,False,core,55
edge,sneaks-tricks,Sneak's Tricks,full,full,machine_ready,False,core,55
edge,stamina,Stamina,full,manual,manual_text,False,core,55
edge,survival-drive,Survival Drive,full,full,machine_ready,False,core,55
edge,swimmer,Swimmer,full,manual,manual_text,False,core,56
edge,tag-scribe,Tag Scribe,full,manual,manual_text,False,core,53
edge,throwing-masteries,Throwing Masteries,full,manual,manual_text,False,core,55
edge,train-the-reserves,Train the Reserves,full,manual,manual_text,False,core,54
edge,trainer-of-champions,Trainer of Champions,full,manual,manual_text,False,core,54
edge,traveler,Traveler,full,manual,manual_text,False,core,56
edge,virtuoso,Virtuoso,full,manual,manual_text,False,core,52
edge,wallrunner,Wallrunner,full,manual,manual_text,False,core,56
edge,weapon-of-choice,Weapon of Choice,full,manual,manual_text,False,core,55
edge,work-up,Work Up,full,full,machine_ready,False,core,55
poke_edge,ability-mastery,Ability Mastery,full,full,machine_ready,False,core,204
poke_edge,accuracy-training,Accuracy Training,full,manual,manual_text,False,core,205
poke_edge,advanced-connection,Advanced Connection,full,manual,manual_text,False,core,204
poke_edge,advanced-mobility,Advanced Mobility,full,manual,manual_text,False,core,205
poke_edge,attack-conflict,Attack Conflict,full,manual,manual_text,False,core,204
poke_edge,aura-pulse,Aura Pulse,partial,manual,hybrid,False,core,205
poke_edge,basic-ranged-attacks,Basic Ranged Attacks,partial,partial,hybrid,False,core,205
poke_edge,capability-training,Capability Training,full,manual,manual_text,False,core,205
poke_edge,enticing-bait,Enticing Bait,full,manual,manual_text,False,core,205
poke_edge,extended-invisibility,Extended Invisibility,full,manual,manual_text,False,core,205
poke_edge,far-reading,Far Reading,full,manual,manual_text,False,core,205
poke_edge,mixed-sweeper,Mixed Sweeper,partial,manual,hybrid,False,core,204
poke_edge,precise-threadings,Precise Threadings,full,manual,manual_text,False,core,205
poke_edge,realized-potential,Realized Potential,partial,manual,hybrid,False,core,204
poke_edge,seismometer,Seismometer,full,manual,manual_text,False,core,205
poke_edge,skill-improvement,Skill Improvement,full,manual,manual_text,False,core,204
poke_edge,tk-mastery,TK Mastery,full,manual,manual_text,False,core,205
poke_edge,trail-sniffer,Trail Sniffer,full,manual,manual_text,False,core,205
poke_edge,underdogs-lessons,Underdog's Lessons,manual,manual,manual_text,False,core,205
poke_edge,underdogs-strength,Underdog's Strength,partial,manual,hybrid,False,core,204
feature,branded,Branded,full,manual,manual_text,False,blessed,50
feature,gift-of-command,Gift of Command,manual,none,metadata_only,True,blessed,53
feature,giftsapper,Giftsapper,full,manual,manual_text,False,blessed,54
feature,symbolsight,Symbolsight,full,none,metadata_only,True,blessed,54
feature,blessed-power,Blessed Power,manual,none,metadata_only,True,blessed,55
feature,blessed-resilience,Blessed Resilience,full,none,metadata_only,True,blessed,56
feature,insight-of-the-great-ones,Insight of the Great Ones,manual,none,metadata_only,True,blessed,56
feature,luck-of-the-gods,Luck of the Gods,manual,none,metadata_only,True,blessed,55
feature,soul-mending,Soul Mending,manual,none,metadata_only,True,blessed,55
feature,articunos-major-gift-winters-kiss,Articuno's Major Gift - Winter's Kiss,full,full,machine_ready,False,blessed,58
feature,azelfs-major-gift-drain-will,Azelf's Major Gift - Drain Will,manual,manual,manual_text,False,blessed,60
feature,azelfs-minor-gift-force-of-will,Azelf's Minor Gift - Force of Will,full,manual,manual_text,False,blessed,59
feature,cresselias-major-gift-dreamspinner,Cresselia's Major Gift - Dreamspinner,full,full,machine_ready,False,blessed,65
feature,cresselias-pact-gift-lunar-dance,Cresselia's Pact Gift - Lunar Dance,manual,full,hybrid,False,blessed,65
feature,darkrais-major-gift-bad-dreams,Darkrai's Major Gift - Bad Dreams,full,full,machine_ready,False,blessed,65
feature,darkrais-pact-gift-dark-void,Darkrai's Pact Gift - Dark Void,manual,full,hybrid,False,blessed,65
feature,dialgas-major-gift-probability-control,Dialga's Major Gift - Probability Control,manual,full,hybrid,False,blessed,64
feature,dialgas-major-gift-time-stop,Dialga's Major Gift - Time Stop,full,manual,manual_text,False,blessed,64
feature,dialgas-minor-gift-perfect-timing,Dialga's Minor Gift - Perfect Timing,full,manual,manual_text,False,blessed,64
feature,dialgas-pact-gift-roar-of-time,Dialga's Pact Gift - Roar of Time,manual,full,hybrid,False,blessed,64
feature,enteis-major-gift-flash-fire,Entei's Major Gift - Flash Fire,full,full,machine_ready,False,blessed,58
feature,giratinas-major-gift-banish,Giratina's Major Gift - Banish,full,manual,manual_text,False,blessed,64
feature,giratinas-major-gift-pressure,Giratina's Major Gift - Pressure,manual,full,hybrid,False,blessed,64
feature,giratinas-minor-gift-death-sense,Giratina's Minor Gift - Death Sense,full,manual,manual_text,False,blessed,64
feature,giratinas-pact-gift-shadow-force,Giratina's Pact Gift - Shadow Force,manual,full,hybrid,False,blessed,64
feature,groudons-major-gift-drought,Groudon's Major Gift - Drought,manual,full,hybrid,False,blessed,63
feature,groudons-major-gift-earthshaker,Groudon's Major Gift - Earthshaker,manual,full,hybrid,False,blessed,63
feature,groudons-major-gift-magma-spirit,Groudon's Major Gift - Magma Spirit,manual,manual,manual_text,False,blessed,63
feature,groudons-minor-gift-landmaster,Groudon's Minor Gift - Landmaster,full,manual,manual_text,False,blessed,63
feature,groudons-pact-gift-eruption,Groudon's Pact Gift - Eruption,manual,full,hybrid,False,blessed,63
feature,ho-ohs-major-gift-ashes-of-the-phoenix,Ho-oh's Major Gift - Ashes of the Phoenix,full,manual,manual_text,False,blessed,62
feature,ho-ohs-pact-gift-sacred-fire,Ho-oh's Pact Gift - Sacred Fire,manual,full,hybrid,False,blessed,62
feature,kyogres-major-gift-aqua-spirit,Kyogre's Major Gift - Aqua Spirit,manual,manual,manual_text,False,blessed,63
feature,kyogres-major-gift-drizzle,Kyogre's Major Gift - Drizzle,manual,full,hybrid,False,blessed,63
feature,kyogres-major-gift-wavecrasher,Kyogre's Major Gift - Wavecrasher,manual,full,hybrid,False,blessed,63
feature,kyogres-minor-gift-seamaster,Kyogre's Minor Gift - Seamaster,full,manual,manual_text,False,blessed,63
feature,kyogres-pact-gift-water-spout,Kyogre's Pact Gift - Water Spout,manual,full,hybrid,False,blessed,63
feature,kyurems-major-gift-the-empty-tao,Kyurem's Major Gift - The Empty Tao,manual,manual,manual_text,False,blessed,67
feature,kyurems-major-gift-winters-kiss,Kyurem's Major Gift - Winter's Kiss,manual,full,hybrid,False,blessed,67
feature,kyurems-minor-gift-hero-of-balance,Kyurem's Minor Gift - Hero of Balance,full,manual,manual_text,False,blessed,67
feature,kyurems-pact-gift-freeze-shock,Kyurem's Pact Gift - Freeze Shock,manual,full,hybrid,False,blessed,67
feature,kyurems-pact-gift-glaciate,Kyurem's Pact Gift - Glaciate,manual,full,hybrid,False,blessed,67
feature,kyurems-pact-gift-ice-burn,Kyurem's Pact Gift - Ice Burn,manual,full,hybrid,False,blessed,67
feature,latiass-major-gift-mist-ball,Latias's Major Gift - Mist Ball,full,full,machine_ready,False,blessed,59
feature,latioss-major-gift-luster-purge,Latios's Major Gift - Luster Purge,full,full,machine_ready,False,blessed,59
feature,lugias-major-gift-storm-of-the-century,Lugia's Major Gift - Storm of the Century,full,manual,manual_text,False,blessed,62
feature,lugias-pact-gift-aeroblast,Lugia's Pact Gift - Aeroblast,manual,full,hybrid,False,blessed,62
feature,major-gift-amorphous,Major Gift - Amorphous,full,full,machine_ready,False,blessed,69
feature,major-gift-animate,Major Gift - Animate,full,manual,manual_text,False,blessed,66
feature,major-gift-aura-break,Major Gift - Aura Break,full,full,machine_ready,False,blessed,68
feature,major-gift-barrier,Major Gift - Barrier,full,full,machine_ready,False,blessed,62
feature,major-gift-blaze-armor,Major Gift - Blaze Armor,full,manual,manual_text,False,blessed,66
feature,major-gift-clear-body,Major Gift - Clear Body,full,full,machine_ready,False,blessed,59
feature,major-gift-corrupt-existence,Major Gift - Corrupt Existence,full,manual,manual_text,False,blessed,70
feature,major-gift-courage,Major Gift - Courage,full,full,machine_ready,False,blessed,61
feature,major-gift-dead-zone,Major Gift - Dead Zone,full,manual,manual_text,False,blessed,70
feature,major-gift-diamond-storm,Major Gift - Diamond Storm,full,full,machine_ready,False,blessed,61
feature,major-gift-doom-desire,Major Gift - Doom Desire,full,full,machine_ready,False,blessed,59
feature,major-gift-dream-augury,Major Gift - Dream Augury,full,manual,manual_text,False,blessed,65
feature,major-gift-elemental-manipulation,Major Gift - Elemental Manipulation,full,manual,manual_text,False,blessed,58
feature,major-gift-expanded-horizons,Major Gift - Expanded Horizons,full,manual,manual_text,False,blessed,69
feature,major-gift-eye-of-truth,Major Gift - Eye of Truth,full,manual,manual_text,False,blessed,59
feature,major-gift-gentle-vibe,Major Gift - Gentle Vibe,full,full,machine_ready,False,blessed,62
feature,major-gift-glitch-message,Major Gift - Glitch Message,full,manual,manual_text,False,blessed,70
feature,major-gift-god-crusher,Major Gift - God Crusher,full,manual,manual_text,False,blessed,68
feature,major-gift-he-who-cannot-be-shackled,Major Gift - He Who Cannot Be Shackled,full,manual,manual_text,False,blessed,68
feature,major-gift-hydration,Major Gift - Hydration,full,full,machine_ready,False,blessed,60
feature,major-gift-invert-balance,Major Gift - Invert Balance,manual,manual,manual_text,False,blessed,66
feature,major-gift-knight-of-the-fallen-god,Major Gift - Knight of the Fallen God,full,manual,manual_text,False,blessed,70
feature,major-gift-lava-blooded,Major Gift - Lava-blooded,full,none,metadata_only,True,blessed,65
feature,major-gift-levitate,Major Gift - Levitate,full,full,machine_ready,False,blessed,61
feature,major-gift-life-force,Major Gift - Life Force,manual,full,hybrid,False,blessed,62
feature,major-gift-magic-bounce,Major Gift - Magic Bounce,full,full,machine_ready,False,blessed,61
feature,major-gift-magma-armor,Major Gift - Magma Armor,full,full,machine_ready,False,blessed,65
feature,major-gift-march-of-the-colossus,Major Gift - March of the Colossus,full,manual,manual_text,False,blessed,66
feature,major-gift-mark-of-loyalty,Major Gift - Mark of Loyalty,full,manual,manual_text,False,blessed,59
feature,major-gift-mental-suggestion,Major Gift - Mental Suggestion,full,manual,manual_text,False,blessed,69
feature,major-gift-mind-lock,Major Gift - Mind Lock,full,full,machine_ready,False,blessed,69
feature,major-gift-mirage,Major Gift - Mirage,full,manual,manual_text,False,blessed,62
feature,major-gift-oneiromancy,Major Gift - Oneiromancy,full,full,machine_ready,False,blessed,65
feature,major-gift-phasing,Major Gift - Phasing,full,full,machine_ready,False,blessed,69
feature,major-gift-primal-craftsmanship,Major Gift - Primal Craftsmanship,full,manual,manual_text,False,blessed,66
feature,major-gift-probability-control,Major Gift - Probability Control,full,full,machine_ready,False,blessed,59
feature,major-gift-pure-breathing,Major Gift - Pure Breathing,full,manual,manual_text,False,blessed,60
feature,major-gift-realm-portal,Major Gift - Realm Portal,manual,manual,manual_text,False,blessed,64
feature,major-gift-relic-song,Major Gift - Relic Song,full,full,machine_ready,False,blessed,61
feature,major-gift-sacred-sword,Major Gift - Sacred Sword,full,full,machine_ready,False,blessed,61
feature,major-gift-searing-blade,Major Gift - Searing Blade,full,manual,manual_text,False,blessed,66
feature,major-gift-seed-flare,Major Gift - Seed Flare,full,full,machine_ready,False,blessed,60
feature,major-gift-shared-mortality,Major Gift - Shared Mortality,manual,manual,manual_text,False,blessed,67
feature,major-gift-sight-sharing,Major Gift - Sight Sharing,partial,manual,hybrid,False,blessed,59
feature,major-gift-soundproof,Major Gift - Soundproof,manual,full,hybrid,False,blessed,61
feature,major-gift-sprouter,Major Gift - Sprouter,full,full,machine_ready,True,blessed,59
feature,major-gift-storm-of-the-fallen-world,Major Gift - Storm of the Fallen World,full,manual,manual_text,False,blessed,70
feature,major-gift-therian-form,Major Gift - Therian Form,full,manual,manual_text,False,blessed,61
feature,major-gift-towers-blessing,Major Gift - Tower's Blessing,full,manual,manual_text,False,blessed,62
feature,major-gift-tremorsense,Major Gift - Tremorsense,full,full,machine_ready,False,blessed,65
feature,major-gift-victory-star,Major Gift - Victory Star,full,full,machine_ready,False,blessed,66
feature,manaphys-major-gift-heart-swap,Manaphy's Major Gift - Heart Swap,full,full,machine_ready,False,blessed,60
feature,mesprits-major-gift-negate-emotion,Mesprit's Major Gift - Negate Emotion,manual,manual,manual_text,False,blessed,60
feature,mesprits-minor-gift-emotions-heart,Mesprit's Minor Gift - Emotion's Heart,full,manual,manual_text,False,blessed,60
feature,minor-gift-alien-countenance,Minor Gift - Alien Countenance,full,partial,hybrid,False,blessed,69
feature,minor-gift-catastrophe-sense,Minor Gift - Catastrophe Sense,full,manual,manual_text,False,blessed,59
feature,minor-gift-chosen-of-victory,Minor Gift - Chosen of Victory,full,manual,manual_text,False,blessed,66
feature,minor-gift-cloud-reading,Minor Gift - Cloud Reading,full,full,machine_ready,False,blessed,61
feature,minor-gift-dazzling-the-stage,Minor Gift - Dazzling the Stage,full,manual,manual_text,False,blessed,61
feature,minor-gift-detect-heretic,Minor Gift - Detect Heretic,full,manual,manual_text,False,blessed,70
feature,minor-gift-dream-mastery,Minor Gift - Dream Mastery,full,manual,manual_text,False,blessed,65
feature,minor-gift-elemental-soul,Minor Gift - Elemental Soul,full,manual,manual_text,False,blessed,58
feature,minor-gift-hands-of-the-creator,Minor Gift - Hands of the Creator,full,manual,manual_text,False,blessed,65
feature,minor-gift-intuitive-sabotage,Minor Gift - Intuitive Sabotage,full,manual,manual_text,False,blessed,70
feature,minor-gift-loyal-heart,Minor Gift - Loyal Heart,full,manual,manual_text,False,blessed,59
feature,minor-gift-motherly-compassion,Minor Gift - Motherly Compassion,full,manual,manual_text,False,blessed,62
feature,minor-gift-plant-intuition,Minor Gift - Plant Intuition,full,manual,manual_text,False,blessed,60
feature,minor-gift-royal-privilege,Minor Gift - Royal Privilege,full,manual,manual_text,False,blessed,61
feature,minor-gift-sailors-guardian,Minor Gift - Sailors' Guardian,full,manual,manual_text,False,blessed,60
feature,minor-gift-spirit-of-justice,Minor Gift - Spirit of Justice,full,manual,manual_text,False,blessed,61
feature,minor-gift-stoic-stature,Minor Gift - Stoic Stature,full,manual,manual_text,False,blessed,59
feature,minor-gift-towers-rejuvenation,Minor Gift - Tower's Rejuvenation,full,manual,manual_text,False,blessed,62
feature,minor-gift-twin-souls,Minor Gift - Twin Souls,full,manual,manual_text,False,blessed,69
feature,minor-gift-vulcans-intuition,Minor Gift - Vulcan's Intuition,full,manual,manual_text,False,blessed,65
feature,minor-gift-watchful-sleep,Minor Gift - Watchful Sleep,full,manual,manual_text,False,blessed,59
feature,minor-gift-world-serpents-embrace,Minor Gift - World Serpent's Embrace,full,manual,manual_text,False,blessed,68
feature,moltress-major-gift-sun-blanket,Moltres's Major Gift - Sun Blanket,full,full,machine_ready,False,blessed,58
feature,pact-gift-crush-grip,Pact Gift - Crush Grip,manual,full,hybrid,False,blessed,66
feature,pact-gift-hypergeometry,Pact Gift - Hypergeometry,manual,none,metadata_only,True,blessed,69
feature,pact-gift-lands-wrath,Pact Gift - Land's Wrath,manual,full,hybrid,False,blessed,68
feature,pact-gift-magma-storm,Pact Gift - Magma Storm,manual,full,hybrid,False,blessed,65
feature,pact-gift-origin-tutor,Pact Gift - Origin Tutor,manual,manual,manual_text,False,blessed,62
feature,pact-gift-psystrike,Pact Gift - Psystrike,manual,full,hybrid,False,blessed,69
feature,pact-gift-slayer-of-the-false-gods,Pact Gift - Slayer of the False Gods,manual,manual,manual_text,False,blessed,70
feature,pact-gift-v-create,Pact Gift - V-Create,manual,full,hybrid,False,blessed,66
feature,palkias-major-gift-nomad,Palkia's Major Gift - Nomad,manual,partial,hybrid,False,blessed,64
feature,palkias-major-gift-space-distortion,Palkia's Major Gift - Space Distortion,full,manual,manual_text,False,blessed,64
feature,palkias-minor-gift-spatial-awareness,Palkia's Minor Gift - Spatial Awareness,full,manual,manual_text,False,blessed,64
feature,palkias-pact-gift-spacial-rend,Palkia's Pact Gift - Spacial Rend,manual,full,hybrid,False,blessed,64
feature,raikous-major-gift-volt-absorb,Raikou's Major Gift - Volt Absorb,full,full,machine_ready,False,blessed,58
feature,rayquazas-major-gift-air-adept,Rayquaza's Major Gift - Air Adept,manual,full,hybrid,False,blessed,63
feature,rayquazas-major-gift-air-lock,Rayquaza's Major Gift - Air Lock,manual,full,hybrid,False,blessed,63
feature,rayquazas-major-gift-sky-spirit,Rayquaza's Major Gift - Sky Spirit,manual,manual,manual_text,False,blessed,63
feature,rayquazas-minor-gift-clear-skies,Rayquaza's Minor Gift - Clear Skies,full,full,machine_ready,False,blessed,63
feature,rayquazas-pact-gift-hyper-beam,Rayquaza's Pact Gift - Hyper Beam,manual,full,hybrid,False,blessed,64
feature,reshirams-major-gift-turboblaze,Reshiram's Major Gift - Turboblaze,manual,full,hybrid,False,blessed,67
feature,reshirams-major-gift-white-yang,Reshiram's Major Gift - White Yang,manual,manual,manual_text,False,blessed,67
feature,reshirams-minor-gift-hero-of-truth,Reshiram's Minor Gift - Hero of Truth,full,manual,manual_text,False,blessed,66
feature,reshirams-pact-gift-blue-flare,Reshiram's Pact Gift - Blue Flare,manual,full,hybrid,False,blessed,67
feature,suicunes-major-gift-water-absorb,Suicune's Major Gift - Water Absorb,full,full,machine_ready,False,blessed,58
feature,uxies-major-gift-shatter-memory,Uxie's Major Gift - Shatter Memory,manual,manual,manual_text,False,blessed,60
feature,uxies-minor-gift-fount-of-knowledge,Uxie's Minor Gift - Fount of Knowledge,full,manual,manual_text,False,blessed,60
feature,xerneass-major-gift-bounty-of-life,Xerneas's Major Gift - Bounty of Life,manual,manual,manual_text,False,blessed,68
feature,xerneass-major-gift-fairy-aura,Xerneas's Major Gift - Fairy Aura,manual,full,hybrid,False,blessed,68
feature,xerneass-minor-gift-rejuvenating-aura,Xerneas's Minor Gift - Rejuvenating Aura,full,manual,manual_text,False,blessed,68
feature,xerneass-pact-gift-geomancy,Xerneas's Pact Gift - Geomancy,manual,full,hybrid,False,blessed,68
feature,yveltals-major-gift-dark-aura,Yveltal's Major Gift - Dark Aura,manual,full,hybrid,False,blessed,68
feature,yveltals-major-gift-touch-of-the-flayed-one,Yveltal's Major Gift - Touch of the Flayed One,manual,manual,manual_text,False,blessed,68
feature,yveltals-minor-gift-death-dealer,Yveltal's Minor Gift - Death Dealer,full,manual,manual_text,False,blessed,68
feature,yveltals-pact-gift-oblivion-wing,Yveltal's Pact Gift - Oblivion Wing,manual,full,hybrid,False,blessed,68
feature,zapdoss-major-gift-lightningrod,Zapdos's Major Gift - Lightningrod,full,full,machine_ready,False,blessed,58
feature,zekroms-major-gift-black-yin,Zekrom's Major Gift - Black Yin,manual,manual,manual_text,False,blessed,67
feature,zekroms-major-gift-teravolt,Zekrom's Major Gift - Teravolt,manual,full,hybrid,False,blessed,67
feature,zekroms-minor-gift-hero-of-ideals,Zekrom's Minor Gift - Hero of Ideals,full,manual,manual_text,False,blessed,67
feature,zekroms-pact-gift-bolt-strike,Zekrom's Pact Gift - Bolt Strike,manual,full,hybrid,False,blessed,67
feature,in-my-name,In My Name,partial,manual,hybrid,False,blessed,48
feature,messiah,Messiah,full,manual,manual_text,False,blessed,48
feature,sign-mastery,Sign Mastery,partial,manual,hybrid,False,blessed,46
feature,signer,Signer,full,manual,manual_text,False,blessed,46
feature,major-gift,Major Gift,full,manual,manual_text,False,blessed,45
feature,pact-gift,Pact Gift,manual,manual,manual_text,False,blessed,45
feature,soulbound,Soulbound,full,manual,manual_text,False,blessed,45
feature,touched,Touched,full,manual,manual_text,False,blessed,45
feature,gift-of-power,Gift of Power,full,manual,manual_text,False,blessed,52
feature,shared-strengths,Shared Strengths,partial,none,hybrid,True,blessed,52
feature,true-power,True Power,manual,manual,manual_text,False,blessed,52
feature,usurper,Usurper,manual,manual,manual_text,False,blessed,52
feature,ace-conjurer,Ace Conjurer,full,manual,manual_text,False,classes_extra,2
feature,conjurer,Conjurer,partial,manual,hybrid,False,classes_extra,2
feature,critical-buff,Critical Buff,manual,manual,manual_text,False,classes_extra,6
feature,enhancer,Enhancer,full,manual,manual_text,False,classes_extra,5
feature,grimoire,Grimoire,full,manual,manual_text,False,classes_extra,2
feature,hidden-armor,Hidden Armor,full,manual,manual_text,False,classes_extra,2
feature,hidden-coat,Hidden Coat,manual,manual,manual_text,False,classes_extra,5
feature,hidden-weapon,Hidden Weapon,full,manual,manual_text,False,classes_extra,2
feature,legendary-conjure,Legendary Conjure,full,manual,manual_text,False,classes_extra,2
feature,power-enhance,Power Enhance,full,full,machine_ready,False,classes_extra,5
feature,resolve-boost,Resolve Boost,manual,manual,manual_text,False,classes_extra,6
feature,secret-garden,Secret Garden,partial,manual,hybrid,False,classes_extra,5
feature,type-mastery,Type Mastery,full,manual,hybrid,False,classes_extra,2
feature,agility-training,Agility Training,full,manual,manual_text,False,core,60
feature,blur,Blur,full,manual,manual_text,False,core,63
feature,brace-for-impact,Brace for Impact,none,manual,manual_text,False,core,62
feature,brutal-training,Brutal Training,full,manual,manual_text,False,core,60
feature,capricious-whirl,Capricious Whirl,none,manual,manual_text,False,core,62
feature,command-versatility,Command Versatility,partial,manual,hybrid,False,core,59
feature,commanders-voice,Commander's Voice,full,manual,manual_text,False,core,60
feature,dazzling-dervish,Dazzling Dervish,none,manual,manual_text,False,core,62
feature,defender,Defender,full,manual,manual_text,False,core,63
feature,dive,Dive,full,manual,hybrid,False,core,63
feature,fighters-versatility,Fighter's Versatility,manual,manual,manual_text,False,core,63
feature,first-aid-expertise,First Aid Expertise,full,manual,manual_text,False,core,64
feature,focused-command,Focused Command,partial,manual,hybrid,False,core,60
feature,focused-training,Focused Training,full,partial,hybrid,False,core,60
feature,guardian-orders,Guardian Orders,full,manual,manual_text,False,core,62
feature,inspired-training,Inspired Training,full,partial,hybrid,False,core,60
feature,let-me-help-you-with-that,Let Me Help You With That,full,manual,manual_text,False,core,64
feature,long-shot,Long Shot,none,manual,manual_text,False,core,61
feature,marksman-orders,Marksman Orders,full,manual,manual_text,False,core,61
feature,multi-tasking,Multi-Tasking,partial,manual,hybrid,False,core,63
feature,perfect-aim,Perfect Aim,none,manual,manual_text,False,core,62
feature,pinpoint-strike,Pinpoint Strike,none,manual,manual_text,False,core,62
feature,poke-ball-crafter,Poké Ball Crafter,partial,manual,hybrid,False,core,64
feature,pokemaniac,PokéManiac,full,manual,manual_text,False,core,64
feature,precision-orders,Precision Orders,full,manual,manual_text,False,core,62
feature,press,Press,full,manual,manual_text,False,core,59
feature,psionic-sight,Psionic Sight,full,manual,manual_text,False,core,64
feature,quick-switch,Quick Switch,full,manual,manual_text,False,core,59
feature,ravager-orders,Ravager Orders,full,manual,manual_text,False,core,61
feature,reckless-advance,Reckless Advance,none,partial,hybrid,False,core,61
feature,sentinel-stance,Sentinel Stance,none,manual,manual_text,False,core,62
feature,signature-move,Signature Move,manual,manual,manual_text,False,core,63
feature,skill-monkey,Skill Monkey,partial,manual,hybrid,False,core,64
feature,species-savant,Species Savant,manual,manual,manual_text,False,core,59
feature,strike-again,Strike Again!,none,manual,manual_text,False,core,61
feature,trick-shot,Trick Shot,none,manual,manual_text,False,core,61
feature,trickster-orders,Trickster Orders,full,manual,manual_text,False,core,62
feature,tutoring,Tutoring,partial,manual,hybrid,False,core,59
feature,type-expertise,Type Expertise,none,manual,manual_text,False,core,63
feature,walk-it-off,Walk It Off,full,manual,manual_text,False,core,63
feature,ace-trainer,Ace Trainer,full,manual,manual_text,False,core,75
feature,champ-in-the-making,Champ in the Making,full,manual,manual_text,False,core,75
feature,critical-moment,Critical Moment,full,manual,manual_text,False,core,75
feature,elite-trainer,Elite Trainer,full,manual,manual_text,False,core,75
feature,perseverance,Perseverance,full,manual,manual_text,False,core,75
feature,signature-technique,Signature Technique,full,manual,manual_text,False,core,75
feature,top-percentage,Top Percentage,full,manual,manual_text,False,core,75
feature,adrenaline-rush,Adrenaline Rush,partial,manual,hybrid,False,core,155
feature,athlete,Athlete,partial,manual,hybrid,False,core,155
feature,athletic-moves,Athletic Moves,partial,manual,hybrid,False,core,155
feature,coaching,Coaching,full,manual,manual_text,False,core,155
feature,training-regime,Training Regime,manual,manual,manual_text,False,core,155
feature,ambient-aura,Ambient Aura,full,partial,hybrid,False,core,177
feature,aura-guardian,Aura Guardian,full,partial,hybrid,False,core,177
feature,aura-mastery,Aura Mastery,full,partial,hybrid,False,core,177
feature,aura-reader,Aura Reader,full,partial,hybrid,False,core,177
feature,sword-of-body-and-soul,Sword of Body and Soul,full,manual,manual_text,False,core,177
feature,the-power-of-aura,The Power of Aura,full,manual,manual_text,False,core,177
feature,advanced-capture-techniques,Advanced Capture Techniques,partial,manual,hybrid,False,core,78
feature,capture-specialist,Capture Specialist,partial,manual,hybrid,False,core,78
feature,captured-momentum,Captured Momentum,manual,none,metadata_only,True,core,78
feature,catch-combo,Catch Combo,partial,manual,hybrid,False,core,79
feature,false-strike,False Strike,partial,manual,hybrid,False,core,79
feature,gotta-catch-em-all,Gotta Catch ‘Em All,manual,manual,manual_text,False,core,78
feature,relentless-pursuit,Relentless Pursuit,partial,manual,hybrid,False,core,79
feature,battle-synchronization,Battle Synchronization,full,manual,manual_text,False,core,179
feature,channeler,Channeler,full,manual,manual_text,False,core,179
feature,pain-dampening,Pain Dampening,full,manual,manual_text,False,core,180
feature,power-conduit,Power Conduit,full,none,metadata_only,True,core,180
feature,shared-senses,Shared Senses,full,manual,manual_text,False,core,179
feature,soothing-connection,Soothing Connection,full,manual,manual_text,False,core,180
feature,spirit-boost,Spirit Boost,full,manual,manual_text,False,core,179
feature,cheer-brigade,Cheer Brigade,manual,manual,manual_text,False,core,93
feature,cheerleader,Cheerleader,full,manual,manual_text,False,core,93
feature,gleeful-interference,Gleeful Interference,full,manual,manual_text,False,core,93
feature,go-fight-win,"Go, Fight, Win!",partial,manual,hybrid,False,core,93
feature,inspirational-support,Inspirational Support,full,manual,manual_text,False,core,93
feature,keep-fighting,Keep Fighting!,full,manual,manual_text,False,core,94
feature,moment-of-action,Moment of Action,manual,manual,manual_text,False,core,93
feature,accentuated-taste,Accentuated Taste,full,manual,manual_text,False,core,131
feature,bait-mixer,Bait Mixer,full,partial,hybrid,False,core,132
feature,chef,Chef,full,manual,manual_text,False,core,131
feature,complex-aftertaste,Complex Aftertaste,full,manual,manual_text,False,core,131
feature,culinary-appreciation,Culinary Appreciation,full,manual,manual_text,False,core,131
feature,dietician,Dietician,full,manual,manual_text,False,core,131
feature,dumplings,Dumplings,full,manual,manual_text,False,core,131
feature,hearty-meal,Hearty Meal,full,manual,manual_text,False,core,132
feature,hits-the-spot,Hits the Spot,full,manual,manual_text,False,core,131
feature,leftovers,Leftovers,full,manual,manual_text,False,core,132
feature,meal-planner,Meal Planner,full,manual,manual_text,False,core,132
feature,preserves,Preserves,full,manual,manual_text,False,core,132
feature,tasty-snacks,Tasty Snacks,full,manual,manual_text,False,core,132
feature,vitamins,Vitamins,full,manual,manual_text,False,core,132
feature,archival-training,Archival Training,none,manual,manual_text,False,core,134
feature,archive-tutor,Archive Tutor,partial,manual,hybrid,False,core,134
feature,chronicler,Chronicler,full,manual,manual_text,False,core,134
feature,cinematic-analysis,Cinematic Analysis,full,manual,manual_text,False,core,135
feature,observation-party,Observation Party,partial,full,hybrid,False,core,134
feature,targeted-profiling,Targeted Profiling,partial,manual,hybrid,False,core,134
feature,battle-conductor,Battle Conductor,manual,manual,manual_text,False,core,81
feature,commander,Commander,full,partial,hybrid,False,core,81
feature,complex-orders,Complex Orders,manual,manual,manual_text,False,core,81
feature,leadership,Leadership,manual,manual,manual_text,False,core,81
feature,mobilize,Mobilize,manual,manual,manual_text,False,core,81
feature,scheme-twist,Scheme Twist,partial,manual,hybrid,False,core,81
feature,tip-the-scales,Tip the Scales,partial,manual,hybrid,False,core,81
feature,adaptable-performance,Adaptable Performance,manual,partial,hybrid,False,core,83
feature,coordinator,Coordinator,partial,manual,hybrid,False,core,83
feature,decisive-director,Decisive Director,manual,manual,manual_text,False,core,83
feature,flexible-preparations,Flexible Preparations,full,manual,manual_text,False,core,83
feature,innovation,Innovation,full,manual,manual_text,False,core,83
feature,nuanced-performance,Nuanced Performance,partial,manual,hybrid,False,core,83
feature,reliable-performance,Reliable Performance,partial,manual,hybrid,False,core,83
feature,choreographer,Choreographer,partial,manual,hybrid,False,core,157
feature,dance-form,Dance Form,manual,manual,manual_text,False,core,157
feature,dance-practice,Dance Practice,full,manual,manual_text,False,core,157
feature,dancer,Dancer,full,manual,manual_text,False,core,157
feature,passing-waltz,Passing Waltz,partial,manual,hybrid,False,core,157
feature,power-pirouette,Power Pirouette,partial,manual,hybrid,False,core,157
feature,directed-focus,Directed Focus,full,manual,manual_text,False,core,96
feature,duelist,Duelist,full,manual,manual_text,False,core,96
feature,duelists-manual,Duelist's Manual,full,manual,manual_text,False,core,97
feature,effective-methods,Effective Methods,full,manual,manual_text,False,core,96
feature,expend-momentum,Expend Momentum,full,manual,manual_text,False,core,96
feature,seize-the-moment,Seize The Moment,full,manual,manual_text,False,core,97
feature,type-methodology,Type Methodology,full,manual,manual_text,False,core,96
feature,awareness,Awareness,manual,manual,manual_text,False,core,99
feature,enduring-soul,Enduring Soul,full,manual,manual_text,False,core,99
feature,not-yet,Not Yet!,partial,manual,hybrid,False,core,99
feature,resilience,Resilience,partial,manual,hybrid,False,core,99
feature,shrug-off,Shrug Off,manual,manual,manual_text,False,core,99
feature,staying-power,Staying Power,manual,manual,hybrid,False,core,99
feature,vim-and-vigor,Vim and Vigor,full,manual,manual_text,False,core,99
feature,accessorize,Accessorize,manual,manual,manual_text,False,core,137
feature,basic-fashion,Basic Fashion,manual,manual,manual_text,False,core,138
feature,contest-trends,Contest Trends,manual,manual,manual_text,False,core,138
feature,dashing-makeover,Dashing Makeover,manual,manual,manual_text,False,core,137
feature,dress-to-impress,Dress to Impress,manual,manual,manual_text,False,core,137
feature,fashionista,Fashionista,partial,manual,hybrid,False,core,137
feature,focused-fashion,Focused Fashion,manual,manual,manual_text,False,core,138
feature,incense-maker,Incense Maker,manual,manual,manual_text,False,core,138
feature,parfumier,Parfumier,manual,manual,manual_text,False,core,137
feature,practical-fashion,Practical Fashion,manual,manual,manual_text,False,core,138
feature,style-is-eternal,Style is Eternal,manual,manual,manual_text,False,core,137
feature,versatile-wardrobe,Versatile Wardrobe,manual,manual,manual_text,False,core,137
feature,diffuse-pain,Diffuse Pain,manual,manual,manual_text,False,core,182
feature,grand-hex,Grand Hex,manual,manual,manual_text,False,core,182
feature,hex-maniac,Hex Maniac,full,manual,manual_text,False,core,182
feature,hex-maniac-studies,Hex Maniac Studies,full,manual,manual_text,False,core,182
feature,malediction,Malediction,manual,manual,manual_text,False,core,182
feature,dabbler,Dabbler,partial,manual,hybrid,False,core,86
feature,dilettante,Dilettante,none,partial,hybrid,False,core,86
feature,hobbyist,Hobbyist,full,manual,manual_text,False,core,86
feature,look-and-learn,Look and Learn,partial,manual,hybrid,False,core,86
feature,dont-look-away,Don't Look Away,partial,manual,hybrid,False,core,159
feature,finisher,Finisher,full,full,machine_ready,False,core,159
feature,hunter,Hunter,partial,manual,hybrid,False,core,159
feature,hunters-reflexes,Hunter's Reflexes,full,manual,manual_text,False,core,159
feature,pack-master,Pack Master,partial,manual,hybrid,False,core,159
feature,pack-tactics,Pack Tactics,full,manual,manual_text,False,core,159
feature,surprise,Surprise!,full,manual,hybrid,False,core,159
feature,bounce-shot,Bounce Shot,full,manual,manual_text,False,core,101
feature,emergency-release,Emergency Release,full,manual,manual_text,False,core,101
feature,first-blood,First Blood,partial,manual,hybrid,False,core,101
feature,juggler,Juggler,full,manual,manual_text,False,core,101
feature,juggling-show,Juggling Show,full,manual,manual_text,False,core,101
feature,round-trip,Round Trip,full,manual,manual_text,False,core,101
feature,tag-in,Tag In,partial,manual,hybrid,False,core,101
feature,bend-like-the-willow,Bend Like the Willow,full,manual,manual_text,False,core,162
feature,heightened-intensity,Heightened Intensity,full,manual,manual_text,False,core,162
feature,martial-achievement,Martial Achievement,full,full,machine_ready,False,core,162
feature,martial-artist,Martial Artist,full,partial,hybrid,False,core,161
feature,martial-training,Martial Training,full,manual,manual_text,False,core,161
feature,my-kung-fu-is-stronger,My Kung-Fu is Stronger,manual,manual,manual_text,False,core,162
feature,pummeling-momentum,Pummeling Momentum,full,manual,manual_text,False,core,162
feature,second-strike,Second Strike,full,manual,manual_text,False,core,162
feature,soft-landing,Soft Landing,full,manual,manual_text,False,core,162
feature,whirlwind-strikes,Whirlwind Strikes,full,manual,manual_text,False,core,162
feature,wrestlemania,Wrestlemania,full,manual,manual_text,False,core,162
feature,changing-viewpoints,Changing Viewpoints,partial,manual,hybrid,False,core,89
feature,corrective-learning,Corrective Learning,partial,manual,hybrid,False,core,89
feature,egg-tutor,Egg Tutor,full,manual,manual_text,False,core,88
feature,empowered-development,Empowered Development,partial,manual,hybrid,False,core,89
feature,expand-horizons,Expand Horizons,full,manual,manual_text,False,core,88
feature,guidance,Guidance,full,manual,manual_text,False,core,88
feature,lessons,Lessons,full,manual,manual_text,False,core,88
feature,lifelong-learning,Lifelong Learning,full,manual,manual_text,False,core,88
feature,mentor,Mentor,partial,manual,hybrid,False,core,88
feature,move-tutor,Move Tutor,full,manual,manual_text,False,core,88
feature,versatile-teachings,Versatile Teachings,partial,manual,hybrid,False,core,89
feature,cacophony,Cacophony,full,full,machine_ready,False,core,164
feature,mt-moon-blues,Mt. Moon Blues,full,full,machine_ready,False,core,164
feature,musical-ability,Musical Ability,full,manual,manual_text,False,core,164
feature,musician,Musician,full,manual,manual_text,False,core,164
feature,noise-complaint,Noise Complaint,full,full,machine_ready,False,core,164
feature,power-chord,Power Chord,partial,manual,hybrid,False,core,164
feature,voice-lessons,Voice Lessons,full,manual,manual_text,False,core,164
feature,genjutsu,Genjutsu,partial,manual,hybrid,False,core,184
feature,ninja,Ninja,full,full,machine_ready,False,core,184
feature,ninjas-arsenal,Ninja's Arsenal,partial,manual,hybrid,False,core,184
feature,utility-drop,Utility Drop,partial,manual,hybrid,False,core,184
feature,weightless-step,Weightless Step,partial,full,hybrid,False,core,184
feature,divination,Divination,manual,manual,manual_text,False,core,186
feature,mark-of-vision,Mark of Vision,partial,manual,hybrid,False,core,186
feature,oracle,Oracle,full,full,machine_ready,False,core,186
feature,prescience,Prescience,partial,manual,hybrid,False,core,186
feature,small-prophecies,Small Prophecies,partial,manual,hybrid,False,core,186
feature,two-second-preview,Two-Second Preview,full,full,machine_ready,False,core,186
feature,unveiled-sight,Unveiled Sight,manual,manual,manual_text,False,core,186
feature,enchanting-gaze,Enchanting Gaze,partial,manual,hybrid,False,core,167
feature,mixed-messages,Mixed Messages,partial,full,hybrid,False,core,166
feature,play-them-like-a-fiddle,Play Them Like a Fiddle,partial,manual,hybrid,False,core,167
feature,powerful-motivator,Powerful Motivator,partial,manual,hybrid,False,core,166
feature,provocateur,Provocateur,partial,full,hybrid,False,core,166
feature,push-buttons,Push Buttons,full,manual,hybrid,False,core,166
feature,quick-wit,Quick Wit,partial,manual,hybrid,False,core,166
feature,ancient-heritage,Ancient Heritage,full,manual,manual_text,False,core,146
feature,breadth-of-knowledge,Breadth of Knowledge,full,manual,manual_text,False,core,140
feature,caustic-chemistry,Caustic Chemistry,full,manual,manual_text,False,core,144
feature,chakra-crystal,Chakra Crystal,manual,manual,manual_text,False,core,142
feature,chemical-warfare,Chemical Warfare,full,manual,manual_text,False,core,144
feature,chemist,Chemist,full,manual,manual_text,False,core,144
feature,climate-control,Climate Control,full,manual,manual_text,False,core,145
feature,climatology,Climatology,full,full,machine_ready,False,core,145
feature,crystal-resonance,Crystal Resonance,manual,manual,manual_text,False,core,142
feature,echoes-of-the-future,Echoes of the Future,full,manual,manual_text,False,core,140
feature,enhancers,Enhancers,full,manual,manual_text,False,core,144
feature,extreme-weather,Extreme Weather,full,manual,manual_text,False,core,145
feature,fistful-of-force,Fistful of Force,manual,manual,manual_text,False,core,142
feature,focus-gem,Focus Gem,manual,manual,manual_text,False,core,142
feature,fossil-restoration,Fossil Restoration,full,manual,manual_text,False,core,146
feature,genetic-memory,Genetic Memory,manual,manual,manual_text,False,core,146
feature,herb-lore,Herb Lore,manual,manual,manual_text,False,core,143
feature,hyper-cures,Hyper Cures,manual,manual,manual_text,False,core,141
feature,immutable-mind,Immutable Mind,partial,manual,hybrid,False,core,145
feature,instant-analysis,Instant Analysis,full,manual,manual_text,False,core,140
feature,live-and-learn,Live and Learn,full,manual,manual_text,False,core,140
feature,medical-techniques,Medical Techniques,full,manual,manual_text,False,core,141
feature,medicinal-blend,Medicinal Blend,partial,manual,hybrid,False,core,141
feature,mental-resistance,Mental Resistance,full,full,machine_ready,False,core,145
feature,patch-cure,Patch Cure,partial,manual,hybrid,False,core,141
feature,performance-enhancers,Performance Enhancers,full,manual,manual_text,False,core,141
feature,pester-balls-disorient,Pester Balls: Disorient,full,manual,manual_text,False,core,144
feature,pester-balls-pain,Pester Balls: Pain,full,manual,manual_text,False,core,144
feature,pester-balls-shut-down,Pester Balls: Shut Down,full,manual,manual_text,False,core,144
feature,playing-god,Playing God,full,manual,manual_text,False,core,144
feature,prehistoric-bond,Prehistoric Bond,partial,manual,hybrid,False,core,146
feature,psionic-analysis,Psionic Analysis,full,manual,manual_text,False,core,145
feature,pusher,Pusher,full,manual,manual_text,False,core,147
feature,rainbow-gem,Rainbow Gem,partial,manual,hybrid,False,core,142
feature,re-balancing,Re-Balancing,full,manual,manual_text,False,core,147
feature,researcher,Researcher,full,partial,hybrid,False,core,140
feature,restorative-science,Restorative Science,manual,manual,manual_text,False,core,141
feature,seed-bag,Seed Bag,partial,none,hybrid,True,core,143
feature,skill-trainer,Skill Trainer,full,manual,manual_text,False,core,147
feature,super-cures,Super Cures,full,manual,manual_text,False,core,141
feature,this-ones-special-i-know-it,"This One's Special, I Know It",full,manual,manual_text,False,core,147
feature,top-tier-berries,Top Tier Berries,full,manual,manual_text,False,core,143
feature,weather-systems,Weather Systems,full,manual,manual_text,False,core,145
feature,witch-hunter,Witch Hunter,full,manual,manual_text,False,core,145
feature,cavaliers-reprisal,Cavalier's Reprisal,manual,manual,manual_text,False,core,103
feature,conquerors-march,Conqueror's March,manual,manual,manual_text,False,core,103
feature,lean-in,Lean In,manual,manual,manual_text,False,core,103
feature,overrun,Overrun,full,manual,manual_text,False,core,103
feature,ramming-speed,Ramming Speed,manual,manual,manual_text,False,core,103
feature,ride-as-one,Ride as One,manual,manual,manual_text,False,core,103
feature,rider,Rider,full,manual,manual_text,False,core,103
feature,cutthroat,Cutthroat,full,manual,manual_text,False,core,169
feature,dirty-fighting,Dirty Fighting,full,manual,manual_text,False,core,169
feature,rogue,Rogue,manual,partial,hybrid,False,core,169
feature,scoundrels-strike,Scoundrel's Strike,full,manual,manual_text,False,core,169
feature,street-fighter,Street Fighter,partial,full,hybrid,False,core,169
feature,underhanded-tactics,Underhanded Tactics,full,manual,manual_text,False,core,169
feature,unexpected-attacks,Unexpected Attacks,full,full,machine_ready,False,core,169
feature,cruel-gaze,Cruel Gaze,partial,full,hybrid,False,core,171
feature,fearsome-display,Fearsome Display,manual,manual,manual_text,False,core,171
feature,malice,Malice,partial,full,hybrid,False,core,171
feature,menace,Menace,manual,manual,manual_text,False,core,171
feature,mettle,Mettle,manual,manual,manual_text,False,core,171
feature,roughneck,Roughneck,full,manual,manual_text,False,core,171
feature,tough-as-nails,Tough as Nails,full,full,machine_ready,False,core,171
feature,divine-wind,Divine Wind,partial,manual,hybrid,False,core,189
feature,highly-responsive-to-prayers,Highly Responsive to Prayers,full,manual,manual_text,False,core,189
feature,lay-on-hands,Lay on Hands,partial,manual,hybrid,False,core,189
feature,mystic-defense,Mystic Defense,manual,full,hybrid,False,core,189
feature,sacred-shield,Sacred Shield,manual,full,hybrid,False,core,189
feature,sage,Sage,full,manual,manual_text,False,core,189
feature,sages-benediction,Sage's Benediction,manual,manual,manual_text,False,core,189
feature,stat-ace,Stat Ace,partial,manual,hybrid,False,core,112
feature,stat-embodiment,Stat Embodiment,partial,partial,hybrid,False,core,113
feature,stat-link,Stat Link,full,manual,manual_text,False,core,112
feature,stat-maneuver,Stat Maneuver,full,manual,manual_text,False,core,112
feature,stat-mastery,Stat Mastery,full,manual,manual_text,False,core,113
feature,stat-stratagem,Stat Stratagem,partial,manual,hybrid,False,core,113
feature,stat-training,Stat Training,full,manual,manual_text,False,core,112
feature,action-hero-stunt,Action Hero Stunt,manual,manual,manual_text,False,core,116
feature,beautiful-ballet,Beautiful Ballet,partial,manual,hybrid,False,core,115
feature,calculated-assault,Calculated Assault,manual,none,metadata_only,True,core,117
feature,cool-conduct,Cool Conduct,partial,manual,hybrid,False,core,116
feature,cute-cuddle,Cute Cuddle,partial,manual,hybrid,False,core,116
feature,endurance,Endurance,manual,manual,manual_text,False,core,117
feature,enticing-beauty,Enticing Beauty,manual,manual,manual_text,False,core,115
feature,fabulous-max,Fabulous Max,manual,none,metadata_only,True,core,115
feature,gleeful-steps,Gleeful Steps,manual,none,metadata_only,True,core,116
feature,learn-from-your-mistakes,Learn From Your Mistakes,manual,manual,manual_text,False,core,117
feature,lets-be-friends,Let's Be Friends!,manual,manual,manual_text,False,core,116
feature,macho-charge,Macho Charge,manual,none,metadata_only,True,core,117
feature,rule-of-cool,Rule of Cool,manual,none,metadata_only,True,core,116
feature,smart-scheme,Smart Scheme,partial,manual,hybrid,False,core,117
feature,style-entrainment,Style Entrainment,full,manual,manual_text,False,core,115
feature,style-expert,Style Expert,manual,manual,manual_text,False,core,115
feature,style-flourish,Style Flourish,full,none,metadata_only,True,core,115
feature,tough-tumble,Tough Tumble,partial,manual,hybrid,False,core,117
feature,adaptive-geography,Adaptive Geography,full,manual,manual_text,False,core,150
feature,natural-fighter,Natural Fighter,manual,manual,manual_text,False,core,149
feature,survivalist,Survivalist,full,manual,manual_text,False,core,149
feature,terrain-talent,Terrain Talent,manual,manual,manual_text,False,core,150
feature,trapper,Trapper,partial,manual,hybrid,False,core,149
feature,wilderness-guide,Wilderness Guide,partial,manual,hybrid,False,core,150
feature,deadly-gambit,Deadly Gambit,full,manual,manual_text,False,core,106
feature,desperate-strike,Desperate Strike,full,manual,manual_text,False,core,106
feature,pain-resistance,Pain Resistance,full,manual,manual_text,False,core,105
feature,press-on,Press On!,full,manual,manual_text,False,core,105
feature,quick-healing,Quick Healing,full,manual,manual_text,False,core,105
feature,savage-strike,Savage Strike,full,manual,manual_text,False,core,105
feature,strike-of-the-whip,Strike of the Whip,full,manual,manual_text,False,core,105
feature,taskmaster,Taskmaster,full,manual,manual_text,False,core,105
feature,pk-alpha,PK Alpha,full,full,machine_ready,False,core,191
feature,pk-combat,PK Combat,full,manual,manual_text,False,core,191
feature,pk-omega,PK Omega,full,full,machine_ready,False,core,191
feature,power-of-the-mind,Power of the Mind,full,manual,manual_text,False,core,191
feature,telekinetic,Telekinetic,full,full,machine_ready,False,core,191
feature,telekinetic-burst,Telekinetic Burst,partial,manual,hybrid,False,core,191
feature,honed-mind,Honed Mind,full,full,machine_ready,False,core,193
feature,mental-assault,Mental Assault,full,full,machine_ready,False,core,193
feature,suggestion,Suggestion,full,manual,manual_text,False,core,193
feature,telepath,Telepath,full,full,machine_ready,False,core,193
feature,telepathic-awareness,Telepathic Awareness,full,manual,manual_text,False,core,193
feature,telepathic-warning,Telepathic Warning,partial,manual,hybrid,False,core,193
feature,thought-detection,Thought Detection,full,manual,manual_text,False,core,193
feature,bag-of-tricks,Bag of Tricks,full,manual,manual_text,False,core,108
feature,encore-performance,Encore Performance,full,none,metadata_only,True,core,108
feature,flourish,Flourish,full,manual,manual_text,False,core,108
feature,sleight,Sleight,full,manual,manual_text,False,core,108
feature,stacked-deck,Stacked Deck,full,manual,manual_text,False,core,108
feature,trickster,Trickster,full,manual,manual_text,False,core,108
feature,aerialist,Aerialist,full,full,machine_ready,False,core,173
feature,burst-of-speed,Burst of Speed,full,manual,manual_text,False,core,173
feature,death-from-above,Death From Above,full,full,machine_ready,False,core,173
feature,flip-out,Flip Out,full,manual,manual_text,False,core,173
feature,quick-gymnastics,Quick Gymnastics,full,manual,manual_text,False,core,173
feature,quick-reflexes,Quick Reflexes,full,full,machine_ready,False,core,173
feature,tumbler,Tumbler,full,full,machine_ready,False,core,173
feature,aqua-vortex,Aqua Vortex,partial,manual,hybrid,False,core,128
feature,arcane-favor,Arcane Favor,partial,manual,hybrid,False,core,122
feature,arctic-zeal,Arctic Zeal,partial,manual,hybrid,False,core,125
feature,assault-armor,Assault Armor,partial,manual,hybrid,False,core,128
feature,bigger-and-boulder,Bigger and Boulder,partial,manual,hybrid,False,core,127
feature,black-out-strike,Black-Out Strike,partial,manual,hybrid,False,core,120
feature,boo,Boo!,partial,manual,hybrid,False,core,124
feature,brawler,Brawler,partial,manual,hybrid,False,core,122
feature,brightest-flame,Brightest Flame,full,manual,manual_text,False,core,123
feature,celerity,Celerity,full,manual,manual_text,False,core,123
feature,chain-lightning,Chain Lightning,partial,manual,hybrid,False,core,121
feature,chitin-shield,Chitin Shield,partial,manual,hybrid,False,core,120
feature,clever-ruse,Clever Ruse,full,manual,manual_text,False,core,120
feature,close-quarters-mastery,Close Quarters Mastery,full,manual,manual_text,False,core,122
feature,corrosive-blight,Corrosive Blight,partial,manual,hybrid,False,core,126
feature,cross-pollinate,Cross-Pollinate,partial,manual,hybrid,False,core,124
feature,debilitate,Debilitate,partial,manual,hybrid,False,core,126
feature,deep-cold,Deep Cold,partial,partial,hybrid,False,core,125
feature,desert-heart,Desert Heart,partial,manual,hybrid,False,core,125
feature,devious,Devious,partial,manual,hybrid,False,core,120
feature,disruption-order,Disruption Order,partial,full,hybrid,False,core,120
feature,earthroil,Earthroil,partial,manual,hybrid,False,core,125
feature,enduring-bloom,Enduring Bloom,partial,manual,hybrid,False,core,124
feature,extra-ordinary,Extra Ordinary,full,partial,hybrid,False,core,126
feature,face-me-whelp,Face Me Whelp,manual,manual,manual_text,False,core,122
feature,fairy-lights,Fairy Lights,full,manual,manual_text,False,core,122
feature,fairy-rite,Fairy Rite,partial,manual,hybrid,False,core,122
feature,fan-the-flames,Fan The Flames,partial,manual,hybrid,False,core,123
feature,fey-trance,Fey Trance,partial,manual,hybrid,False,core,122
feature,fishbowl-technique,Fishbowl Technique,partial,manual,hybrid,False,core,128
feature,flood,Flood!,full,manual,manual_text,False,core,128
feature,foiling-foliage,Foiling Foliage,full,manual,manual_text,False,core,124
feature,force-of-will,Force of Will,partial,manual,hybrid,False,core,127
feature,fountain-of-life,Fountain of Life,partial,manual,hybrid,False,core,128
feature,gale-strike,Gale Strike,partial,manual,hybrid,False,core,123
feature,ghost-step,Ghost Step,full,manual,manual_text,False,core,124
feature,glacial-ice,Glacial Ice,full,manual,manual_text,False,core,125
feature,gneiss-aim,Gneiss Aim,partial,manual,hybrid,False,core,127
feature,gravel-before-me,Gravel Before Me,full,manual,manual_text,False,core,127
feature,haunting-curse,Haunting Curse,partial,manual,hybrid,False,core,124
feature,highlander,Highlander,partial,manual,hybrid,False,core,121
feature,incandescence,Incandescence,partial,manual,hybrid,False,core,123
feature,insectoid-utility,Insectoid Utility,full,manual,manual_text,False,core,120
feature,iron-grit,Iron Grit,partial,manual,hybrid,False,core,128
feature,iterative-evolution,Iterative Evolution,partial,manual,hybrid,False,core,120
feature,lockdown,Lockdown,full,manual,manual_text,False,core,121
feature,miasma,Miasma,partial,manual,hybrid,False,core,126
feature,mindbreak,Mindbreak,partial,manual,hybrid,False,core,127
feature,mold-the-earth,Mold the Earth,full,manual,manual_text,False,core,125
feature,move-sync,Move Sync,full,manual,manual_text,False,core,119
feature,new-normal,New Normal,partial,manual,hybrid,False,core,126
feature,overload,Overload,partial,manual,hybrid,False,core,121
feature,plainly-perfect,Plainly Perfect,partial,manual,hybrid,False,core,126
feature,polar-vortex,Polar Vortex,partial,manual,hybrid,False,core,125
feature,polished-shine,Polished Shine,full,manual,manual_text,False,core,128
feature,potent-venom,Potent Venom,full,manual,manual_text,False,core,126
feature,psionic-sponge,Psionic Sponge,full,manual,manual_text,False,core,127
feature,psychic-resonance,Psychic Resonance,partial,manual,hybrid,False,core,127
feature,shocking-speed,Shocking Speed,partial,manual,hybrid,False,core,121
feature,simple-improvements,Simple Improvements,partial,manual,hybrid,False,core,126
feature,smashing-punishment,Smashing Punishment,partial,manual,hybrid,False,core,122
feature,sneak-attack,Sneak Attack,partial,full,hybrid,False,core,120
feature,sunlight-within,Sunlight Within,partial,manual,hybrid,False,core,124
feature,this-will-not-stand,This Will Not Stand,partial,manual,hybrid,False,core,121
feature,tornado-charge,Tornado Charge,partial,manual,hybrid,False,core,123
feature,tough-as-schist,Tough as Schist,partial,manual,hybrid,False,core,127
feature,trail-blazer,Trail Blazer,partial,partial,hybrid,False,core,123
feature,true-steel,True Steel,partial,manual,hybrid,False,core,128
feature,type-ace,Type Ace,partial,manual,hybrid,False,core,119
feature,type-refresh,Type Refresh,full,manual,manual_text,False,core,119
feature,tyrants-roar,Tyrant's Roar,full,manual,manual_text,False,core,121
feature,unconquerable,Unconquerable,partial,manual,hybrid,False,core,121
feature,upheaval,Upheaval,partial,manual,hybrid,False,core,125
feature,vampirism,Vampirism,partial,manual,hybrid,False,core,124
feature,zephyr-shield,Zephyr Shield,partial,manual,hybrid,False,core,123
feature,farcast,Farcast,full,none,metadata_only,True,core,195
feature,reality-bender,Reality Bender,full,manual,manual_text,False,core,195
feature,space-distortion,Space Distortion,full,full,machine_ready,False,core,195
feature,strange-energy,Strange Energy,full,full,machine_ready,False,core,195
feature,warped-transmission,Warped Transmission,full,manual,manual_text,False,core,195
feature,warper,Warper,full,full,machine_ready,False,core,195
feature,warping-ground,Warping Ground,full,full,machine_ready,False,core,195
feature,accessorize,Accessorize,partial,manual,hybrid,False,edit,16
feature,action-hero-stunt,Action Hero Stunt,manual,manual,manual_text,False,edit,36
feature,adaptive-geography,Adaptive Geography,full,manual,manual_text,False,edit,31
feature,adrenaline-rush,Adrenaline Rush,partial,manual,hybrid,False,edit,27
feature,aiming-down-the-sights,Aiming Down The Sights,manual,manual,manual_text,False,edit,46
feature,alarm-runes,Alarm Runes,full,manual,manual_text,False,edit,48
feature,ancient-heritage,Ancient Heritage,full,manual,manual_text,False,edit,12
feature,apparition,Apparition,full,manual,manual_text,False,edit,52
feature,arcane-favor,Arcane Favor,partial,manual,hybrid,False,edit,24
feature,arcane-weapon-focus,Arcane Weapon Focus,full,manual,manual_text,False,edit,58
feature,arcanist,Arcanist,full,manual,manual_text,False,edit,49
feature,archival-training,Archival Training,none,manual,manual_text,False,edit,15
feature,archive-tutor,Archive Tutor,partial,manual,hybrid,False,edit,15
feature,at-will-extended-action,At-Will - Extended Action,none,manual,manual_text,False,edit,9
feature,athlete,Athlete,partial,manual,hybrid,False,edit,26
feature,athletic-moves,Athletic Moves,partial,manual,hybrid,False,edit,27
feature,authentic-thaumaturgy,Authentic Thaumaturgy,partial,manual,hybrid,False,edit,49
feature,awareness,Awareness,manual,manual,manual_text,False,edit,9
feature,bare-necessities,Bare Necessities,partial,manual,hybrid,False,edit,58
feature,basic-fashion,Basic Fashion,manual,manual,manual_text,False,edit,18
feature,basic-runes,Basic Runes,full,manual,manual_text,False,edit,58
feature,battle-conductor,Battle Conductor,partial,manual,hybrid,False,edit,33
feature,beauty-expert,Beauty Expert,partial,manual,hybrid,False,edit,35
feature,bounce-shot,Bounce Shot,full,manual,manual_text,False,edit,23
feature,brawler,Brawler,partial,manual,hybrid,False,edit,25
feature,bring-it-on,Bring It On!,partial,manual,hybrid,False,edit,7
feature,calculated-assault,Calculated Assault,manual,none,metadata_only,True,edit,37
feature,cavaliers-reprisal,Cavalier's Reprisal,partial,manual,hybrid,False,edit,22
feature,cheerleader,Cheerleader,full,manual,manual_text,False,edit,7
feature,cheers,Cheers,manual,manual,manual_text,False,edit,7
feature,chronicler,Chronicler,full,manual,manual_text,False,edit,14
feature,cinematic-analysis,Cinematic Analysis,full,manual,manual_text,False,edit,15
feature,clear-shot,Clear Shot,partial,manual,hybrid,False,edit,46
feature,coaching,Coaching,full,manual,manual_text,False,edit,27
feature,combat-medic,Combat Medic,full,manual,manual_text,False,edit,59
feature,commander,Commander,full,manual,manual_text,False,edit,33
feature,complex-orders,Complex Orders,partial,manual,hybrid,False,edit,33
feature,cool-expert,Cool Expert,partial,manual,hybrid,False,edit,35
feature,coordinator,Coordinator,partial,manual,hybrid,False,edit,19
feature,corrupt-blood,Corrupt Blood,full,manual,hybrid,False,edit,1
feature,crippling-shot,Crippling Shot,partial,manual,hybrid,False,edit,47
feature,cruel-gaze,Cruel Gaze,partial,full,hybrid,False,edit,29
feature,crystal-resonance,Crystal Resonance,partial,manual,hybrid,False,edit,11
feature,cute-expert,Cute Expert,partial,manual,hybrid,False,edit,36
feature,dark-soul,Dark Soul,partial,manual,hybrid,False,edit,52
feature,dashing-makeover,Dashing Makeover,manual,manual,manual_text,False,edit,16
feature,dead-eye-shot,Dead-Eye Shot,partial,manual,hybrid,False,edit,47
feature,decisive-director,Decisive Director,manual,manual,manual_text,False,edit,19
feature,design-time,Design Time,full,partial,hybrid,False,edit,17
feature,divination,Divination,manual,manual,manual_text,False,edit,41
feature,divine-wind,Divine Wind,partial,manual,hybrid,False,edit,39
feature,double-shot,Double Shot,partial,manual,hybrid,False,edit,46
feature,dragon-ace,Dragon Ace,full,manual,manual_text,False,edit,9
feature,dress-to-impress,Dress to Impress,partial,manual,hybrid,False,edit,17
feature,earth-mothers-blessing,Earth Mother's Blessing,partial,manual,hybrid,False,edit,43
feature,earth-shaker,Earth Shaker,full,partial,hybrid,False,edit,42
feature,earthshifter,Earthshifter,manual,manual,manual_text,False,edit,43
feature,emergency-release,Emergency Release,full,manual,manual_text,False,edit,23
feature,endurance,Endurance,manual,manual,manual_text,False,edit,38
feature,enduring-soul,Enduring Soul,full,manual,manual_text,False,edit,8
feature,enticing-beauty,Enticing Beauty,manual,full,hybrid,False,edit,35
feature,expanded-repertoire,Expanded Repertoire,full,manual,manual_text,False,edit,58
feature,explosive-runes,Explosive Runes,full,manual,manual_text,False,edit,48
feature,fabulous-max,Fabulous Max,manual,none,metadata_only,True,edit,35
feature,face-me-whelp,"Face Me, Whelp",partial,manual,hybrid,False,edit,25
feature,fairy-ace,Fairy Ace,full,manual,manual_text,False,edit,24
feature,fairy-rite,Fairy Rite,partial,manual,hybrid,False,edit,24
feature,fashionista,Fashionista,partial,manual,hybrid,False,edit,16
feature,fast-hands,Fast Hands,full,manual,manual_text,False,edit,59
feature,fearsome-display,Fearsome Display,manual,manual,manual_text,False,edit,28
feature,fey-trance,Fey Trance,partial,manual,hybrid,False,edit,24
feature,fighting-ace,Fighting Ace,full,manual,manual_text,False,edit,25
feature,fistful-of-force,Fistful of Force,partial,manual,hybrid,False,edit,12
feature,focused-fashion,Focused Fashion,manual,manual,manual_text,False,edit,18
feature,force-of-will,Force of Will,partial,manual,hybrid,False,edit,26
feature,genjutsu,Genjutsu,partial,manual,hybrid,False,edit,40
feature,gleeful-steps,Gleeful Steps,manual,none,metadata_only,True,edit,36
feature,glyph,Glyph,partial,manual,hybrid,False,edit,47
feature,go-fight-win,"Go, Fight, Win!",partial,manual,hybrid,False,edit,8
feature,grace,Grace,partial,manual,hybrid,False,edit,58
feature,ground-out,Ground Out,partial,partial,hybrid,False,edit,43
feature,haunted-wounds,Haunted Wounds,full,manual,manual_text,False,edit,53
feature,hawkeye,Hawkeye,full,manual,manual_text,False,edit,58
feature,heart-of-darkness,Heart of Darkness,full,full,machine_ready,False,edit,52
feature,highlander,Highlander,partial,manual,hybrid,False,edit,10
feature,highly-responsive-to-prayers,Highly Responsive to Prayers,full,manual,manual_text,False,edit,39
feature,i-can-use-this,I Can Use This,full,manual,manual_text,False,edit,59
feature,immutable-mind,Immutable Mind,partial,manual,hybrid,False,edit,11
feature,innovation,Innovation,manual,manual,manual_text,False,edit,19
feature,inspirational-support,Inspirational Support,partial,manual,hybrid,False,edit,7
feature,item-rainbow-gem,Item: Rainbow Gem,partial,manual,hybrid,False,edit,12
feature,keep-fighting,Keep Fighting!,full,manual,manual_text,False,edit,8
feature,kinjutsu,Kinjutsu,full,full,machine_ready,False,edit,41
feature,leadership,Leadership,partial,partial,hybrid,False,edit,33
feature,lean-in,Lean In,manual,manual,manual_text,False,edit,22
feature,learn-from-your-mistakes,Learn From Your Mistakes,manual,manual,manual_text,False,edit,37
feature,lets-be-friends,Let's Be Friends!,manual,manual,manual_text,False,edit,37
feature,ley-lines,Ley Lines,full,manual,manual_text,False,edit,49
feature,living-shadow,Living Shadow,manual,manual,manual_text,False,edit,51
feature,macho-charge,Macho Charge,manual,none,metadata_only,True,edit,38
feature,malice,Malice,partial,full,hybrid,False,edit,28
feature,mark-of-vision,Mark of Vision,partial,manual,hybrid,False,edit,42
feature,marksman,Marksman,full,full,machine_ready,False,edit,46
feature,menace,Menace,manual,manual,hybrid,False,edit,28
feature,mental-resistance,Mental Resistance,full,manual,manual_text,False,edit,11
feature,metamagic,Metamagic,partial,manual,hybrid,False,edit,49
feature,mettle,Mettle,manual,manual,manual_text,False,edit,28
feature,mindbreak,Mindbreak,partial,manual,hybrid,False,edit,26
feature,mixed-power,Mixed Power,full,full,machine_ready,False,edit,60
feature,mobilize,Mobilize,manual,manual,manual_text,False,edit,33
feature,moment-of-action,Moment of Action,manual,manual,manual_text,False,edit,7
feature,mountain-of-faith,Mountain Of Faith,partial,manual,hybrid,False,edit,39
feature,mystic-defense,Mystic Defense,manual,full,hybrid,False,edit,39
feature,natural-fighter,Natural Fighter,manual,manual,manual_text,False,edit,29
feature,natural-selection,Natural Selection,full,partial,hybrid,False,edit,60
feature,ninja,Ninja,full,full,machine_ready,False,edit,40
feature,ninjas-arsenal,Ninja's Arsenal,manual,manual,manual_text,False,edit,40
feature,not-yet,Not Yet!,partial,manual,hybrid,False,edit,9
feature,nuanced-performance,Nuanced Performance,partial,manual,hybrid,False,edit,19
feature,observation-party,Observation Party,partial,manual,hybrid,False,edit,15
feature,occultism,Occultism,full,manual,hybrid,False,edit,10
feature,opportunist,Opportunist,full,manual,manual_text,False,edit,59
feature,oracle,Oracle,full,full,machine_ready,False,edit,41
feature,overrun,Overrun,full,manual,manual_text,False,edit,22
feature,overwatch,Overwatch,partial,manual,hybrid,False,edit,46
feature,ow-the-edge,Ow The Edge,full,full,machine_ready,False,edit,60
feature,paleontology,Paleontology,full,manual,manual_text,False,edit,12
feature,parfumier,Parfumier,partial,manual,hybrid,False,edit,17
feature,peerless-elegance,Peerless Elegance,partial,manual,hybrid,False,edit,20
feature,phantom-menace,Phantom Menace,full,manual,manual_text,False,edit,53
feature,poison-weapons,Poison Weapons,partial,partial,hybrid,False,edit,40
feature,pokemon-caretaking,Pokémon Caretaking,full,manual,manual_text,False,edit,13
feature,practical-fashion,Practical Fashion,manual,manual,manual_text,False,edit,18
feature,prescience,Prescience,partial,manual,hybrid,False,edit,42
feature,primordial-power,Primordial Power,partial,manual,hybrid,False,edit,12
feature,psionic-analysis,Psionic Analysis,full,manual,manual_text,False,edit,10
feature,psychic-resonance,Psychic Resonance,partial,manual,hybrid,False,edit,26
feature,ramming-speed,Ramming Speed,manual,manual,manual_text,False,edit,21
feature,re-balancing,Re-Balancing,full,manual,manual_text,False,edit,14
feature,recoup-energy,Recoup Energy,partial,manual,hybrid,False,edit,50
feature,reliable-performance,Reliable Performance,partial,manual,hybrid,False,edit,20
feature,resilience,Resilience,partial,manual,hybrid,False,edit,9
feature,rewrite,Rewrite,manual,manual,manual_text,False,edit,47
feature,ride-as-one,Ride as One,manual,manual,manual_text,False,edit,22
feature,rider,Rider,full,manual,manual_text,False,edit,21
feature,rock-power,Rock Power,full,partial,hybrid,False,edit,45
feature,roughneck,Roughneck,full,manual,manual_text,False,edit,28
feature,round-trip,Round Trip,full,manual,manual_text,False,edit,23
feature,rule-of-cool,Rule of Cool,manual,none,metadata_only,True,edit,36
feature,rune-master,Rune Master,full,partial,hybrid,False,edit,47
feature,sacred-shield,Sacred Shield,manual,full,hybrid,False,edit,38
feature,sage,Sage,full,manual,manual_text,False,edit,38
feature,sages-benediction,Sage's Benediction,partial,manual,hybrid,False,edit,39
feature,saw-that-coming,Saw That Coming,full,manual,manual_text,False,edit,58
feature,scheme-twist,Scheme Twist,partial,partial,hybrid,False,edit,33
feature,scrap-efficiency,Scrap Efficiency,full,manual,manual_text,False,edit,59
feature,shade-caller,Shade Caller,full,full,machine_ready,False,edit,51
feature,shadow-form,Shadow Form,partial,manual,hybrid,False,edit,53
feature,shards-of-stone,Shards of Stone,full,full,machine_ready,False,edit,45
feature,sharpen-shadows,Sharpen Shadows,partial,full,hybrid,False,edit,52
feature,silent-assassin,Silent Assassin,partial,manual,hybrid,False,edit,53
feature,skill-trainer,Skill Trainer,full,manual,manual_text,False,edit,14
feature,smart-expert,Smart Expert,partial,manual,hybrid,False,edit,37
feature,smashing-punishment,Smashing Punishment,partial,manual,hybrid,False,edit,25
feature,soul-investment,Soul Investment,partial,manual,hybrid,False,edit,50
feature,speed-demon,Speed Demon,full,manual,manual_text,False,edit,60
feature,staying-power,Staying Power,manual,manual,hybrid,False,edit,8
feature,stone-cold-finish,Stone Cold Finish,partial,full,hybrid,False,edit,45
feature,stone-stance,Stone Stance,manual,manual,manual_text,False,edit,45
feature,stone-warrior,Stone Warrior,full,partial,hybrid,False,edit,45
feature,style-expert,Style Expert,manual,manual,manual_text,False,edit,34
feature,style-flourish,Style Flourish,full,none,metadata_only,True,edit,34
feature,style-is-eternal,Style is Eternal,manual,manual,manual_text,False,edit,16
feature,survivalist,Survivalist,full,manual,manual_text,False,edit,29
feature,tag-in,Tag In,partial,manual,hybrid,False,edit,23
feature,targeted-profiling,Targeted Profiling,partial,manual,hybrid,False,edit,15
feature,tectonic-shift,Tectonic Shift,partial,manual,hybrid,False,edit,43
feature,this-ones-special-i-know-it,"This One's Special, I Know It",full,partial,hybrid,False,edit,13
feature,this-will-not-stand,This Will Not Stand,partial,manual,hybrid,False,edit,10
feature,through-the-pain,Through The Pain,full,manual,hybrid,False,edit,59
feature,tip-the-scales,Tip The Scales,partial,manual,hybrid,False,edit,34
feature,too-spooky,Too Spooky,manual,manual,manual_text,False,edit,53
feature,tough-as-nails,Tough as Nails,full,full,machine_ready,False,edit,29
feature,trapper,Trapper,partial,manual,hybrid,False,edit,30
feature,twisted-soul,Twisted Soul,manual,full,hybrid,False,edit,51
feature,two-second-preview,Two-Second Preview,partial,manual,hybrid,False,edit,42
feature,unconquerable,Unconquerable,partial,manual,hybrid,False,edit,10
feature,unlocked-potential,Unlocked Potential,partial,manual,hybrid,False,edit,48
feature,unveiled-sight,Unveiled Sight,manual,partial,hybrid,False,edit,41
feature,up-to-speed,Up To Speed,full,manual,manual_text,False,edit,59
feature,utility-drop,Utility Drop,partial,manual,hybrid,False,edit,40
feature,versatile-wardrobe,Versatile Wardrobe,partial,manual,hybrid,False,edit,17
feature,vim-and-vigor,Vim and Vigor,full,manual,manual_text,False,edit,9
feature,walk-it-off,Walk It Off,full,manual,manual_text,False,edit,60
feature,wall-of-earth,Wall Of Earth,manual,manual,manual_text,False,edit,43
feature,wilderness-guide,Wilderness Guide,partial,manual,hybrid,False,edit,30
feature,words-of-power,Words of Power,partial,manual,hybrid,False,edit,48
feature,world-of-darkness,World of Darkness,partial,manual,hybrid,False,edit,52
feature,you-can-do-better,You Can Do Better,full,manual,manual_text,False,edit,59
feature,you-deserve-a-rest,You Deserve A Rest,full,none,metadata_only,True,edit,23
feature,canine,Canine,full,manual,manual_text,False,especial,4
feature,capitan,Capitan,full,manual,manual_text,False,especial,4
feature,energetic,Energetic,full,manual,manual_text,False,especial,2
feature,fast-texting,Fast Texting,full,manual,manual_text,False,especial,2
feature,hacker,Hacker,full,manual,manual_text,False,especial,2
feature,kevlar,Kevlar,full,manual,manual_text,False,especial,4
feature,light-shot-style,Light Shot Style,full,manual,manual_text,False,especial,4
feature,master-hacker,Master Hacker,full,manual,manual_text,False,especial,2
feature,police-officer,Police officer,full,manual,manual_text,False,especial,4
feature,porygon-s-gift,Porygon`s Gift,full,manual,manual_text,False,especial,2
feature,riot-police,Riot Police,full,manual,manual_text,False,especial,4
feature,smith,Smith,full,none,metadata_only,True,especial,7
feature,stalker,Stalker,full,manual,manual_text,False,especial,2
feature,swat-style,Swat Style,full,manual,manual_text,False,especial,4
feature,arcane-training,Arcane Training,full,partial,hybrid,False,got,47
feature,type-sync,Type Sync,partial,manual,hybrid,False,got,47
feature,weapon-of-choice,Weapon of Choice,full,manual,manual_text,False,got,47
feature,apparition,Apparition,full,manual,manual_text,False,got,77
feature,haunted-wounds,Haunted Wounds,partial,manual,hybrid,False,got,77
feature,phantom-menace,Phantom Menace,partial,manual,hybrid,False,got,77
feature,shadow-arms,Shadow Arms,manual,partial,hybrid,False,got,77
feature,shadow-form,Shadow Form,manual,manual,manual_text,False,got,77
feature,silent-assassin,Silent Assassin,partial,full,hybrid,False,got,77
feature,too-spooky,Too Spooky,manual,partial,hybrid,False,got,77
feature,arcanist,Arcanist,full,manual,manual_text,False,got,54
feature,metamagic,Metamagic,partial,manual,hybrid,False,got,54
feature,recoup-energy,Recoup Energy,partial,manual,hybrid,False,got,54
feature,berserker,Berserker,full,partial,hybrid,False,got,49
feature,fight-on-and-on,Fight On and On,manual,partial,hybrid,False,got,49
feature,power-of-rage,Power of Rage,partial,manual,hybrid,False,got,49
feature,druid,Druid,full,partial,hybrid,False,got,79
feature,druids-call,Druid's Call,partial,manual,hybrid,False,got,79
feature,green-path,Green Path,manual,partial,hybrid,False,got,79
feature,earth-shaker,Earth Shaker,full,manual,manual_text,False,got,81
feature,earthen-bond,Earthen Bond,partial,manual,hybrid,False,got,81
feature,ground-out,Ground Out,partial,manual,hybrid,False,got,81
feature,fiery-soul,Fiery Soul,partial,manual,hybrid,False,got,73
feature,fire-breather,Fire Breather,full,manual,manual_text,False,got,73
feature,fire-bringer,Fire Bringer,full,partial,hybrid,False,got,73
feature,fortress,Fortress,full,manual,manual_text,False,got,57
feature,slow-or-steady,Slow or Steady,manual,manual,manual_text,False,got,57
feature,wall-of-iron,Wall of Iron,partial,partial,hybrid,False,got,57
feature,frost-touched,Frost Touched,partial,manual,hybrid,False,got,83
feature,the-cold-never-bothered-me-anyway,The Cold Never Bothered Me Anyway,partial,manual,hybrid,False,got,83
feature,winter-is-coming,Winter is Coming,full,partial,hybrid,False,got,83
feature,enchanting-transformation,Enchanting Transformation,full,manual,manual_text,False,got,71
feature,fey-law,Fey Law,full,partial,hybrid,False,got,71
feature,glamour-mastery,Glamour Mastery,full,manual,manual_text,False,got,71
feature,glamour-weaver,Glamour Weaver,full,full,machine_ready,False,got,71
feature,lucky-clover-grand-finale,Lucky Clover Grand Finale,partial,full,hybrid,False,got,71
feature,magical-burst,Magical Burst,partial,manual,hybrid,False,got,71
feature,passionato-harmony,Passionato Harmony,partial,full,hybrid,False,got,71
feature,channel-the-dragons-spirit,Channel the Dragon's Spirit,partial,partial,hybrid,False,got,67
feature,herald-of-pride,Herald of Pride,full,manual,manual_text,False,got,67
feature,noblesse-oblige,Noblesse Oblige,full,full,machine_ready,False,got,67
feature,rouse-the-dragons-blood,Rouse the Dragon's Blood,partial,manual,hybrid,False,got,67
feature,hydro-jet,Hydro Jet,manual,manual,manual_text,False,got,93
feature,maelstrom,Maelstrom,full,partial,hybrid,False,got,93
feature,oceanic-feeling,Oceanic Feeling,full,manual,manual_text,False,got,93
feature,waters-shroud,Water's Shroud,manual,manual,manual_text,False,got,93
feature,aiming-down-the-sights,Aiming Down The Sights,partial,manual,hybrid,False,got,59
feature,clear-shot,Clear Shot,partial,manual,hybrid,False,got,59
feature,marksman,Marksman,full,full,machine_ready,False,got,59
feature,corrupt-blood,Corrupt Blood,partial,partial,hybrid,False,got,87
feature,miasma-unleashed,Miasma Unleashed,partial,partial,hybrid,False,got,87
feature,miasmic,Miasmic,full,full,machine_ready,False,got,87
feature,blinding-brightness,Blinding Brightness,partial,full,hybrid,False,got,85
feature,luminous-aura,Luminous Aura,partial,partial,hybrid,False,got,85
feature,prism,Prism,full,full,machine_ready,False,got,85
feature,prismatic-alignment,Prismatic Alignment,partial,manual,hybrid,False,got,85
feature,explosive-runes,Explosive Runes,partial,manual,hybrid,False,got,52
feature,hidden-power,Hidden Power,manual,partial,hybrid,False,got,51
feature,rune-master,Rune Master,partial,manual,hybrid,False,got,51
feature,sentry-runes,Sentry Runes,partial,manual,hybrid,False,got,52
feature,words-of-power,Words of Power,partial,manual,hybrid,False,got,51
feature,shade-caller,Shade Caller,full,full,machine_ready,False,got,65
feature,twisted-soul,Twisted Soul,partial,partial,hybrid,False,got,65
feature,world-of-darkness,World of Darkness,partial,manual,hybrid,False,got,65
feature,nimble-steps,Nimble Steps,manual,manual,manual_text,False,got,61
feature,skirmisher,Skirmisher,full,manual,manual_text,False,got,61
feature,weapon-finesse,Weapon Finesse,partial,manual,hybrid,False,got,61
feature,magnetize,Magnetize,partial,partial,hybrid,False,got,69
feature,spark-master,Spark Master,full,manual,manual_text,False,got,69
feature,storm-wizard,Storm Wizard,full,manual,manual_text,False,got,69
feature,champion-of-steel,Champion of Steel,full,manual,manual_text,False,got,91
feature,master-of-arms,Master of Arms,full,manual,manual_text,False,got,91
feature,reactive-armour,Reactive Armour,partial,partial,hybrid,False,got,91
feature,steel-wind,Steel Wind,full,partial,hybrid,False,got,91
feature,steelheart,Steelheart,full,manual,manual_text,False,got,91
feature,unlimited-steel-works,Unlimited Steel Works,full,partial,hybrid,False,got,91
feature,shards-of-stone,Shards of Stone,partial,partial,hybrid,False,got,89
feature,stone-stance,Stone Stance,manual,manual,manual_text,False,got,89
feature,stone-warrior,Stone Warrior,full,full,machine_ready,False,got,89
feature,how-to-shoot-web,How To Shoot Web,manual,partial,hybrid,False,got,63
feature,pheromone-markers,Pheromone Markers,full,partial,hybrid,False,got,63
feature,swarmlord,Swarmlord,full,partial,hybrid,False,got,63
feature,one-with-the-winds,One With the Winds,partial,manual,hybrid,False,got,75
feature,raging-winds,Raging Winds,full,manual,manual_text,False,got,75
feature,wind-runner,Wind Runner,full,partial,hybrid,False,got,75
feature,backpacker,Backpacker,full,partial,hybrid,False,may2015,3
feature,call-to-adventure,Call to Adventure,none,manual,hybrid,False,may2015,3
feature,equipment-savant,Equipment Savant,full,manual,manual_text,False,may2015,3
feature,handyman,Handyman,none,manual,manual_text,False,may2015,3
feature,heros-journey,Hero's Journey,full,manual,manual_text,False,may2015,3
feature,item-mastery,Item Mastery,full,full,machine_ready,False,may2015,3
feature,movement-mastery,Movement Mastery,none,partial,hybrid,False,may2015,3
feature,wear-it-better,Wear it Better,full,manual,manual_text,False,may2015,4
feature,capsule-science,Capsule Science,full,manual,manual_text,False,may2015,5
feature,enhanced-capsules,Enhanced Capsules,full,partial,hybrid,False,may2015,5
feature,i-meant-to-do-that,I Meant to Do That,full,partial,hybrid,False,may2015,5
feature,improvised-gadgets,Improvised Gadgets,full,partial,hybrid,False,may2015,5
feature,bookworm,Bookworm,manual,manual,manual_text,False,may2015,7
feature,breadth-of-knowledge,Breadth of Knowledge,full,partial,hybrid,False,may2015,7
feature,echoes-of-the-future,Echoes of the Future,partial,manual,hybrid,False,may2015,7
feature,well-read,Well Read,full,manual,manual_text,False,may2015,7
feature,engineer,Engineer,full,manual,manual_text,False,porygon,80
feature,experimental-ai,Experimental AI,partial,manual,hybrid,False,porygon,80
feature,firmware-update,Firmware Update,full,manual,manual_text,False,porygon,80
feature,futuretech,Futuretech,full,manual,manual_text,False,porygon,80
feature,kitbash-king,Kitbash King,manual,manual,manual_text,False,porygon,80
feature,overclock,Overclock,partial,manual,hybrid,False,porygon,80
feature,robofighter,Robofighter,partial,manual,hybrid,False,porygon,80
feature,robotics-101,Robotics 101,full,manual,manual_text,False,porygon,80
feature,code-injection,Code Injection,none,partial,hybrid,False,porygon,86
feature,corrupt-reality,Corrupt Reality,full,manual,manual_text,False,porygon,86
feature,glitch-bender,Glitch Bender,full,full,machine_ready,False,porygon,86
feature,glitch-burst,Glitch Burst,full,manual,manual_text,False,porygon,86
feature,glitch-shuffle,Glitch Shuffle,full,full,machine_ready,False,porygon,86
feature,i-am-error,I Am Error,full,manual,manual_text,False,porygon,86
feature,null-error,Null Error,full,full,machine_ready,False,porygon,86
feature,advanced-cases,Advanced Cases,full,manual,manual_text,False,porygon,82
feature,basic-cases,Basic Cases,full,manual,manual_text,False,porygon,82
feature,case-specialist,Case Specialist,partial,manual,hybrid,False,porygon,82
feature,fusion-cases,Fusion Cases,partial,manual,hybrid,False,porygon,82
feature,jailbreaker,Jailbreaker,full,manual,manual_text,False,porygon,82
feature,poke-ball-mods,Poké Ball Mods,full,manual,manual_text,False,porygon,82
feature,trick-cases,Trick Cases,full,manual,manual_text,False,porygon,82
feature,digital-avatar,Digital Avatar,manual,manual,manual_text,False,porygon,77
feature,dream-architect,Dream Architect,partial,manual,hybrid,False,porygon,76
feature,emergency-repairs,Emergency Repairs,full,manual,manual_text,False,porygon,76
feature,glitched-existence,Glitched Existence,manual,manual,manual_text,False,porygon,76
feature,gravity-training,Gravity Training,full,manual,manual_text,True,porygon,77
feature,pokebot-training,Pokébot Training,full,manual,manual_text,False,porygon,76
feature,psychic-navigator,Psychic Navigator,full,full,machine_ready,True,porygon,76
feature,quick-case,Quick Case,full,manual,manual_text,False,porygon,76
feature,shock-resistance,Shock Resistance,full,manual,manual_text,False,porygon,76
feature,trainer-edges,Trainer Edges,partial,manual,hybrid,False,porygon,76
feature,type-sync,Type Sync,partial,manual,hybrid,False,porygon,77
feature,vehicle-training,Vehicle Training,manual,manual,manual_text,False,porygon,77
feature,body-augments,Body Augments,full,manual,manual_text,False,porygon,84
feature,datajack,Datajack,full,manual,manual_text,False,porygon,84
feature,dermal-augments,Dermal Augments,full,manual,manual_text,False,porygon,84
feature,efficient-installation,Efficient Installation,full,manual,manual_text,False,porygon,84
feature,emergency-reactivation,Emergency Reactivation,full,manual,manual_text,False,porygon,84
feature,experimental-designs,Experimental Designs,full,manual,hybrid,False,porygon,84
feature,eye-augments,Eye Augments,full,manual,manual_text,False,porygon,84
feature,limb-augments,Limb Augments,full,manual,manual_text,False,porygon,84
feature,upgrader,Upgrader,partial,manual,hybrid,False,porygon,84
feature,bring-it-on,Bring It On!,partial,manual,hybrid,False,sep2015,3
feature,cheerleader,Cheerleader,full,manual,manual_text,False,sep2015,3
feature,cheers,Cheers,manual,manual,manual_text,False,sep2015,3
feature,go-fight-win,"Go, Fight, Win!",partial,manual,hybrid,False,sep2015,3
feature,inspirational-support,Inspirational Support,partial,manual,hybrid,False,sep2015,3
feature,keep-fighting,Keep Fighting!,full,manual,manual_text,False,sep2015,3
feature,moment-of-action,Moment of Action,manual,manual,manual_text,False,sep2015,3
feature,affliction-techniques,Affliction Techniques,full,manual,manual_text,False,sep2015,7
feature,field-clinic,Field Clinic,full,manual,manual_text,False,sep2015,7
feature,front-line-healer,Front Line Healer,full,partial,hybrid,False,sep2015,6
feature,gotta-catch-em-all,Gotta Catch ‘Em All,manual,manual,manual_text,False,sep2015,8
feature,im-a-doctor,I'm a Doctor,full,manual,manual_text,False,sep2015,6
feature,incandescence,Incandescence,partial,manual,hybrid,False,sep2015,9
feature,medic,Medic,full,manual,manual_text,False,sep2015,6
feature,medical-techniques,Medical Techniques,full,manual,manual_text,False,sep2015,6
feature,mixed-power,Mixed Power,partial,full,hybrid,False,sep2015,9
feature,nurse,Nurse,full,manual,manual_text,False,sep2015,7
feature,proper-care,Proper Care,partial,manual,hybrid,False,sep2015,6
feature,stay-with-us,Stay With Us!,full,manual,manual_text,False,sep2015,6
ability,abominable,Abominable,none,partial,hybrid,False,feb2016,3
ability,absorb-force,Absorb Force,none,manual,manual_text,False,edit,56
ability,accelerate,Accelerate,none,manual,manual_text,False,sumo,6
ability,adaptability,Adaptability,none,manual,manual_text,False,feb2016,3
ability,aerilate,Aerilate,none,manual,manual_text,False,core,311
ability,aftermath,Aftermath,none,manual,manual_text,False,feb2016,3
ability,air-lock,Air Lock,none,manual,manual_text,False,core,311
ability,ambush,Ambush,none,manual,hybrid,False,feb2016,3
ability,analytic,Analytic,none,manual,manual_text,False,core,311
ability,anchored,Anchored,none,manual,manual_text,False,sumo,1
ability,anger-point,Anger Point,none,manual,hybrid,False,core,311
ability,anticipation,Anticipation,none,manual,manual_text,False,core,311
ability,aqua-boost,Aqua Boost,none,manual,manual_text,False,core,311
ability,aqua-bullet,Aqua Bullet,none,manual,manual_text,False,feb2016,12
ability,arena-trap,Arena Trap,none,partial,hybrid,False,feb2016,3
ability,aroma-veil,Aroma Veil,none,partial,hybrid,False,feb2016,3
ability,aura-break,Aura Break,none,manual,manual_text,False,feb2016,3
ability,aura-storm,Aura Storm,none,full,machine_ready,False,feb2016,3
ability,bad-dreams,Bad Dreams,none,manual,manual_text,False,feb2016,3
ability,ball-fetch,Ball Fetch,none,manual,manual_text,False,new,1
ability,battery,Battery,none,manual,manual_text,False,sumo,1
ability,battle-armor,Battle Armor,none,manual,manual_text,False,core,312
ability,beam-cannon,Beam Cannon,none,manual,manual_text,False,core,312
ability,beast-boost,Beast Boost,none,manual,manual_text,False,sumo,1
ability,beautiful,Beautiful,none,manual,manual_text,False,feb2016,3
ability,berry-storage,Berry Storage,none,manual,manual_text,False,core,312
ability,berserk,Berserk,none,manual,manual_text,False,sumo,1
ability,big-pecks,Big Pecks,none,manual,manual_text,False,core,312
ability,big-swallow,Big Swallow,none,manual,manual_text,False,core,312
ability,blaze,Blaze,none,manual,manual_text,False,core,312
ability,blessed-touch,Blessed Touch,none,manual,manual_text,False,core,312
ability,blow-away,Blow Away,none,manual,manual_text,False,feb2016,3
ability,blur,Blur,none,manual,manual_text,False,core,312
ability,bodyguard,Bodyguard,none,manual,manual_text,False,feb2016,3
ability,bone-lord,Bone Lord,none,manual,manual_text,False,feb2016,3
ability,bone-wielder,Bone Wielder,none,manual,manual_text,False,feb2016,4
ability,brimstone,Brimstone,none,manual,hybrid,False,feb2016,4
ability,bulletproof,Bulletproof,none,manual,manual_text,False,core,313
ability,bully,Bully,none,manual,manual_text,False,core,313
ability,cave-crasher,Cave Crasher,none,manual,manual_text,False,core,313
ability,celebrate,Celebrate,none,manual,manual_text,False,feb2016,4
ability,chemical-romance,Chemical Romance,none,manual,hybrid,False,sumo,2
ability,cherry-power,Cherry Power,none,full,machine_ready,False,core,313
ability,chlorophyll,Chlorophyll,none,manual,manual_text,False,feb2016,4
ability,clay-cannons,Clay Cannons,none,manual,manual_text,False,feb2016,4
ability,clear-body,Clear Body,none,manual,manual_text,False,core,313
ability,cloud-nine,Cloud Nine,none,manual,manual_text,False,core,313
ability,cluster-mind,Cluster Mind,none,manual,manual_text,False,core,313
ability,color-change,Color Change,none,manual,manual_text,False,core,313
ability,color-theory,Color Theory,none,manual,manual_text,False,core,313
ability,comatose,Comatose,none,manual,manual_text,False,sumo,2
ability,combo-striker,Combo Striker,none,manual,manual_text,False,feb2016,12
ability,competitive,Competitive,none,manual,hybrid,False,core,314
ability,compound-eyes,Compound Eyes,none,manual,manual_text,False,core,314
ability,confidence,Confidence,none,manual,manual_text,False,core,314
ability,conqueror,Conqueror,none,manual,manual_text,False,core,314
ability,contrary,Contrary,none,manual,manual_text,False,core,314
ability,copy-master,Copy Master,none,manual,manual_text,False,core,314
ability,corrosion,Corrosion,none,manual,manual_text,False,sumo,2
ability,corrosive-toxins,Corrosive Toxins,none,manual,manual_text,False,core,314
ability,cotton-down,Cotton Down,none,manual,manual_text,False,new,1
ability,courage,Courage,none,manual,manual_text,False,core,314
ability,covert,Covert,none,manual,manual_text,False,core,314
ability,cruelty,Cruelty,none,manual,manual_text,False,core,314
ability,crush-trap,Crush Trap,none,partial,hybrid,True,edit,
ability,cursed-body,Cursed Body,none,manual,manual_text,False,core,314
ability,cute-charm,Cute Charm,none,full,machine_ready,False,core,314
ability,cute-tears,Cute Tears,none,manual,manual_text,False,core,314
ability,damp,Damp,none,manual,manual_text,False,feb2016,4
ability,dancer,Dancer,none,manual,manual_text,False,sumo,2
ability,danger-syrup,Danger Syrup,none,manual,hybrid,False,feb2016,4
ability,dark-art,Dark Art,none,manual,manual_text,False,core,315
ability,dark-aura,Dark Aura,none,manual,manual_text,False,core,315
ability,dauntless-shield,Dauntless Shield,none,full,machine_ready,False,new,1
ability,daze,Daze,none,manual,manual_text,False,core,315
ability,dazzling,Dazzling,none,manual,manual_text,False,sumo,2
ability,deadly-poison,Deadly Poison,none,full,machine_ready,False,core,315
ability,decoy,Decoy,none,manual,manual_text,False,core,315
ability,deep-sleep,Deep Sleep,none,manual,manual_text,False,core,315
ability,defeatist,Defeatist,none,manual,manual_text,False,feb2016,4
ability,defiant,Defiant,none,manual,hybrid,False,core,315
ability,defy-death,Defy Death,none,manual,manual_text,False,feb2016,4
ability,delayed-reaction,Delayed Reaction,none,manual,manual_text,False,core,315
ability,delivery-bird,Delivery Bird,none,manual,manual_text,False,core,315
ability,desert-weather,Desert Weather,none,manual,manual_text,False,feb2016,4
ability,designer,Designer,none,manual,manual_text,False,feb2016,12
ability,diamond-defense,Diamond Defense,none,manual,manual_text,False,core,315
ability,dig-away,Dig Away,none,manual,manual_text,False,core,316
ability,dire-spore,Dire Spore,none,manual,manual_text,False,core,316
ability,discipline,Discipline,none,manual,hybrid,False,core,316
ability,disguise,Disguise,none,manual,manual_text,False,sumo,2
ability,dodge,Dodge,none,manual,manual_text,False,core,316
ability,download,Download,none,manual,manual_text,False,feb2016,4
ability,dream-smoke,Dream Smoke,none,manual,manual_text,False,feb2016,12
ability,dreamspinner,Dreamspinner,none,manual,manual_text,False,feb2016,4
ability,drizzle,Drizzle,none,manual,manual_text,False,feb2016,4
ability,drought,Drought,none,manual,manual_text,False,feb2016,4
ability,drown-out,Drown Out,none,manual,manual_text,False,feb2016,4
ability,dry-skin,Dry Skin,none,manual,manual_text,False,core,316
ability,dust-cloud,Dust Cloud,none,manual,manual_text,False,feb2016,4
ability,early-bird,Early Bird,none,manual,manual_text,False,feb2016,4
ability,effect-spore,Effect Spore,none,partial,hybrid,False,core,316
ability,eggscellence,Eggscellence,none,manual,manual_text,False,feb2016,12
ability,electric-surge,Electric Surge,none,manual,manual_text,False,sumo,2
ability,electrodash,Electrodash,none,manual,manual_text,False,feb2016,5
ability,emergency-exit,Emergency Exit,none,manual,manual_text,False,sumo,2
ability,empower,Empower,none,manual,manual_text,False,feb2016,12
ability,enduring-rage,Enduring Rage,none,manual,manual_text,False,core,316
ability,enfeebling-lips,Enfeebling Lips,none,manual,manual_text,False,core,316
ability,exploit,Exploit,none,manual,manual_text,False,core,317
ability,fabulous-trim,Fabulous Trim,none,manual,manual_text,False,core,317
ability,fade-away,Fade Away,none,manual,manual_text,False,core,317
ability,fairy-aura,Fairy Aura,none,manual,manual_text,False,core,317
ability,fashion-designer,Fashion Designer,none,manual,manual_text,False,core,317
ability,fiery-crash,Fiery Crash,none,manual,manual_text,False,core,317
ability,filter,Filter,none,partial,hybrid,False,feb2016,5
ability,flame-body,Flame Body,none,full,machine_ready,False,core,317
ability,flame-tongue,Flame Tongue,none,manual,hybrid,False,core,317
ability,flare-boost,Flare Boost,none,manual,manual_text,False,feb2016,5
ability,flash-fire,Flash Fire,none,partial,hybrid,False,feb2016,5
ability,flavorful-aroma,Flavorful Aroma,none,partial,hybrid,False,new,1
ability,flower-gift,Flower Gift,none,manual,manual_text,False,feb2016,5
ability,flower-power,Flower Power,none,manual,manual_text,False,feb2016,12
ability,flower-veil,Flower Veil,none,manual,manual_text,False,feb2016,5
ability,fluffy,Fluffy,none,manual,manual_text,False,sumo,2
ability,fluffy-charge,Fluffy Charge,none,manual,manual_text,False,core,317
ability,flutter,Flutter,none,manual,manual_text,False,core,318
ability,flying-fly-trap,Flying Fly Trap,none,manual,manual_text,False,core,318
ability,focus,Focus,none,manual,manual_text,False,core,318
ability,forecast,Forecast,none,manual,manual_text,False,core,318
ability,forest-lord,Forest Lord,none,manual,manual_text,False,core,318
ability,forewarn,Forewarn,none,manual,manual_text,False,core,318
ability,fox-fire,Fox Fire,none,manual,manual_text,False,feb2016,5
ability,freezing-point,Freezing Point,none,manual,manual_text,False,core,318
ability,friend-guard,Friend Guard,none,manual,manual_text,False,core,318
ability,frighten,Frighten,none,full,machine_ready,False,core,318
ability,frisk,Frisk,none,manual,manual_text,False,sumo,6
ability,frostbite,Frostbite,none,manual,manual_text,False,core,319
ability,full-guard,Full Guard,none,manual,manual_text,False,feb2016,12
ability,full-metal-body,Full Metal Body,none,manual,manual_text,False,sumo,2
ability,fur-coat,Fur Coat,none,manual,manual_text,False,core,319
ability,gale-wings,Gale Wings,none,manual,manual_text,False,sumo,6
ability,galvanize,Galvanize,none,manual,manual_text,False,sumo,2
ability,gardener,Gardener,none,manual,manual_text,False,core,319
ability,gentle-vibe,Gentle Vibe,none,manual,manual_text,False,core,319
ability,giver,Giver,none,manual,manual_text,False,feb2016,12
ability,glisten,Glisten,none,partial,hybrid,False,sumo,2
ability,gluttony,Gluttony,none,manual,manual_text,False,feb2016,5
ability,gooey,Gooey,none,manual,manual_text,False,core,319
ability,gore,Gore,none,manual,manual_text,False,feb2016,5
ability,gorilla-tactics,Gorilla Tactics,none,partial,hybrid,False,new,1
ability,grass-pelt,Grass Pelt,none,manual,hybrid,False,feb2016,5
ability,grassy-surge,Grassy Surge,none,manual,manual_text,False,sumo,2
ability,gulp,Gulp,none,manual,manual_text,False,core,319
ability,gulp-missile,Gulp Missile,none,manual,hybrid,False,new,1
ability,guts,Guts,none,partial,hybrid,False,core,319
ability,handyman,Handyman,none,manual,manual_text,False,sumo,3
ability,harvest,Harvest,none,manual,manual_text,False,core,319
ability,haunt,Haunt,none,manual,manual_text,False,core,319
ability,hay-fever,Hay Fever,none,manual,manual_text,False,core,319
ability,healer,Healer,none,manual,manual_text,False,core,319
ability,heat-mirage,Heat Mirage,none,manual,manual_text,False,core,320
ability,heatproof,Heatproof,none,manual,manual_text,False,feb2016,5
ability,heavy-metal,Heavy Metal,none,manual,manual_text,False,feb2016,5
ability,heliovolt,Heliovolt,none,manual,manual_text,False,feb2016,12
ability,helper,Helper,none,manual,manual_text,True,edit,
ability,honey-paws,Honey Paws,none,manual,manual_text,False,feb2016,5
ability,honey-thief,Honey Thief,none,manual,manual_text,False,core,320
ability,horde-break,Horde Break,none,manual,manual_text,False,sumo,3
ability,huge-power,Huge Power,none,manual,manual_text,False,core,320
ability,huge-power-pure-power,Huge Power / Pure Power,none,manual,manual_text,False,feb2016,5
ability,hunger-switch,Hunger Switch,none,partial,hybrid,False,new,1
ability,hustle,Hustle,none,manual,manual_text,False,feb2016,5
ability,hydration,Hydration,none,manual,manual_text,False,feb2016,6
ability,hyper-cutter,Hyper Cutter,none,manual,manual_text,False,core,320
ability,hypnotic,Hypnotic,none,manual,manual_text,False,core,320
ability,ice-body,Ice Body,none,manual,manual_text,False,feb2016,6
ability,ice-face,Ice Face,none,manual,manual_text,False,new,1
ability,ice-scales,Ice Scales,none,manual,manual_text,False,new,1
ability,ice-shield,Ice Shield,none,manual,manual_text,False,core,320
ability,ignition-boost,Ignition Boost,none,manual,manual_text,False,core,320
ability,illuminate,Illuminate,none,manual,manual_text,False,core,320
ability,illusion,Illusion,none,manual,manual_text,False,core,321
ability,immunity,Immunity,none,manual,manual_text,False,core,321
ability,imposter,Imposter,none,manual,manual_text,False,feb2016,6
ability,infiltrator,Infiltrator,none,full,machine_ready,False,core,321
ability,innards-out,Innards Out,none,manual,manual_text,False,sumo,3
ability,inner-focus,Inner Focus,none,manual,manual_text,False,feb2016,6
ability,insomnia,Insomnia,none,manual,manual_text,False,core,321
ability,instinct,Instinct,none,manual,manual_text,False,core,321
ability,interference,Interference,none,manual,manual_text,False,feb2016,6
ability,intimidate,Intimidate,none,partial,hybrid,False,feb2016,6
ability,intrepid-sword,Intrepid Sword,none,full,machine_ready,False,new,2
ability,iron-barbs,Iron Barbs,none,manual,manual_text,False,core,321
ability,iron-fist,Iron Fist,none,manual,manual_text,False,core,321
ability,juicy-energy,Juicy Energy,none,manual,manual_text,False,feb2016,12
ability,justified,Justified,none,manual,manual_text,False,feb2016,6
ability,kampfgeist,Kampfgeist,none,manual,manual_text,False,feb2016,6
ability,keen-eye,Keen Eye,none,manual,manual_text,False,core,321
ability,klutz,Klutz,none,partial,hybrid,False,new,4
ability,lancer,Lancer,none,manual,hybrid,False,feb2016,12
ability,landslide,Landslide,none,manual,manual_text,False,core,322
ability,last-chance,Last Chance,none,manual,manual_text,False,core,322
ability,last-chance-type,Last Chance (Type),none,partial,hybrid,False,core,119
ability,leaf-gift,Leaf Gift,none,manual,manual_text,False,core,322
ability,leaf-guard,Leaf Guard,none,manual,manual_text,False,feb2016,6
ability,leaf-rush,Leaf Rush,none,manual,manual_text,False,feb2016,12
ability,leafy-cloak,Leafy Cloak,none,manual,hybrid,False,feb2016,12
ability,leek-mastery,Leek Mastery,none,manual,manual_text,False,core,322
ability,levitate,Levitate,none,manual,manual_text,False,core,322
ability,life-force,Life Force,none,manual,manual_text,False,edit,56
ability,light-metal,Light Metal,none,manual,manual_text,False,feb2016,6
ability,lightning-kicks,Lightning Kicks,none,manual,manual_text,False,feb2016,6
ability,lightning-rod,Lightning Rod,none,manual,manual_text,False,feb2016,6
ability,limber,Limber,none,manual,manual_text,False,core,322
ability,line-charge,Line Charge,none,manual,manual_text,False,feb2016,12
ability,liquid-ooze,Liquid Ooze,none,manual,manual_text,False,feb2016,6
ability,liquid-voice,Liquid Voice,none,manual,manual_text,False,sumo,3
ability,long-reach,Long Reach,none,manual,manual_text,False,sumo,3
ability,lullaby,Lullaby,none,manual,manual_text,False,core,323
ability,lunchbox,Lunchbox,none,manual,manual_text,False,feb2016,6
ability,mach-speed,Mach Speed,none,manual,manual_text,False,core,323
ability,maelstrom-pulse,Maelstrom Pulse,none,manual,manual_text,False,feb2016,13
ability,magic-bounce,Magic Bounce,none,manual,manual_text,False,core,323
ability,magic-guard,Magic Guard,none,manual,manual_text,False,core,323
ability,magician,Magician,none,manual,manual_text,False,core,323
ability,magma-armor,Magma Armor,none,manual,manual_text,False,feb2016,6
ability,magnet-pull,Magnet Pull,none,manual,manual_text,False,feb2016,7
ability,marvel-scale,Marvel Scale,none,partial,hybrid,False,core,323
ability,mega-launcher,Mega Launcher,none,manual,manual_text,False,feb2016,7
ability,memory-wipe,Memory Wipe,none,manual,hybrid,False,feb2016,7
ability,merciless,Merciless,none,manual,manual_text,False,sumo,3
ability,migraine,Migraine,none,manual,manual_text,False,feb2016,7
ability,mimicry,Mimicry,none,manual,manual_text,False,new,2
ability,mimitree,Mimitree,none,manual,manual_text,False,core,323
ability,mind-mold,Mind Mold,none,manual,manual_text,False,core,323
ability,mini-noses,Mini-Noses,none,manual,manual_text,False,core,324
ability,minus,Minus,none,manual,manual_text,False,new,4
ability,miracle-mile,Miracle Mile,none,manual,manual_text,False,core,324
ability,mirror-armor,Mirror Armor,none,manual,manual_text,False,new,2
ability,missile-launch,Missile Launch,none,manual,manual_text,False,new,2
ability,misty-surge,Misty Surge,none,manual,manual_text,False,sumo,3
ability,mojo,Mojo,none,manual,manual_text,False,core,324
ability,mold-breaker,Mold Breaker,none,manual,manual_text,False,core,324
ability,moody,Moody,none,manual,manual_text,False,feb2016,7
ability,motor-drive,Motor Drive,none,manual,manual_text,False,core,324
ability,mountain-peak,Mountain Peak,none,manual,manual_text,False,core,324
ability,moxie,Moxie,none,manual,manual_text,False,core,324
ability,mud-dweller,Mud Dweller,none,manual,manual_text,False,core,324
ability,mud-shield,Mud Shield,none,manual,hybrid,False,sumo,3
ability,multiscale,Multiscale,none,manual,manual_text,False,feb2016,7
ability,multitype,Multitype,none,manual,manual_text,False,core,324
ability,mummy,Mummy,none,manual,manual_text,False,feb2016,7
ability,natural-cure,Natural Cure,none,manual,manual_text,False,core,324
ability,needles,Needles,none,manual,manual_text,False,feb2016,13
ability,neuroforce,Neuroforce,none,manual,manual_text,False,sumo,3
ability,neutralizing-gas,Neutralizing Gas,none,manual,manual_text,False,new,2
ability,nimble-strikes,Nimble Strikes,none,manual,manual_text,False,feb2016,13
ability,no-guard,No Guard,none,manual,manual_text,False,feb2016,7
ability,normalize,Normalize,none,manual,manual_text,False,feb2016,7
ability,oblivious,Oblivious,none,partial,hybrid,False,core,325
ability,odious-spray,Odious Spray,none,manual,hybrid,False,feb2016,7
ability,omen,Omen,none,manual,manual_text,False,core,325
ability,overcharge,Overcharge,none,manual,manual_text,False,core,325
ability,overcoat,Overcoat,none,manual,manual_text,False,core,325
ability,overgrow,Overgrow,none,manual,manual_text,False,core,325
ability,own-tempo,Own Tempo,none,manual,manual_text,False,core,325
ability,pack-hunt,Pack Hunt,none,manual,manual_text,False,core,325
ability,parental-bond,Parental Bond,none,manual,hybrid,False,core,325
ability,parry,Parry,none,manual,manual_text,False,core,325
ability,pastel-veil,Pastel Veil,none,manual,manual_text,False,new,2
ability,perception,Perception,none,manual,manual_text,False,feb2016,7
ability,perish-body,Perish Body,none,manual,manual_text,False,new,2
ability,permafrost,Permafrost,none,manual,manual_text,False,feb2016,7
ability,phase-shift,Phase Shift,none,manual,manual_text,False,got,35
ability,photosynthesis,Photosynthesis,none,manual,manual_text,False,core,325
ability,pickpocket,Pickpocket,none,manual,manual_text,False,core,326
ability,pickup,Pickup,none,manual,manual_text,False,core,326
ability,pixilate,Pixilate,none,manual,manual_text,False,core,326
ability,plus,Plus,none,manual,manual_text,False,new,4
ability,poison-heal,Poison Heal,none,manual,manual_text,False,core,326
ability,poison-point,Poison Point,none,full,machine_ready,False,core,326
ability,poison-touch,Poison Touch,none,manual,manual_text,False,core,326
ability,poltergeist,Poltergeist,none,manual,manual_text,False,feb2016,7
ability,polycephaly,Polycephaly,none,manual,manual_text,False,core,326
ability,power-construct,Power Construct,none,manual,manual_text,False,sumo,3
ability,power-of-alchemy,Power of Alchemy,none,full,machine_ready,False,sumo,3
ability,power-spot,Power Spot,none,full,machine_ready,False,new,3
ability,prankster,Prankster,none,manual,manual_text,False,core,326
ability,pressure,Pressure,none,full,machine_ready,False,edit,56
ability,pride,Pride,none,partial,hybrid,False,core,326
ability,prime-fury,Prime Fury,none,manual,hybrid,False,feb2016,8
ability,prism-armor,Prism Armor,none,partial,hybrid,False,sumo,3
ability,probability-control,Probability Control,none,manual,manual_text,False,core,326
ability,propeller-tail,Propeller Tail,none,manual,manual_text,False,new,3
ability,protean,Protean,none,manual,manual_text,False,core,327
ability,psychic-surge,Psychic Surge,none,manual,manual_text,False,sumo,4
ability,pumpkingrab,Pumpkingrab,none,manual,manual_text,False,feb2016,8
ability,punk-rock,Punk Rock,none,manual,manual_text,False,new,3
ability,pure-blooded,Pure Blooded,none,manual,manual_text,False,core,327
ability,pure-power,Pure Power,none,manual,manual_text,False,core,327
ability,queenly-majesty,Queenly Majesty,none,manual,manual_text,False,sumo,4
ability,quick-cloak,Quick Cloak,none,manual,manual_text,False,core,327
ability,quick-curl,Quick Curl,none,partial,hybrid,False,feb2016,8
ability,quick-feet,Quick Feet,none,partial,hybrid,False,feb2016,8
ability,radiant-beam,Radiant Beam,none,manual,manual_text,False,sumo,4
ability,ragelope,Ragelope,none,manual,manual_text,False,feb2016,13
ability,rain-dish,Rain Dish,none,manual,manual_text,False,feb2016,8
ability,rally,Rally,none,manual,manual_text,False,feb2016,8
ability,rattled,Rattled,none,full,machine_ready,False,feb2016,8
ability,razor-edge,Razor Edge,none,manual,manual_text,False,core,327
ability,receiver,Receiver,none,partial,hybrid,False,sumo,4
ability,reckless,Reckless,none,manual,manual_text,False,feb2016,8
ability,refreshing-veil,Refreshing Veil,none,manual,manual_text,False,core,327
ability,refrigerate,Refrigerate,none,manual,manual_text,False,core,327
ability,regal-challenge,Regal Challenge,none,manual,manual_text,False,feb2016,8
ability,regenerator,Regenerator,none,manual,manual_text,False,core,328
ability,revelation,Revelation,none,manual,hybrid,False,sumo,4
ability,ripen,Ripen,none,partial,hybrid,False,new,3
ability,rivalry,Rivalry,none,manual,manual_text,False,core,328
ability,rks-system,RKS System,none,manual,manual_text,False,sumo,4
ability,rock-head,Rock Head,none,manual,manual_text,False,feb2016,8
ability,rocket,Rocket,none,manual,manual_text,False,feb2016,8
ability,root-down,Root Down,none,manual,manual_text,False,feb2016,8
ability,rough-skin,Rough Skin,none,manual,manual_text,False,core,328
ability,run-away,Run Away,none,manual,manual_text,False,feb2016,8
ability,run-up,Run Up,none,manual,manual_text,False,core,328
ability,sacred-bell,Sacred Bell,none,manual,manual_text,False,feb2016,13
ability,sand-force,Sand Force,none,manual,manual_text,False,feb2016,8
ability,sand-rush,Sand Rush,none,manual,manual_text,False,feb2016,9
ability,sand-spit,Sand Spit,none,manual,manual_text,False,new,3
ability,sand-stream,Sand Stream,none,manual,manual_text,False,feb2016,9
ability,sand-veil,Sand Veil,none,manual,manual_text,False,feb2016,9
ability,sap-sipper,Sap Sipper,none,partial,hybrid,False,feb2016,8
ability,schooling,Schooling,none,manual,manual_text,False,sumo,4
ability,scrappy,Scrappy,none,manual,manual_text,False,core,328
ability,screen-cleaner,Screen Cleaner,none,manual,manual_text,False,new,3
ability,seasonal,Seasonal,none,full,machine_ready,False,feb2016,13
ability,sequence,Sequence,none,manual,manual_text,False,feb2016,9
ability,serene-grace,Serene Grace,none,manual,manual_text,False,core,328
ability,serpents-mark,Serpent's Mark,none,manual,manual_text,False,feb2016,9
ability,shackle,Shackle,none,manual,manual_text,False,feb2016,9
ability,shadow-shield,Shadow Shield,none,manual,manual_text,False,sumo,4
ability,shadow-tag,Shadow Tag,none,partial,hybrid,False,core,329
ability,shed-skin,Shed Skin,none,manual,manual_text,False,core,329
ability,sheer-force,Sheer Force,none,manual,manual_text,False,feb2016,9
ability,shell-armor,Shell Armor,none,manual,manual_text,False,core,329
ability,shell-cannon,Shell Cannon,none,manual,manual_text,False,core,329
ability,shell-shield,Shell Shield,none,partial,hybrid,False,feb2016,9
ability,shield-dust,Shield Dust,none,manual,manual_text,False,core,329
ability,shields-down,Shields Down,none,manual,manual_text,False,sumo,4
ability,silk-threads,Silk Threads,none,manual,hybrid,False,feb2016,9
ability,simple,Simple,none,manual,manual_text,False,core,329
ability,skill-link,Skill Link,none,manual,manual_text,False,core,329
ability,slow-start,Slow Start,none,manual,manual_text,False,core,330
ability,slush-rush,Slush Rush,none,manual,manual_text,False,sumo,4
ability,sniper,Sniper,none,manual,manual_text,False,feb2016,9
ability,snow-cloak,Snow Cloak,none,manual,manual_text,False,feb2016,9
ability,snow-warning,Snow Warning,none,manual,manual_text,False,core,330
ability,snuggle,Snuggle,none,manual,manual_text,False,feb2016,13
ability,sol-veil,Sol Veil,none,partial,hybrid,False,feb2016,13
ability,solar-power,Solar Power,none,manual,manual_text,False,feb2016,9
ability,solid-rock,Solid Rock,none,partial,hybrid,False,feb2016,9
ability,sonic-courtship,Sonic Courtship,none,manual,manual_text,False,feb2016,9
ability,soothing-tone,Soothing Tone,none,manual,manual_text,False,feb2016,9
ability,sorcery,Sorcery,none,manual,manual_text,False,feb2016,13
ability,soul-heart,Soul Heart,none,manual,manual_text,False,sumo,5
ability,soulstealer,Soulstealer,none,manual,manual_text,False,feb2016,10
ability,sound-lance,Sound Lance,none,manual,manual_text,False,feb2016,10
ability,soundproof,Soundproof,none,manual,manual_text,False,core,330
ability,speed-boost,Speed Boost,none,partial,hybrid,False,core,330
ability,spike-shot,Spike Shot,none,manual,manual_text,False,feb2016,13
ability,spinning-dance,Spinning Dance,none,manual,manual_text,False,core,330
ability,spiteful-intervention,Spiteful Intervention,none,manual,manual_text,False,core,330
ability,spray-down,Spray Down,none,manual,manual_text,False,feb2016,10
ability,sprint,Sprint,none,manual,manual_text,False,feb2016,10
ability,stakeout,Stakeout,none,manual,manual_text,False,sumo,5
ability,stall,Stall,none,manual,manual_text,False,core,331
ability,stalwart,Stalwart,none,manual,manual_text,False,new,3
ability,stamina,Stamina,none,manual,manual_text,False,sumo,5
ability,stance-change,Stance Change,none,manual,manual_text,False,core,331
ability,starlight,Starlight,none,manual,manual_text,False,feb2016,10
ability,starswirl,Starswirl,none,manual,manual_text,False,feb2016,10
ability,static,Static,none,full,machine_ready,False,core,331
ability,steadfast,Steadfast,none,full,machine_ready,False,feb2016,10
ability,steam-engine,Steam Engine,none,manual,manual_text,False,new,3
ability,steelworker,Steelworker,none,manual,manual_text,False,sumo,5
ability,stench,Stench,none,manual,manual_text,False,feb2016,10
ability,sticky-hold,Sticky Hold,none,manual,manual_text,False,core,331
ability,sticky-smoke,Sticky Smoke,none,manual,manual_text,False,core,331
ability,storm-drain,Storm Drain,none,manual,manual_text,False,feb2016,10
ability,strange-tempo,Strange Tempo,none,manual,manual_text,False,core,331
ability,strong-jaw,Strong Jaw,none,manual,manual_text,False,core,331
ability,sturdy,Sturdy,none,manual,manual_text,False,feb2016,10
ability,suction-cups,Suction Cups,none,full,machine_ready,False,feb2016,10
ability,sumo-stance,Sumo Stance,none,manual,manual_text,False,feb2016,10
ability,sun-blanket,Sun Blanket,none,manual,manual_text,False,feb2016,10
ability,sunglow,Sunglow,none,manual,manual_text,False,feb2016,10
ability,super-luck,Super Luck,none,manual,manual_text,False,core,332
ability,surge-surfer,Surge Surfer,none,manual,manual_text,False,sumo,5
ability,swarm,Swarm,none,manual,manual_text,False,core,332
ability,sway,Sway,none,manual,manual_text,False,core,332
ability,sweet-veil,Sweet Veil,none,manual,manual_text,False,core,332
ability,swift-swim,Swift Swim,none,manual,manual_text,False,feb2016,11
ability,symbiosis,Symbiosis,none,manual,manual_text,False,feb2016,11
ability,synchronize,Synchronize,none,manual,manual_text,False,core,332
ability,tangled-feet,Tangled Feet,none,manual,manual_text,False,feb2016,11
ability,tangling-hair,Tangling Hair,none,manual,manual_text,False,sumo,5
ability,targeting-system,Targeting System,none,manual,manual_text,False,core,332
ability,teamwork,Teamwork,none,manual,manual_text,False,core,332
ability,technician,Technician,none,manual,manual_text,False,core,332
ability,telepathy,Telepathy,none,manual,manual_text,False,feb2016,11
ability,teravolt,Teravolt,none,manual,manual_text,False,feb2016,11
ability,thermosensitive,Thermosensitive,none,partial,hybrid,False,core,333
ability,thick-fat,Thick Fat,none,manual,manual_text,False,core,333
ability,thrust,Thrust,none,manual,manual_text,False,core,333
ability,thunder-boost,Thunder Boost,none,manual,manual_text,False,core,333
ability,tingle,Tingle,none,manual,manual_text,False,feb2016,13
ability,tingly-tongue,Tingly Tongue,none,manual,manual_text,False,core,333
ability,tinted-lens,Tinted Lens,none,manual,manual_text,False,core,333
ability,tochukaso,Tochukaso,none,manual,manual_text,False,core,333
ability,tolerance,Tolerance,none,manual,manual_text,False,core,333
ability,tonguelash,Tonguelash,none,manual,manual_text,False,feb2016,13
ability,torrent,Torrent,none,manual,manual_text,False,core,333
ability,tough-claws,Tough Claws,none,manual,manual_text,False,core,333
ability,toxic-boost,Toxic Boost,none,manual,hybrid,False,feb2016,11
ability,trace,Trace,none,full,machine_ready,False,core,333
ability,transporter,Transporter,none,none,metadata_only,True,feb2016,
ability,triage,Triage,none,manual,manual_text,False,sumo,5
ability,trinity,Trinity,none,manual,manual_text,False,feb2016,13
ability,truant,Truant,none,manual,manual_text,False,core,334
ability,turboblaze,Turboblaze,none,manual,manual_text,False,feb2016,11
ability,twisted-power,Twisted Power,none,manual,manual_text,False,core,334
ability,type-aura,Type Aura,none,full,machine_ready,False,feb2016,13
ability,type-strategist,Type Strategist,none,manual,hybrid,False,core,119
ability,ugly,Ugly,none,manual,manual_text,False,core,334
ability,unaware,Unaware,none,manual,manual_text,False,sumo,6
ability,unbreakable,Unbreakable,none,manual,manual_text,False,core,334
ability,unburden,Unburden,none,partial,hybrid,False,feb2016,11
ability,unnerve,Unnerve,none,manual,manual_text,False,feb2016,11
ability,vanguard,Vanguard,none,manual,manual_text,False,core,334
ability,venom,Venom,none,manual,manual_text,False,core,334
ability,vicious,Vicious,none,manual,manual_text,False,core,334
ability,victory-star,Victory Star,none,full,machine_ready,False,core,334
ability,vigor,Vigor,none,manual,manual_text,False,core,334
ability,vital-spirit,Vital Spirit,none,manual,manual_text,False,core,335
ability,volt-absorb,Volt Absorb,none,manual,hybrid,False,core,335
ability,voodoo-doll,Voodoo Doll,none,manual,manual_text,False,core,335
ability,wallmaster,Wallmaster,none,manual,manual_text,False,core,335
ability,wandering-spirit,Wandering Spirit,none,manual,manual_text,False,new,3
ability,wash-away,Wash Away,none,manual,manual_text,False,core,335
ability,water-absorb,Water Absorb,none,manual,hybrid,False,core,335
ability,water-bubble,Water Bubble,none,manual,hybrid,False,sumo,5
ability,water-compaction,Water Compaction,none,manual,manual_text,False,sumo,5
ability,water-veil,Water Veil,none,manual,manual_text,False,core,335
ability,wave-rider,Wave Rider,none,manual,manual_text,False,core,335
ability,weak-armor,Weak Armor,none,manual,manual_text,False,core,335
ability,weaponize,Weaponize,none,manual,manual_text,False,core,335
ability,weeble,Weeble,none,manual,manual_text,False,core,335
ability,weird-power,Weird power,none,manual,manual_text,False,feb2016,13
ability,whirlwind-kicks,Whirlwind Kicks,none,manual,manual_text,False,feb2016,11
ability,white-flame,White Flame,none,manual,manual_text,False,core,335
ability,white-smoke,White Smoke,none,manual,manual_text,False,core,335
ability,wily,Wily,none,manual,manual_text,False,sumo,5
ability,windveiled,Windveiled,none,partial,hybrid,False,feb2016,11
ability,winters-kiss,Winter's Kiss,none,manual,manual_text,False,core,336
ability,wishmaster,Wishmaster,none,manual,manual_text,False,core,336
ability,wistful-melody,Wistful Melody,none,manual,manual_text,False,core,336
ability,wobble,Wobble,none,manual,manual_text,False,core,336
ability,wonder-guard,Wonder Guard,none,manual,manual_text,False,core,336
ability,wonder-skin,Wonder Skin,none,manual,manual_text,False,core,336
ability,zen-mode,Zen Mode,none,manual,manual_text,False,feb2016,11
ability,zen-snowed,Zen Snowed,none,manual,manual_text,False,new,3
item,aguav-berry,Aguav Berry,none,manual,manual_text,False,core,282
item,apicot-berry,Apicot Berry,none,manual,manual_text,False,core,282
item,aspear-berry,Aspear Berry,none,manual,manual_text,False,core,282
item,babiri-berry,Babiri Berry,none,manual,manual_text,False,core,283
item,belue-berry,Belue Berry,none,manual,manual_text,False,core,282
item,bluk-berry,Bluk Berry,none,manual,manual_text,False,core,282
item,charti-berry,Charti Berry,none,manual,manual_text,False,core,283
item,cheri-berry,Cheri Berry,none,manual,manual_text,False,core,282
item,chesto-berry,Chesto Berry,none,manual,manual_text,False,core,282
item,chilan-berry,Chilan Berry,none,manual,manual_text,False,core,283
item,chople-berry,Chople Berry,none,manual,manual_text,False,core,283
item,coba-berry,Coba Berry,none,manual,manual_text,False,core,283
item,colbur-berry,Colbur Berry,none,manual,manual_text,False,core,283
item,cornn-berry,Cornn Berry,none,manual,manual_text,False,core,282
item,custap-berry,Custap Berry,none,manual,manual_text,False,core,283
item,durin-berry,Durin Berry,none,manual,manual_text,False,core,282
item,enigma-berry,Enigma Berry,none,manual,manual_text,False,core,282
item,figy-berry,Figy Berry,none,manual,manual_text,False,core,282
item,ganlon-berry,Ganlon Berry,none,manual,manual_text,False,core,282
item,grepa-berry,Grepa Berry,none,manual,manual_text,False,core,283
item,haban-berry,Haban Berry,none,manual,manual_text,False,core,283
item,hondew-berry,Hondew Berry,none,manual,manual_text,False,core,283
item,iapapa-berry,Iapapa Berry,none,manual,manual_text,False,core,282
item,jaboca-berry,Jaboca Berry,none,manual,manual_text,False,core,282
item,kasib-berry,Kasib Berry,none,manual,manual_text,False,core,283
item,kebia-berry,Kebia Berry,none,manual,manual_text,False,core,283
item,kee-berry,Kee Berry,none,manual,manual_text,False,core,283
item,kelpsy-berry,Kelpsy Berry,none,manual,manual_text,False,core,283
item,lansat-berry,Lansat Berry,none,manual,manual_text,False,core,282
item,leppa-berry,Leppa Berry,none,manual,manual_text,False,core,282
item,liechi-berry,Liechi Berry,none,manual,manual_text,False,core,282
item,lum-berry,Lum Berry,none,manual,manual_text,False,core,282
item,mago-berry,Mago Berry,none,manual,manual_text,False,core,282
item,magost-berry,Magost Berry,none,manual,manual_text,False,core,282
item,maranga-berry,Maranga Berry,none,manual,manual_text,False,core,283
item,micle-berry,Micle Berry,none,manual,manual_text,False,core,282
item,nanab-berry,Nanab Berry,none,manual,manual_text,False,core,282
item,nomel-berry,Nomel Berry,none,manual,manual_text,False,core,282
item,occa-berry,Occa Berry,none,manual,manual_text,False,core,283
item,oran-berry,Oran Berry,none,manual,manual_text,False,core,282
item,pamtre-berry,Pamtre Berry,none,manual,manual_text,False,core,282
item,passho-berry,Passho Berry,none,manual,manual_text,False,core,283
item,payapa-berry,Payapa Berry,none,manual,manual_text,False,core,283
item,pecha-berry,Pecha Berry,none,manual,manual_text,False,core,282
item,persim-berry,Persim Berry,none,manual,manual_text,False,core,282
item,petaya-berry,Petaya Berry,none,manual,manual_text,False,core,282
item,pinap-berry,Pinap Berry,none,manual,manual_text,False,core,282
item,pomeg-berry,Pomeg Berry,none,manual,manual_text,False,core,283
item,qualot-berry,Qualot Berry,none,manual,manual_text,False,core,283
item,rabuta-berry,Rabuta Berry,none,manual,manual_text,False,core,282
item,rawst-berry,Rawst Berry,none,manual,manual_text,False,core,282
item,razz-berry,Razz Berry,none,manual,manual_text,False,core,282
item,rindo-berry,Rindo Berry,none,manual,manual_text,False,core,283
item,roseli-berry,Roseli Berry,none,manual,manual_text,False,core,283
item,rowap-berry,Rowap Berry,none,manual,manual_text,False,core,282
item,salac-berry,Salac Berry,none,manual,manual_text,False,core,282
item,shuca-berry,Shuca Berry,none,manual,manual_text,False,core,283
item,sitrus-berry,Sitrus Berry,none,manual,manual_text,False,core,282
item,spelon-berry,Spelon Berry,none,manual,manual_text,False,core,282
item,starf-berry,Starf Berry,none,manual,manual_text,False,core,282
item,tamato-berry,Tamato Berry,none,manual,manual_text,False,core,283
item,tanga-berry,Tanga Berry,none,manual,manual_text,False,core,283
item,wacan-berry,Wacan Berry,none,manual,manual_text,False,core,283
item,watmel-berry,Watmel Berry,none,manual,manual_text,False,core,282
item,wepear-berry,Wepear Berry,none,manual,manual_text,False,core,282
item,wiki-berry,Wiki Berry,none,manual,manual_text,False,core,282
item,yache-berry,Yache Berry,none,manual,manual_text,False,core,283
item,caltrops-toxic-caltrops,Caltrops & Toxic Caltrops,none,manual,manual_text,False,core,302
item,cleanse-tags,Cleanse Tags,none,manual,manual_text,False,core,302
item,dream-mist,Dream Mist,none,manual,manual_text,False,core,302
item,magic-flute,Magic Flute,none,manual,manual_text,False,core,302
item,pester-balls,Pester Balls,none,manual,manual_text,False,core,302
item,smoke-ball,Smoke Ball,none,manual,manual_text,False,core,302
item,chemistry-set,Chemistry Set,none,manual,manual_text,False,core,284
item,cooking-set,Cooking Set,none,manual,manual_text,False,core,284
item,dowsing-rod,Dowsing Rod,none,manual,manual_text,False,core,284
item,poffin-mixer,Poffin Mixer,none,manual,manual_text,False,core,284
item,poke-ball-tool-box,Poké Ball Tool Box,none,manual,manual_text,False,core,284
item,portable-grower-berry-planter,Portable Grower / Berry Planter,none,manual,manual_text,False,core,284
item,capture-styler,Capture Styler,none,manual,manual_text,False,core,294
item,dark-vision-goggles,Dark Vision Goggles,none,full,machine_ready,False,core,293
item,fancy-clothes,Fancy Clothes,none,manual,manual_text,False,core,293
item,fishing-rod,Fishing Rod,none,manual,manual_text,False,core,294
item,flippers,Flippers,none,manual,manual_text,False,core,293
item,focus,Focus,none,manual,manual_text,False,core,295
item,gas-mask,Gas Mask,none,manual,manual_text,False,core,293
item,glue-cannon,Glue Cannon,none,manual,manual_text,False,core,294
item,glue-cannon-charge,Glue Cannon Charge,none,manual,manual_text,False,core,294
item,good-rod,Good Rod,none,manual,manual_text,False,core,294
item,hand-net,Hand Net,none,manual,manual_text,False,core,294
item,hand-net-100-hp,Hand Net - 100 HP,none,manual,manual_text,False,core,294
item,hand-net-200-hp,Hand Net - 200 HP,none,manual,manual_text,False,core,294
item,hand-net-50-hp,Hand Net - 50 HP,none,manual,manual_text,False,core,294
item,heavy-armor,Heavy Armor,none,manual,manual_text,False,core,293
item,heavy-shield,Heavy Shield,none,manual,manual_text,False,core,294
item,helmet,Helmet,none,manual,manual_text,False,core,293
item,jungle-boots,Jungle Boots,none,manual,manual_text,False,core,293
item,light-armor,Light Armor,none,manual,manual_text,False,core,293
item,light-shield,Light Shield,none,manual,manual_text,False,core,294
item,mega-ring,Mega Ring,none,manual,manual_text,False,core,295
item,old-rod,Old Rod,none,manual,manual_text,False,core,294
item,re-breather,Re-Breather,none,manual,manual_text,False,core,293
item,running-shoes,Running Shoes,none,full,machine_ready,False,core,293
item,snag-machine,Snag Machine,none,manual,manual_text,False,core,295
item,snow-boots,Snow Boots,none,manual,manual_text,False,core,293
item,stealth-clothes,Stealth Clothes,none,manual,manual_text,False,core,293
item,sunglasses,Sunglasses,none,manual,manual_text,False,core,293
item,super-rod,Super Rod,none,manual,manual_text,False,core,294
item,weighted-net-150-hp,Weighted Net - 150 HP,none,manual,manual_text,False,core,294
item,weighted-net-50-hp,Weighted Net - 50 HP,none,manual,manual_text,False,core,294
item,weighted-net-80-hp,Weighted Net - 80 HP,none,manual,manual_text,False,core,294
item,weighted-nets,Weighted Nets,none,manual,manual_text,False,core,294
item,wonder-launcher,Wonder Launcher,none,manual,manual_text,False,core,295
item,dawn-stone,Dawn Stone,none,manual,manual_text,False,core,298
item,deepseascale-deepseatooth,Deepseascale/ Deepseatooth,none,manual,manual_text,False,core,298
item,dragon-scale,Dragon Scale,none,manual,manual_text,False,core,298
item,dubious-disc,Dubious Disc,none,manual,manual_text,False,core,298
item,dusk-stone,Dusk Stone,none,manual,manual_text,False,core,298
item,electirizer,Electirizer,none,manual,manual_text,False,core,298
item,fire-stone,Fire Stone,none,manual,manual_text,False,core,298
item,leaf-stone,Leaf Stone,none,manual,manual_text,False,core,298
item,magmarizer,Magmarizer,none,manual,manual_text,False,core,298
item,metal-coat,Metal Coat,none,manual,manual_text,False,core,298
item,moon-stone,Moon Stone,none,manual,manual_text,False,core,298
item,oval-stone,Oval Stone,none,manual,manual_text,False,core,298
item,protector,Protector,none,manual,manual_text,False,core,298
item,razor-claw,Razor Claw,none,manual,manual_text,False,core,298
item,razor-fang,Razor Fang,none,manual,manual_text,False,core,298
item,reaper-cloth,Reaper Cloth,none,manual,manual_text,False,core,298
item,sachet,Sachet,none,manual,manual_text,False,core,298
item,shiny-stone,Shiny Stone,none,manual,manual_text,False,core,298
item,sun-stone,Sun Stone,none,manual,manual_text,False,core,298
item,thunder-stone,Thunder Stone,none,manual,manual_text,False,core,298
item,up-grade,Up-Grade,none,manual,manual_text,False,core,298
item,water-stone,Water Stone,none,manual,manual_text,False,core,298
item,whipped-dream,Whipped Dream,none,manual,manual_text,False,core,298
item,black-sludge,Black Sludge,none,manual,manual_text,False,core,278
item,candy-bar,Candy Bar,none,manual,manual_text,False,core,278
item,honey,Honey,none,manual,manual_text,False,core,278
item,leftovers,Leftovers,none,manual,manual_text,False,core,278
item,hm-a1-cut,HM A1 - Cut,none,manual,manual_text,False,core,301
item,hm-a2-fly,HM A2 - Fly,none,manual,manual_text,False,core,301
item,hm-a3-surf,HM A3 - Surf,none,manual,manual_text,False,core,301
item,hm-a4-strength,HM A4 - Strength,none,manual,manual_text,False,core,301
item,hm-a5-waterfall,HM A5 - Waterfall,none,manual,manual_text,False,core,301
item,hm-a6-dive,HM A6 - Dive,none,manual,manual_text,False,core,301
item,big-root,Big Root,none,manual,manual_text,False,core,296
item,bright-powder,Bright Powder,none,manual,manual_text,False,core,296
item,choice-item,Choice Item,none,manual,hybrid,False,core,296
item,contest-accessory,Contest Accessory,none,manual,manual_text,False,core,296
item,contest-fashion,Contest Fashion,none,manual,manual_text,False,core,296
item,everstone,Everstone,none,manual,manual_text,False,core,296
item,eviolite,Eviolite,none,manual,manual_text,False,core,296
item,expert-belt,Expert Belt,none,manual,manual_text,False,core,296
item,flame-orb,Flame Orb,none,manual,manual_text,False,core,296
item,focus-band,Focus Band,none,manual,manual_text,False,core,296
item,focus-sash,Focus Sash,none,manual,manual_text,False,core,296
item,full-incense,Full Incense,none,manual,manual_text,False,core,296
item,go-goggles,Go-Goggles,none,manual,manual_text,False,core,296
item,iron-ball,Iron Ball,none,manual,manual_text,False,core,296
item,kings-rock,King's Rock,none,manual,manual_text,False,core,296
item,balm-mushroom,Balm Mushroom**,none,manual,manual_text,False,core,281
item,big-mushroom,Big Mushroom**,none,manual,hybrid,False,core,281
item,mental-herb,Mental Herb,none,manual,manual_text,False,core,281
item,power-herb,Power Herb,none,manual,manual_text,False,core,281
item,tiny-mushroom,Tiny Mushroom**,none,manual,manual_text,False,core,281
item,white-herb,White Herb,none,manual,manual_text,False,core,281
item,antidote,Antidote,none,manual,manual_text,False,core,276
item,bandages,Bandages,none,manual,manual_text,False,core,277
item,burn-heal,Burn Heal,none,manual,manual_text,False,core,276
item,dire-hit,Dire Hit,none,manual,manual_text,False,core,276
item,energy-powder,Energy Powder,none,manual,manual_text,False,core,276
item,energy-root,Energy Root,none,manual,manual_text,False,core,276
item,full-heal,Full Heal,none,manual,manual_text,False,core,276
item,full-restore,Full Restore,none,manual,manual_text,False,core,276
item,guard-spec,Guard Spec,none,manual,manual_text,False,core,276
item,heal-powder,Heal Powder,none,manual,manual_text,False,core,276
item,hyper-potion,Hyper Potion,none,manual,manual_text,False,core,276
item,ice-heal,Ice Heal,none,manual,manual_text,False,core,276
item,paralyze-heal,Paralyze Heal,none,manual,manual_text,False,core,276
item,potion,Potion,none,manual,manual_text,False,core,276
item,poultices,Poultices,none,manual,manual_text,False,core,277
item,revival-herb,Revival Herb,none,manual,manual_text,False,core,276
item,revive,Revive,none,manual,manual_text,False,core,276
item,super-potion,Super Potion,none,manual,manual_text,False,core,276
item,x-accuracy,X Accuracy,none,manual,manual_text,False,core,276
item,x-attack,X Attack,none,manual,manual_text,False,core,276
item,x-defend,X Defend,none,manual,manual_text,False,core,276
item,x-sp-def,X Sp. Def,none,manual,manual_text,False,core,276
item,x-special,X Special,none,manual,manual_text,False,core,276
item,x-speed,X Speed,none,manual,manual_text,False,core,276
item,basic-ball,Basic Ball,none,manual,manual_text,False,core,272
item,cherish-ball,Cherish Ball,none,manual,manual_text,False,core,273
item,dive-ball,Dive Ball,none,manual,manual_text,False,core,272
item,dusk-ball,Dusk Ball,none,manual,manual_text,False,core,273
item,fast-ball,Fast Ball,none,manual,manual_text,False,core,272
item,friend-ball,Friend Ball,none,manual,manual_text,False,core,272
item,great-ball,Great Ball,none,manual,manual_text,False,core,272
item,heal-ball,Heal Ball,none,manual,manual_text,False,core,273
item,heavy-ball,Heavy Ball,none,manual,manual_text,False,core,272
item,level-ball,Level Ball,none,manual,manual_text,False,core,272
item,love-ball,Love Ball,none,manual,manual_text,False,core,272
item,lure-ball,Lure Ball,none,manual,manual_text,False,core,272
item,luxury-ball,Luxury Ball,none,manual,manual_text,False,core,272
item,master-ball,Master Ball,none,manual,manual_text,False,core,272
item,moon-ball,Moon Ball,none,manual,manual_text,False,core,272
item,nest-ball,Nest Ball,none,manual,manual_text,False,core,272
item,net-ball,Net Ball,none,manual,manual_text,False,core,272
item,park-ball,Park Ball,none,manual,manual_text,False,core,273
item,premier-ball,Premier Ball,none,manual,manual_text,False,core,272
item,quick-ball,Quick Ball,none,manual,manual_text,False,core,273
item,repeat-ball,Repeat Ball,none,manual,manual_text,False,core,272
item,safari-ball,Safari Ball,none,manual,manual_text,False,core,272
item,sport-ball,Sport Ball,none,manual,manual_text,False,core,272
item,timer-ball,Timer Ball,none,manual,manual_text,False,core,272
item,ultra-ball,Ultra Ball,none,manual,manual_text,False,core,272
item,egg-warmer,Egg Warmer,none,manual,manual_text,False,core,298
item,groomers-kit,Groomer's Kit,none,manual,manual_text,False,core,298
item,reanimation-machine,Reanimation Machine,none,manual,manual_text,False,core,298
item,enriched-water,Enriched Water,none,manual,manual_text,False,core,279
item,moomoo-milk,MooMoo Milk,none,manual,manual_text,False,core,279
item,shuckles-berry-juice,Shuckle's Berry Juice,none,manual,manual_text,False,core,279
item,sparkling-lemonade,Sparkling Lemonade,none,manual,manual_text,False,core,279
item,super-soda-pop,Super Soda Pop,none,manual,manual_text,False,core,279
item,max-repel,Max Repel,none,manual,manual_text,False,core,275
item,repel,Repel,none,manual,manual_text,False,core,275
item,super-repel,Super Repel,none,manual,manual_text,False,core,275
item,heart-scale,Heart Scale,none,manual,manual_text,False,core,299
item,rare-candy,Rare Candy,none,manual,manual_text,False,core,299
item,stat-suppressants,Stat Suppressants,none,manual,manual_text,False,core,299
item,tm-01-hone-claws,TM 01 - Hone Claws,none,manual,manual_text,False,core,301
item,tm-02-dragon-claw,TM 02 - Dragon Claw,none,manual,manual_text,False,core,301
item,tm-03-psyshock,TM 03 - Psyshock,none,manual,manual_text,False,core,301
item,tm-04-calm-mind,TM 04 - Calm Mind,none,manual,manual_text,False,core,301
item,tm-05-roar,TM 05 - Roar,none,manual,manual_text,False,core,301
item,tm-06-toxic,TM 06 - Toxic,none,manual,manual_text,False,core,301
item,tm-07-hail,TM 07 - Hail,none,manual,manual_text,False,core,301
item,tm-08-bulk-up,TM 08 - Bulk Up,none,manual,manual_text,False,core,301
item,tm-09-venoshock,TM 09 - Venoshock,none,manual,manual_text,False,core,301
item,tm-10-hidden-power,TM 10 - Hidden Power,none,manual,manual_text,False,core,301
item,tm-100-confide,TM 100 - Confide,none,manual,manual_text,False,core,301
item,tm-11-sunny-day,TM 11 - Sunny Day,none,manual,manual_text,False,core,301
item,tm-12-taunt,TM 12 - Taunt,none,manual,manual_text,False,core,301
item,tm-13-ice-beam,TM 13 - Ice Beam,none,manual,manual_text,False,core,301
item,tm-14-blizzard,TM 14 - Blizzard,none,manual,manual_text,False,core,301
item,tm-15-hyper-beam,TM 15 - Hyper Beam,none,manual,manual_text,False,core,301
item,tm-16-light-screen,TM 16 - Light Screen,none,manual,manual_text,False,core,301
item,tm-17-protect,TM 17 - Protect,none,manual,manual_text,False,core,301
item,tm-18-rain-dance,TM 18 - Rain Dance,none,manual,manual_text,False,core,301
item,tm-19-roost,TM 19 - Roost,none,manual,manual_text,False,core,301
item,tm-20-safeguard,TM 20 - Safeguard,none,manual,manual_text,False,core,301
item,tm-21-frustration,TM 21 - Frustration,none,manual,manual_text,False,core,301
item,tm-22-solarbeam,TM 22 - Solarbeam,none,manual,manual_text,False,core,301
item,tm-23-smack-down,TM 23 - Smack Down,none,manual,manual_text,False,core,301
item,tm-24-thunderbolt,TM 24 - Thunderbolt,none,manual,manual_text,False,core,301
item,tm-25-thunder,TM 25 - Thunder,none,manual,manual_text,False,core,301
item,tm-26-earthquake,TM 26 - Earthquake,none,manual,manual_text,False,core,301
item,tm-27-return,TM 27 - Return,none,manual,manual_text,False,core,301
item,tm-28-dig,TM 28 - Dig,none,manual,manual_text,False,core,301
item,tm-29-psychic,TM 29 - Psychic,none,manual,manual_text,False,core,301
item,tm-30-shadow-ball,TM 30 - Shadow Ball,none,manual,manual_text,False,core,301
item,tm-31-brick-break,TM 31 - Brick Break,none,manual,manual_text,False,core,301
item,tm-32-double-team,TM 32 - Double Team,none,manual,manual_text,False,core,301
item,tm-33-reflect,TM 33 - Reflect,none,manual,manual_text,False,core,301
item,tm-34-sludge-wave,TM 34 - Sludge Wave,none,manual,manual_text,False,core,301
item,tm-35-flamethrower,TM 35 - Flamethrower,none,manual,manual_text,False,core,301
item,tm-36-sludge-bomb,TM 36 - Sludge Bomb,none,manual,manual_text,False,core,301
item,tm-37-sandstorm,TM 37 - Sandstorm,none,manual,manual_text,False,core,301
item,tm-38-fire-blast,TM 38 - Fire Blast,none,manual,manual_text,False,core,301
item,tm-39-rock-tomb,TM 39 - Rock Tomb,none,manual,manual_text,False,core,301
item,tm-40-aerial-ace,TM 40 - Aerial Ace,none,manual,manual_text,False,core,301
item,tm-41-torment,TM 41 - Torment,none,manual,manual_text,False,core,301
item,tm-42-facade,TM 42 - Facade,none,manual,manual_text,False,core,301
item,tm-43-flame-charge,TM 43 - Flame Charge,none,manual,manual_text,False,core,301
item,tm-44-rest,TM 44 - Rest,none,manual,manual_text,False,core,301
item,tm-45-attract,TM 45 - Attract,none,manual,manual_text,False,core,301
item,tm-46-thief,TM 46 - Thief,none,manual,manual_text,False,core,301
item,tm-47-low-sweep,TM 47 - Low Sweep,none,manual,manual_text,False,core,301
item,tm-48-round,TM 48 - Round,none,manual,manual_text,False,core,301
item,tm-49-echoed-voice,TM 49 - Echoed Voice,none,manual,manual_text,False,core,301
item,tm-50-overheat,TM 50 - Overheat,none,manual,manual_text,False,core,301
item,tm-51-steel-wing,TM 51 - Steel Wing,none,manual,manual_text,False,core,301
item,tm-52-focus-blast,TM 52 - Focus Blast,none,manual,manual_text,False,core,301
item,tm-53-energy-ball,TM 53 - Energy Ball,none,manual,manual_text,False,core,301
item,tm-54-false-swipe,TM 54 - False Swipe,none,manual,manual_text,False,core,301
item,tm-55-scald,TM 55 - Scald,none,manual,manual_text,False,core,301
item,tm-56-fling,TM 56 - Fling,none,manual,manual_text,False,core,301
item,tm-57-charge-beam,TM 57 - Charge Beam,none,manual,manual_text,False,core,301
item,tm-58-sky-drop,TM 58 - Sky Drop,none,manual,manual_text,False,core,301
item,tm-59-incinerate,TM 59 - Incinerate,none,manual,manual_text,False,core,301
item,tm-60-quash,TM 60 - Quash,none,manual,manual_text,False,core,301
item,tm-61-will-o-wisp,TM 61 - Will-O-Wisp,none,manual,manual_text,False,core,301
item,tm-62-acrobatics,TM 62 - Acrobatics,none,manual,manual_text,False,core,301
item,tm-63-embargo,TM 63 - Embargo,none,manual,manual_text,False,core,301
item,tm-64-explosion,TM 64 - Explosion,none,manual,manual_text,False,core,301
item,tm-65-shadow-claw,TM 65 - Shadow Claw,none,manual,manual_text,False,core,301
item,tm-66-payback,TM 66 - Payback,none,manual,manual_text,False,core,301
item,tm-67-retaliate,TM 67 - Retaliate,none,manual,manual_text,False,core,301
item,tm-68-giga-impact,TM 68 - Giga Impact,none,manual,manual_text,False,core,301
item,tm-69-rock-polish,TM 69 - Rock Polish,none,manual,manual_text,False,core,301
item,tm-70-flash,TM 70 - Flash,none,manual,manual_text,False,core,301
item,tm-71-stone-edge,TM 71 - Stone Edge,none,manual,manual_text,False,core,301
item,tm-72-volt-switch,TM 72 - Volt Switch,none,manual,manual_text,False,core,301
item,tm-73-thunder-wave,TM 73 - Thunder Wave,none,manual,manual_text,False,core,301
item,tm-74-gyro-ball,TM 74 - Gyro Ball,none,manual,manual_text,False,core,301
item,tm-75-swords-dance,TM 75 - Swords Dance,none,manual,manual_text,False,core,301
item,tm-76-struggle-bug,TM 76 - Struggle Bug,none,manual,manual_text,False,core,301
item,tm-77-psych-up,TM 77 - Psych Up,none,manual,manual_text,False,core,301
item,tm-78-bulldoze,TM 78 - Bulldoze,none,manual,manual_text,False,core,301
item,tm-79-frost-breath,TM 79 - Frost Breath,none,manual,manual_text,False,core,301
item,tm-80-rock-slide,TM 80 - Rock Slide,none,manual,manual_text,False,core,301
item,tm-81-x-scissor,TM 81 - X-Scissor,none,manual,manual_text,False,core,301
item,tm-82-dragon-tail,TM 82 - Dragon Tail,none,manual,manual_text,False,core,301
item,tm-83-infestation,TM 83 - Infestation,none,manual,manual_text,False,core,301
item,tm-84-poison-jab,TM 84 - Poison Jab,none,manual,manual_text,False,core,301
item,tm-85-dream-eater,TM 85 - Dream Eater,none,manual,manual_text,False,core,301
item,tm-86-grass-knot,TM 86 - Grass Knot,none,manual,manual_text,False,core,301
item,tm-87-swagger,TM 87 - Swagger,none,manual,manual_text,False,core,301
item,tm-88-sleep-talk,TM 88 - Sleep Talk,none,manual,manual_text,False,core,301
item,tm-89-u-turn,TM 89 - U-Turn,none,manual,manual_text,False,core,301
item,tm-90-substitute,TM 90 - Substitute,none,manual,manual_text,False,core,301
item,tm-91-flash-cannon,TM 91 - Flash Cannon,none,manual,manual_text,False,core,301
item,tm-92-trick-room,TM 92 - Trick Room,none,manual,manual_text,False,core,301
item,tm-93-wild-charge,TM 93 - Wild Charge,none,manual,manual_text,False,core,301
item,tm-94-rock-smash,TM 94 - Rock Smash,none,manual,manual_text,False,core,301
item,tm-95-snarl,TM 95 - Snarl,none,manual,manual_text,False,core,301
item,tm-96-nature-power,TM 96 - Nature Power,none,manual,manual_text,False,core,301
item,tm-97-dark-pulse,TM 97 - Dark Pulse,none,manual,manual_text,False,core,301
item,tm-98-power-up-punch,TM 98 - Power-Up Punch,none,manual,manual_text,False,core,301
item,tm-99-dazzling-gleam,TM 99 - Dazzling Gleam,none,manual,manual_text,False,core,301
item,bait,Bait,none,manual,manual_text,False,core,274
item,basic-rope,Basic Rope,none,manual,manual_text,False,core,274
item,collection-jar,Collection Jar,none,manual,manual_text,False,core,274
item,first-aid-kit,First Aid Kit,none,manual,manual_text,False,core,274
item,fishing-lure,Fishing Lure,none,manual,manual_text,False,core,274
item,flashlight,Flashlight,none,manual,manual_text,False,core,274
item,lighter,Lighter,none,manual,manual_text,False,core,274
item,saddle,Saddle,none,manual,manual_text,False,core,274
item,sleeping-bag,Sleeping Bag,none,manual,manual_text,False,core,274
item,sturdy-rope,Sturdy Rope,none,manual,manual_text,False,core,274
item,tents,Tents,none,manual,manual_text,False,core,274
item,utility-rope,Utility Rope,none,manual,manual_text,False,core,274
item,water-filter,Water Filter,none,manual,manual_text,False,core,274
item,calcium,Calcium,none,manual,manual_text,False,core,299
item,carbos,Carbos,none,manual,manual_text,False,core,299
item,heart-booster,Heart Booster,none,manual,manual_text,False,core,299
item,hp-up,HP Up,none,manual,manual_text,False,core,299
item,iron,Iron,none,manual,manual_text,False,core,299
item,pp-up,PP Up,none,manual,manual_text,False,core,299
item,protein,Protein,none,manual,manual_text,False,core,299
item,zinc,Zinc,none,manual,manual_text,False,core,299
move,absorb,Absorb,none,manual,manual_text,False,core,380
move,accelerock,Accelerock,none,none,metadata_only,False,sumo,22
move,acid,Acid,none,full,machine_ready,False,core,414
move,acid-armor,Acid Armor,none,manual,manual_text,False,core,414
move,acid-spray,Acid Spray,none,full,machine_ready,False,core,414
move,acrobatics,Acrobatics,none,manual,manual_text,False,core,373
move,acupressure,Acupressure,none,partial,hybrid,False,core,391
move,aerial-ace,Aerial Ace,none,manual,manual_text,False,core,373
move,aeroblast,Aeroblast,none,manual,manual_text,False,core,373
move,after-you,After You,none,manual,manual_text,False,core,391
move,agility,Agility,none,full,machine_ready,False,core,418
move,air-cutter,Air Cutter,none,manual,manual_text,False,core,373
move,air-slash,Air Slash,none,manual,manual_text,False,core,373
move,ally-switch,Ally Switch,none,manual,manual_text,False,core,418
move,amnesia,Amnesia,none,full,machine_ready,False,core,418
move,anchor-shot,Anchor Shot,none,partial,hybrid,False,sumo,23
move,ancient-power,Ancient Power,none,manual,manual_text,False,core,426
move,apple-acid,Apple Acid,none,full,machine_ready,False,new,11
move,aqua-jet,Aqua Jet,none,full,manual_text,False,core,432
move,aqua-ring,Aqua Ring,none,manual,manual_text,False,core,432
move,aqua-tail,Aqua Tail,none,full,manual_text,False,core,432
move,arcane-fury,Arcane Fury,none,full,machine_ready,False,got,44
move,arcane-ray,Arcane Ray,none,manual,manual_text,False,edit,54
move,arcane-storm,Arcane Storm,none,full,machine_ready,False,got,45
move,arm-thrust,Arm Thrust,none,full,manual_text,False,core,363
move,aromatherapy,Aromatherapy,none,manual,manual_text,False,core,380
move,aromatic-mist,Aromatic Mist,none,manual,manual_text,False,core,360
move,assist,Assist,none,manual,manual_text,False,core,391
move,assurance,Assurance,none,manual,manual_text,False,core,350
move,astonish,Astonish,none,manual,manual_text,False,core,377
move,attack-order,Attack Order,none,manual,manual_text,False,core,337
move,attract,Attract,none,manual,manual_text,False,core,391
move,aura-sphere,Aura Sphere,none,manual,manual_text,False,core,363
move,aura-wheel,Aura Wheel,none,full,machine_ready,False,new,7
move,aurora-beam,Aurora Beam,none,full,machine_ready,False,core,388
move,aurora-veil,Aurora Veil,none,manual,manual_text,False,sumo,18
move,autotomize,Autotomize,none,manual,hybrid,False,core,429
move,avalanche,Avalanche,none,manual,manual_text,False,core,388
move,baby-doll-eyes,Baby-Doll Eyes,none,full,machine_ready,False,core,360
move,backswing,Backswing,none,full,manual_text,False,core,288
move,bane,Bane,none,manual,manual_text,False,got,45
move,baneful-bunker,Baneful Bunker,none,manual,hybrid,False,sumo,20
move,barrage,Barrage,none,full,manual_text,False,core,391
move,barrier,Barrier,none,manual,manual_text,False,core,418
move,bash,Bash!,none,manual,manual_text,False,core,288
move,baton-pass,Baton Pass,none,manual,hybrid,False,core,391
move,beak-blast,Beak Blast,none,manual,hybrid,False,sumo,14
move,beat-up,Beat Up,none,manual,manual_text,False,core,350
move,behemoth-bash,Behemoth Bash,none,manual,manual_text,False,new,15
move,behemoth-blade,Behemoth Blade,none,manual,manual_text,False,new,15
move,belch,Belch,none,manual,manual_text,False,core,414
move,belly-drum,Belly Drum,none,manual,manual_text,False,core,391
move,bestow,Bestow,none,manual,manual_text,False,core,392
move,bide,Bide,none,manual,manual_text,False,core,392
move,bind,Bind,none,manual,hybrid,True,core,392
move,bite,Bite,none,manual,manual_text,False,core,350
move,blade-trap,Blade Trap,none,manual,hybrid,False,got,34
move,blast-burn,Blast Burn,none,full,manual_text,False,core,369
move,blaze-kick,Blaze Kick,none,manual,manual_text,False,core,369
move,bleed,Bleed!,none,manual,manual_text,False,core,290
move,blizzard,Blizzard,none,manual,manual_text,False,core,388
move,block,Block,none,full,machine_ready,False,core,392
move,blue-flare,Blue Flare,none,manual,manual_text,False,core,369
move,body-press,Body Press,none,manual,manual_text,False,new,9
move,body-slam,Body Slam,none,manual,manual_text,False,core,392
move,bolt-beak,Bolt Beak,none,manual,manual_text,False,new,7
move,bolt-strike,Bolt Strike,none,manual,manual_text,False,core,356
move,bone-club,Bone Club,none,manual,manual_text,False,core,385
move,bone-rush,Bone Rush,none,full,manual_text,False,core,385
move,bonemerang,Bonemerang,none,full,manual_text,False,core,385
move,boomburst,Boomburst,none,full,manual_text,False,core,392
move,bounce,Bounce,none,partial,hybrid,False,core,373
move,branch-poke,Branch Poke,none,none,metadata_only,False,new,11
move,brave-bird,Brave Bird,none,manual,manual_text,False,core,373
move,breaking-swipe,Breaking Swipe,none,full,machine_ready,False,new,6
move,brick-break,Brick Break,none,manual,manual_text,False,core,363
move,brine,Brine,none,manual,manual_text,False,core,432
move,brutal-swing,Brutal Swing,none,none,metadata_only,False,sumo,8
move,bubble,Bubble,none,manual,manual_text,False,core,432
move,bubble-beam,Bubble Beam,none,manual,manual_text,False,core,432
move,bug-bite,Bug Bite,none,manual,manual_text,False,core,346
move,bug-buzz,Bug Buzz,none,manual,manual_text,False,core,346
move,bulk-up,Bulk Up,none,full,machine_ready,False,core,363
move,bulldoze,Bulldoze,none,manual,manual_text,False,core,385
move,bullet-punch,Bullet Punch,none,manual,manual_text,False,core,429
move,bullet-seed,Bullet Seed,none,full,manual_text,False,core,380
move,bullseye,Bullseye,none,manual,manual_text,False,core,288
move,burn-up,Burn Up,none,manual,manual_text,False,sumo,13
move,calm-mind,Calm Mind,none,full,machine_ready,False,core,418
move,camouflage,Camouflage,none,manual,manual_text,False,core,392
move,captivate,Captivate,none,partial,hybrid,False,core,393
move,charge,Charge,none,partial,hybrid,False,core,356
move,charge-beam,Charge Beam,none,partial,hybrid,False,core,356
move,charm,Charm,none,full,machine_ready,False,core,360
move,chatter,Chatter,none,manual,manual_text,False,core,373
move,cheap-shot,Cheap Shot,none,manual,manual_text,False,core,288
move,chip-away,Chip Away,none,manual,manual_text,False,core,393
move,circle-throw,Circle Throw,none,manual,manual_text,False,core,363
move,clamp,Clamp,none,manual,hybrid,True,core,432
move,clanging-scales,Clanging Scales,none,partial,hybrid,False,sumo,9
move,clangorous-soul,Clangorous Soul,none,manual,manual_text,False,new,6
move,clear-smog,Clear Smog,none,manual,manual_text,False,core,414
move,close-combat,Close Combat,none,manual,manual_text,False,core,363
move,coil,Coil,none,full,machine_ready,False,core,414
move,comet-punch,Comet Punch,none,full,manual_text,False,core,393
move,cone-of-force,Cone of Force,none,manual,manual_text,False,got,45
move,confide,Confide,none,full,machine_ready,False,core,393
move,confuse-ray,Confuse Ray,none,full,machine_ready,False,core,377
move,confusion,Confusion,none,manual,manual_text,False,core,418
move,constrict,Constrict,none,partial,hybrid,False,core,393
move,conversion,Conversion,none,manual,manual_text,False,core,393
move,conversion2,Conversion2,none,manual,manual_text,False,core,393
move,copycat,Copycat,none,manual,manual_text,False,core,393
move,core-enforcer,Core Enforcer,none,manual,hybrid,False,sumo,9
move,cosmic-power,Cosmic Power,none,full,machine_ready,False,core,419
move,cotton-guard,Cotton Guard,none,full,machine_ready,False,core,380
move,cotton-spore,Cotton Spore,none,manual,manual_text,False,core,380
move,counter,Counter,none,manual,manual_text,False,core,363
move,court-change,Court Change,none,manual,manual_text,False,new,12
move,covet,Covet,none,manual,manual_text,False,core,394
move,crabhammer,Crabhammer,none,manual,manual_text,False,core,432
move,crafty-shield,Crafty Shield,none,manual,manual_text,False,core,360
move,cross-chop,Cross Chop,none,manual,manual_text,False,core,364
move,cross-poison,Cross Poison,none,manual,manual_text,False,core,414
move,crunch,Crunch,none,full,machine_ready,False,core,350
move,crush-claw,Crush Claw,none,full,machine_ready,False,core,394
move,crush-grip,Crush Grip,none,manual,manual_text,False,core,394
move,curse,Curse,none,manual,hybrid,False,core,377
move,cut,Cut,none,manual,manual_text,False,core,394
move,dark-pulse,Dark Pulse,none,manual,manual_text,False,core,350
move,dark-void,Dark Void,none,manual,manual_text,False,sumo,8
move,darkest-lariat,Darkest Lariat,none,manual,manual_text,False,sumo,8
move,dazzling-gleam,Dazzling Gleam,none,full,manual_text,False,core,360
move,deadly-strike,Deadly Strike,none,manual,manual_text,False,core,290
move,decorate,Decorate,none,manual,manual_text,False,new,8
move,defend-order,Defend Order,none,full,machine_ready,False,core,346
move,defense-curl,Defense Curl,none,partial,hybrid,False,sep2015,4
move,defog,Defog,none,manual,manual_text,False,core,374
move,destiny-bond,Destiny Bond,none,manual,manual_text,False,core,377
move,detect,Detect,none,manual,manual_text,False,core,364
move,diamond-storm,Diamond Storm,none,full,machine_ready,False,core,426
move,dig,Dig,none,manual,manual_text,False,core,385
move,disable,Disable,none,manual,manual_text,False,core,394
move,disarming-voice,Disarming Voice,none,manual,manual_text,False,core,360
move,discharge,Discharge,none,manual,manual_text,False,core,356
move,dive,Dive,none,manual,manual_text,False,core,433
move,dizzy-punch,Dizzy Punch,none,manual,manual_text,False,core,394
move,doom-desire,Doom Desire,none,manual,manual_text,False,core,429
move,double-hit,Double Hit,none,full,manual_text,False,core,395
move,double-iron-bash,Double Iron Bash,none,manual,manual_text,False,new,15
move,double-kick,Double Kick,none,full,manual_text,False,core,364
move,double-slap,Double Slap,none,full,manual_text,False,core,395
move,double-swipe,Double Swipe,none,manual,manual_text,False,core,288
move,double-team,Double Team,none,manual,manual_text,False,core,395
move,double-edge,Double-Edge,none,full,manual_text,False,core,395
move,draco-meteor,Draco Meteor,none,full,machine_ready,False,core,354
move,dragon-ascent,Dragon Ascent,none,manual,manual_text,False,core,374
move,dragon-breath,Dragon Breath,none,manual,manual_text,False,core,354
move,dragon-claw,Dragon Claw,none,full,manual_text,False,core,354
move,dragon-dance,Dragon Dance,none,full,machine_ready,False,core,354
move,dragon-darts,Dragon Darts,none,none,metadata_only,False,new,6
move,dragon-hammer,Dragon Hammer,none,none,metadata_only,False,sumo,9
move,dragon-pulse,Dragon Pulse,none,full,manual_text,False,core,354
move,dragon-rage,Dragon Rage,none,manual,manual_text,False,core,354
move,dragon-rush,Dragon Rush,none,manual,manual_text,False,core,354
move,dragon-tail,Dragon Tail,none,manual,manual_text,False,core,354
move,drain-punch,Drain Punch,none,manual,manual_text,False,core,364
move,draining-kiss,Draining Kiss,none,manual,manual_text,False,core,360
move,dream-eater,Dream Eater,none,manual,manual_text,False,core,419
move,drill-peck,Drill Peck,none,full,manual_text,False,core,374
move,drill-run,Drill Run,none,manual,manual_text,False,core,385
move,drum-beating,Drum Beating,none,full,machine_ready,False,new,11
move,dual-chop,Dual Chop,none,full,manual_text,False,core,355
move,dynamax-cannon,Dynamax Cannon,none,manual,manual_text,False,new,6
move,dynamic-punch,Dynamic Punch,none,manual,manual_text,False,core,364
move,earth-power,Earth Power,none,manual,manual_text,False,core,385
move,earthquake,Earthquake,none,manual,manual_text,False,core,386
move,echoed-voice,Echoed Voice,none,manual,manual_text,False,core,395
move,eerie-impulse,Eerie Impulse,none,full,machine_ready,False,core,356
move,egg-bomb,Egg Bomb,none,manual,manual_text,False,core,395
move,electric-terrain,Electric Terrain,none,manual,hybrid,False,core,356
move,electrify,Electrify,none,manual,manual_text,False,core,356
move,electro-ball,Electro Ball,none,manual,manual_text,False,core,357
move,electroweb,Electroweb,none,manual,manual_text,False,core,357
move,embargo,Embargo,none,manual,manual_text,False,core,350
move,ember,Ember,none,manual,manual_text,False,core,369
move,encore,Encore,none,partial,hybrid,False,core,395
move,endeavor,Endeavor,none,manual,manual_text,False,core,395
move,endure,Endure,none,manual,manual_text,False,core,396
move,energy-ball,Energy Ball,none,manual,manual_text,False,core,380
move,energy-blast,Energy Blast,none,manual,manual_text,False,got,44
move,energy-sphere,Energy Sphere,none,manual,manual_text,False,got,44
move,energy-vortex,Energy Vortex,none,manual,manual_text,False,got,45
move,enervation,Enervation,none,manual,hybrid,False,edit,55
move,entrainment,Entrainment,none,manual,manual_text,False,core,396
move,eruption,Eruption,none,manual,manual_text,False,core,369
move,eternabeam,Eternabeam,none,none,metadata_only,False,new,6
move,explosion,Explosion,none,manual,manual_text,False,core,396
move,extrasensory,Extrasensory,none,manual,manual_text,False,core,419
move,extreme-speed,Extreme Speed,none,full,manual_text,False,core,396
move,fairy-lock,Fairy Lock,none,partial,hybrid,False,core,360
move,fairy-wind,Fairy Wind,none,full,manual_text,False,core,361
move,fake-out,Fake Out,none,manual,manual_text,False,core,396
move,fake-tears,Fake Tears,none,full,machine_ready,False,core,351
move,false-surrender,False Surrender,none,manual,manual_text,False,new,5
move,false-swipe,False Swipe,none,manual,manual_text,False,core,396
move,facade,Façade,none,manual,manual_text,False,core,396
move,feather-dance,Feather Dance,none,manual,manual_text,False,core,374
move,feint,Feint,none,manual,manual_text,False,core,396
move,feint-attack,Feint Attack,none,manual,manual_text,False,core,351
move,fell-stinger,Fell Stinger,none,manual,manual_text,False,sumo,7
move,fiery-dance,Fiery Dance,none,manual,hybrid,False,core,369
move,final-gambit,Final Gambit,none,manual,manual_text,False,core,364
move,fire-blast,Fire Blast,none,manual,manual_text,False,core,369
move,fire-fang,Fire Fang,none,partial,hybrid,False,core,370
move,fire-lash,Fire Lash,none,full,machine_ready,False,sumo,13
move,fire-pledge,Fire Pledge,none,manual,manual_text,False,core,370
move,fire-punch,Fire Punch,none,manual,manual_text,False,core,370
move,fire-spin,Fire Spin,none,manual,manual_text,False,core,370
move,first-impression,First Impression,none,manual,manual_text,False,sumo,7
move,fishious-rend,Fishious Rend,none,manual,manual_text,False,new,16
move,fissure,Fissure,none,manual,manual_text,False,core,386
move,flail,Flail,none,manual,manual_text,False,core,397
move,flame-burst,Flame Burst,none,manual,manual_text,False,core,370
move,flame-charge,Flame Charge,none,full,machine_ready,False,core,370
move,flame-wheel,Flame Wheel,none,manual,manual_text,False,core,370
move,flamethrower,Flamethrower,none,manual,manual_text,False,core,371
move,flare-blitz,Flare Blitz,none,manual,manual_text,False,core,371
move,flash,Flash,none,manual,manual_text,False,core,397
move,flash-cannon,Flash Cannon,none,full,machine_ready,False,core,429
move,flatter,Flatter,none,partial,hybrid,False,core,351
move,fleur-cannon,Fleur Cannon,none,full,machine_ready,False,sumo,11
move,fling,Fling,none,manual,manual_text,False,core,351
move,floral-healing,Floral Healing,none,manual,manual_text,False,sumo,11
move,flower-shield,Flower Shield,none,manual,manual_text,False,core,361
move,fly,Fly,none,manual,manual_text,False,core,374
move,flying-press,Flying Press,none,manual,manual_text,False,sumo,12
move,focus-blast,Focus Blast,none,full,machine_ready,False,core,365
move,focus-energy,Focus Energy,none,manual,manual_text,False,core,397
move,focus-punch,Focus Punch,none,manual,manual_text,False,core,365
move,follow-me,Follow Me,none,manual,manual_text,False,core,397
move,force-palm,Force Palm,none,manual,manual_text,False,core,365
move,foresight,Foresight,none,manual,manual_text,False,core,397
move,forests-curse,Forest's Curse,none,manual,manual_text,False,core,380
move,foul-play,Foul Play,none,manual,manual_text,False,core,351
move,freeze-shock,Freeze Shock,none,manual,manual_text,False,core,388
move,freeze-dry,Freeze-Dry,none,manual,manual_text,False,core,388
move,frenzy-plant,Frenzy Plant,none,full,manual_text,False,core,380
move,frost-breath,Frost Breath,none,manual,manual_text,False,core,388
move,frustration,Frustration,none,manual,manual_text,False,core,397
move,furious-strikes,Furious Strikes,none,manual,manual_text,False,core,290
move,fury-attack,Fury Attack,none,full,manual_text,False,core,397
move,fury-cutter,Fury Cutter,none,manual,manual_text,False,core,346
move,fury-swipes,Fury Swipes,none,full,manual_text,False,core,397
move,fusion-bolt,Fusion Bolt,none,manual,manual_text,False,core,357
move,fusion-flare,Fusion Flare,none,manual,manual_text,False,core,371
move,future-sight,Future Sight,none,manual,manual_text,False,core,419
move,gastro-acid,Gastro Acid,none,manual,hybrid,False,core,415
move,gear-grind,Gear Grind,none,full,manual_text,False,core,429
move,gear-up,Gear Up,none,manual,manual_text,False,new,15
move,geomancy,Geomancy,none,manual,manual_text,False,core,361
move,giga-drain,Giga Drain,none,manual,manual_text,False,core,381
move,giga-impact,Giga Impact,none,full,manual_text,False,core,398
move,glaciate,Glaciate,none,manual,manual_text,False,core,389
move,glare,Glare,none,manual,manual_text,False,core,398
move,glitterdust,Glitterdust,none,partial,hybrid,False,edit,56
move,gouge,Gouge,none,manual,manual_text,False,core,290
move,grass-knot,Grass Knot,none,manual,manual_text,False,core,381
move,grass-pledge,Grass Pledge,none,manual,manual_text,False,core,381
move,grass-whistle,Grass Whistle,none,manual,manual_text,False,core,381
move,grassy-terrain,Grassy Terrain,none,manual,hybrid,False,core,381
move,grav-apple,Grav Apple,none,full,machine_ready,False,new,11
move,gravity,Gravity,none,manual,manual_text,False,core,419
move,growl,Growl,none,manual,manual_text,False,core,398
move,growth,Growth,none,partial,hybrid,False,core,398
move,grudge,Grudge,none,partial,hybrid,False,core,377
move,guard-split,Guard Split,none,manual,manual_text,False,core,419
move,guard-swap,Guard Swap,none,manual,manual_text,False,core,419
move,guillotine,Guillotine,none,manual,manual_text,False,core,398
move,gunk-shot,Gunk Shot,none,manual,manual_text,False,core,415
move,gust,Gust,none,manual,manual_text,False,core,374
move,gyro-ball,Gyro Ball,none,manual,manual_text,False,core,429
move,hail,Hail,none,manual,manual_text,False,core,389
move,hammer-arm,Hammer Arm,none,manual,manual_text,False,core,365
move,harden,Harden,none,full,machine_ready,False,core,398
move,haze,Haze,none,manual,manual_text,False,core,389
move,head-charge,Head Charge,none,manual,manual_text,False,core,398
move,head-smash,Head Smash,none,manual,manual_text,False,core,426
move,headbutt,Headbutt,none,manual,manual_text,False,core,398
move,heal-bell,Heal Bell,none,manual,manual_text,False,core,399
move,heal-block,Heal Block,none,manual,manual_text,False,core,420
move,heal-order,Heal Order,none,manual,manual_text,False,core,346
move,heal-pulse,Heal Pulse,none,manual,manual_text,False,core,420
move,healing-wish,Healing Wish,none,manual,manual_text,False,core,420
move,heart-stamp,Heart Stamp,none,manual,manual_text,False,core,420
move,heart-swap,Heart Swap,none,manual,manual_text,False,core,420
move,heat-crash,Heat Crash,none,manual,manual_text,False,core,371
move,heat-wave,Heat Wave,none,manual,manual_text,False,core,371
move,heavy-slam,Heavy Slam,none,manual,manual_text,False,core,429
move,helping-hand,Helping Hand,none,manual,manual_text,False,core,399
move,hex,Hex,none,manual,manual_text,False,core,377
move,hidden-power,Hidden Power,none,manual,manual_text,False,core,399
move,high-horsepower,High Horsepower,none,manual,manual_text,False,sumo,17
move,high-jump-kick,High Jump Kick,none,manual,manual_text,False,core,365
move,hold-hands,Hold Hands,none,manual,manual_text,False,sep2015,4
move,hone-claws,Hone Claws,none,manual,manual_text,False,core,351
move,horn-attack,Horn Attack,none,full,manual_text,False,core,399
move,horn-drill,Horn Drill,none,manual,manual_text,False,core,399
move,horn-leech,Horn Leech,none,manual,manual_text,False,core,381
move,howl,Howl,none,manual,manual_text,False,new,12
move,hurricane,Hurricane,none,manual,manual_text,False,core,374
move,hydro-cannon,Hydro Cannon,none,full,manual_text,False,core,433
move,hydro-pump,Hydro Pump,none,manual,manual_text,False,core,433
move,hyper-beam,Hyper Beam,none,full,manual_text,False,core,400
move,hyper-fang,Hyper Fang,none,manual,manual_text,False,core,400
move,hyper-voice,Hyper Voice,none,manual,manual_text,False,core,400
move,hyperspace-fury,Hyperspace Fury,none,manual,manual_text,False,sumo,8
move,hyperspace-hole,Hyperspace Hole,none,manual,manual_text,False,sumo,21
move,hypnosis,Hypnosis,none,manual,manual_text,False,core,420
move,ice-ball,Ice Ball,none,manual,manual_text,False,core,389
move,ice-beam,Ice Beam,none,manual,manual_text,False,core,389
move,ice-burn,Ice Burn,none,manual,manual_text,False,core,389
move,ice-fang,Ice Fang,none,partial,hybrid,False,core,389
move,ice-hammer,Ice Hammer,none,full,machine_ready,False,sumo,18
move,ice-punch,Ice Punch,none,manual,manual_text,False,core,389
move,ice-shard,Ice Shard,none,full,manual_text,False,core,390
move,icicle-crash,Icicle Crash,none,manual,manual_text,False,core,390
move,icicle-spear,Icicle Spear,none,full,manual_text,False,core,390
move,icy-wind,Icy Wind,none,manual,manual_text,False,core,390
move,imprison,Imprison,none,manual,manual_text,False,core,420
move,incinerate,Incinerate,none,manual,manual_text,False,core,371
move,inferno,Inferno,none,manual,manual_text,False,core,371
move,infestation,Infestation,none,manual,manual_text,False,core,347
move,ingrain,Ingrain,none,manual,manual_text,False,core,381
move,instruct,Instruct,none,manual,manual_text,False,sumo,21
move,ion-deluge,Ion Deluge,none,manual,manual_text,False,core,357
move,iron-defense,Iron Defense,none,full,machine_ready,False,core,429
move,iron-head,Iron Head,none,manual,manual_text,False,core,430
move,iron-tail,Iron Tail,none,full,machine_ready,False,core,430
move,jaw-lock,Jaw Lock,none,manual,manual_text,False,new,5
move,judgment,Judgment,none,manual,manual_text,False,core,400
move,jump-kick,Jump Kick,none,manual,manual_text,False,core,365
move,karate-chop,Karate Chop,none,manual,manual_text,False,core,365
move,kinesis,Kinesis,none,manual,manual_text,False,core,421
move,kings-shield,King's Shield,none,manual,hybrid,False,core,430
move,knock-off,Knock Off,none,partial,hybrid,False,core,351
move,lands-wrath,Land's Wrath,none,manual,manual_text,False,core,386
move,laser-focus,Laser Focus,none,manual,manual_text,False,sumo,19
move,last-resort,Last Resort,none,manual,manual_text,False,core,400
move,lava-plume,Lava Plume,none,manual,manual_text,False,core,371
move,leaf-blade,Leaf Blade,none,manual,manual_text,False,core,382
move,leaf-storm,Leaf Storm,none,full,machine_ready,False,core,382
move,leaf-tornado,Leaf Tornado,none,manual,manual_text,False,core,382
move,leafage,Leafage,none,none,metadata_only,False,sumo,16
move,leech-life,Leech Life,none,manual,manual_text,False,sumo,7
move,leech-seed,Leech Seed,none,manual,manual_text,False,core,382
move,leer,Leer,none,manual,manual_text,False,core,400
move,lick,Lick,none,manual,manual_text,False,core,378
move,life-dew,Life Dew,none,manual,manual_text,False,new,16
move,light-of-ruin,Light of Ruin,none,full,manual_text,False,core,361
move,light-screen,Light Screen,none,manual,manual_text,False,core,421
move,liquidation,Liquidation,none,full,machine_ready,False,sumo,24
move,lock-on,Lock-On,none,manual,manual_text,False,core,400
move,lovely-kiss,Lovely Kiss,none,manual,manual_text,False,core,400
move,low-kick,Low Kick,none,manual,manual_text,False,core,366
move,low-sweep,Low Sweep,none,full,machine_ready,False,core,366
move,lucky-chant,Lucky Chant,none,manual,manual_text,False,core,401
move,lunar-dance,Lunar Dance,none,manual,manual_text,False,core,421
move,lunge,Lunge,none,manual,manual_text,False,sumo,7
move,luster-purge,Luster Purge,none,full,machine_ready,False,core,421
move,mach-punch,Mach Punch,none,full,manual_text,False,core,366
move,mage-armor,Mage Armor,none,partial,hybrid,True,edit,
move,magic-burst,Magic Burst,none,manual,manual_text,False,got,45
move,magic-coat,Magic Coat,none,manual,manual_text,False,core,421
move,magic-missile,Magic Missile,none,manual,manual_text,False,edit,55
move,magic-powder,Magic Powder,none,manual,manual_text,False,new,13
move,magic-room,Magic Room,none,manual,manual_text,False,core,421
move,magic-weapon,Magic Weapon,none,manual,manual_text,False,edit,54
move,magical-leaf,Magical Leaf,none,manual,manual_text,False,core,382
move,magma-storm,Magma Storm,none,manual,manual_text,False,core,372
move,magnet-bomb,Magnet Bomb,none,manual,manual_text,False,core,430
move,magnet-rise,Magnet Rise,none,partial,hybrid,False,core,357
move,magnetic-flux,Magnetic Flux,none,manual,manual_text,False,new,7
move,magnitude,Magnitude,none,manual,manual_text,False,core,386
move,mat-block,Mat Block,none,manual,manual_text,True,core,366
move,maul,Maul,none,full,machine_ready,False,core,290
move,me-first,Me First,none,manual,manual_text,False,core,401
move,mean-look,Mean Look,none,full,machine_ready,False,core,401
move,meditate,Meditate,none,full,machine_ready,False,core,421
move,mega-drain,Mega Drain,none,manual,manual_text,False,core,382
move,mega-kick,Mega Kick,none,manual,manual_text,False,core,401
move,mega-punch,Mega Punch,none,full,manual_text,False,core,401
move,megahorn,Megahorn,none,manual,manual_text,False,core,347
move,memento,Memento,none,manual,manual_text,False,core,351
move,merciful-smite,Merciful Smite,none,manual,manual_text,True,edit,
move,metal-burst,Metal Burst,none,manual,manual_text,False,core,430
move,metal-claw,Metal Claw,none,full,machine_ready,False,core,430
move,metal-sound,Metal Sound,none,manual,manual_text,False,core,430
move,meteor-assault,Meteor Assault,none,none,metadata_only,False,new,9
move,meteor-mash,Meteor Mash,none,full,machine_ready,False,core,430
move,metronome,Metronome,none,manual,manual_text,False,core,401
move,milk-drink,Milk Drink,none,manual,manual_text,False,core,401
move,mimic,Mimic,none,manual,manual_text,False,core,402
move,mind-blown,Mind Blown,none,manual,manual_text,False,sumo,13
move,mind-reader,Mind Reader,none,manual,manual_text,False,core,402
move,minimize,Minimize,none,manual,manual_text,False,core,402
move,miracle-eye,Miracle Eye,none,manual,manual_text,False,core,422
move,mirror-coat,Mirror Coat,none,manual,manual_text,False,core,422
move,mirror-move,Mirror Move,none,manual,manual_text,False,core,375
move,mirror-shot,Mirror Shot,none,manual,manual_text,False,core,431
move,mist,Mist,none,manual,manual_text,False,core,390
move,mist-ball,Mist Ball,none,full,machine_ready,False,core,422
move,misty-terrain,Misty Terrain,none,manual,manual_text,False,core,361
move,moonblast,Moonblast,none,full,machine_ready,False,core,361
move,moongeist-beam,Moongeist Beam,none,manual,manual_text,False,sumo,15
move,moonlight,Moonlight,none,manual,manual_text,False,core,361
move,morning-sun,Morning Sun,none,manual,manual_text,False,core,402
move,mud-bomb,Mud Bomb,none,manual,manual_text,False,core,386
move,mud-shot,Mud Shot,none,manual,manual_text,False,core,386
move,mud-sport,Mud Sport,none,manual,manual_text,False,core,386
move,mud-slap,Mud-Slap,none,manual,manual_text,False,core,386
move,muddy-water,Muddy Water,none,manual,manual_text,False,core,433
move,multi-attack,Multi-Attack,none,manual,manual_text,False,new,12
move,mystical-fire,Mystical Fire,none,full,machine_ready,False,core,372
move,nasty-plot,Nasty Plot,none,full,machine_ready,False,core,352
move,natural-gift,Natural Gift,none,manual,manual_text,False,core,402
move,nature-power,Nature Power,none,manual,manual_text,False,core,402
move,natures-madness,Nature's Madness,none,manual,manual_text,False,sumo,11
move,needle-arm,Needle Arm,none,manual,manual_text,False,core,382
move,night-daze,Night Daze,none,manual,manual_text,False,core,352
move,night-shade,Night Shade,none,manual,manual_text,False,core,378
move,night-slash,Night Slash,none,manual,manual_text,False,core,352
move,nightmare,Nightmare,none,partial,hybrid,False,core,378
move,no-retreat,No Retreat,none,manual,manual_text,False,new,9
move,noble-roar,Noble Roar,none,manual,manual_text,False,core,402
move,nuzzle,Nuzzle,none,manual,manual_text,False,core,357
move,oblivion-wing,Oblivion Wing,none,manual,manual_text,False,core,375
move,obstruct,Obstruct,none,manual,hybrid,False,new,5
move,octazooka,Octazooka,none,manual,manual_text,False,core,433
move,octolock,Octolock,none,manual,hybrid,False,new,9
move,odor-sleuth,Odor Sleuth,none,manual,manual_text,False,core,403
move,ominous-wind,Ominous Wind,none,manual,manual_text,False,core,378
move,origin-pulse,Origin Pulse,none,full,manual_text,False,core,433
move,outrage,Outrage,none,full,machine_ready,False,core,355
move,overdrive,Overdrive,none,none,metadata_only,False,new,7
move,overheat,Overheat,none,full,machine_ready,False,core,372
move,pain-split,Pain Split,none,manual,manual_text,False,core,403
move,parabolic-charge,Parabolic Charge,none,manual,manual_text,False,sumo,10
move,parting-shot,Parting Shot,none,manual,manual_text,False,core,352
move,pay-day,Pay Day,none,manual,manual_text,False,core,403
move,payback,Payback,none,manual,manual_text,False,core,352
move,peck,Peck,none,full,manual_text,False,core,375
move,perish-song,Perish Song,none,manual,manual_text,False,core,403
move,petal-blizzard,Petal Blizzard,none,manual,manual_text,False,core,382
move,petal-dance,Petal Dance,none,full,machine_ready,False,core,383
move,phalanx,Phalanx,none,manual,manual_text,False,got,34
move,phantom-force,Phantom Force,none,manual,manual_text,False,core,378
move,photon-geyser,Photon Geyser,none,manual,manual_text,False,sumo,21
move,pierce,Pierce!,none,manual,manual_text,False,core,289
move,pin-missile,Pin Missile,none,full,manual_text,False,core,347
move,plasma-fists,Plasma Fists,none,manual,manual_text,False,sumo,10
move,play-nice,Play Nice,none,full,machine_ready,False,core,403
move,play-rough,Play Rough,none,full,machine_ready,False,core,361
move,pluck,Pluck,none,manual,manual_text,False,core,375
move,poison-fang,Poison Fang,none,manual,manual_text,False,core,415
move,poison-gas,Poison Gas,none,manual,manual_text,False,core,415
move,poison-jab,Poison Jab,none,manual,manual_text,False,core,415
move,poison-powder,Poison Powder,none,full,machine_ready,False,core,415
move,poison-sting,Poison Sting,none,manual,manual_text,False,core,415
move,poison-tail,Poison Tail,none,manual,manual_text,False,core,415
move,pollen-puff,Pollen Puff,none,manual,manual_text,False,sumo,7
move,pound,Pound,none,full,manual_text,False,core,403
move,powder,Powder,none,manual,manual_text,False,core,347
move,powder-snow,Powder Snow,none,manual,manual_text,False,core,390
move,power-gem,Power Gem,none,full,manual_text,False,core,426
move,power-split,Power Split,none,manual,hybrid,False,core,422
move,power-swap,Power Swap,none,manual,manual_text,False,core,422
move,power-trick,Power Trick,none,manual,manual_text,False,core,422
move,power-trip,Power Trip,none,manual,manual_text,False,sumo,8
move,power-whip,Power Whip,none,full,manual_text,False,core,383
move,power-up-punch,Power-Up Punch,none,manual,hybrid,False,core,366
move,precipice-blades,Precipice Blades,none,manual,manual_text,False,core,387
move,present,Present,none,manual,manual_text,False,core,404
move,prismatic-laser,Prismatic Laser,none,none,metadata_only,False,sumo,21
move,protect,Protect,none,manual,manual_text,False,core,404
move,psybeam,Psybeam,none,manual,manual_text,False,core,422
move,psych-up,Psych Up,none,manual,manual_text,False,core,404
move,psychic,Psychic,none,partial,hybrid,False,core,423
move,psychic-fangs,Psychic Fangs,none,manual,manual_text,False,sumo,21
move,psychic-terrain,Psychic Terrain,none,manual,manual_text,False,sumo,21
move,psycho-boost,Psycho Boost,none,full,machine_ready,False,core,423
move,psycho-cut,Psycho Cut,none,manual,manual_text,False,core,423
move,psycho-shift,Psycho Shift,none,manual,manual_text,False,core,423
move,psyshock,Psyshock,none,manual,manual_text,False,core,423
move,psystrike,Psystrike,none,manual,manual_text,False,core,423
move,psywave,Psywave,none,manual,manual_text,False,core,423
move,punishment,Punishment,none,manual,manual_text,False,core,352
move,purify,Purify,none,manual,manual_text,False,sumo,20
move,pursuit,Pursuit,none,manual,manual_text,False,core,352
move,pyro-ball,Pyro Ball,none,full,machine_ready,False,new,10
move,quash,Quash,none,manual,manual_text,False,core,352
move,quick-attack,Quick Attack,none,manual,manual_text,False,core,404
move,quick-guard,Quick Guard,none,manual,manual_text,False,core,366
move,quiver-dance,Quiver Dance,none,manual,manual_text,False,core,347
move,rage,Rage,none,partial,hybrid,False,core,404
move,rage-powder,Rage Powder,none,partial,hybrid,False,core,347
move,rain-dance,Rain Dance,none,partial,hybrid,False,core,433
move,rapid-spin,Rapid Spin,none,manual,manual_text,False,new,12
move,razor-leaf,Razor Leaf,none,manual,manual_text,False,core,383
move,razor-shell,Razor Shell,none,full,machine_ready,False,core,434
move,razor-wind,Razor Wind,none,manual,manual_text,False,core,404
move,recover,Recover,none,manual,manual_text,False,core,405
move,recycle,Recycle,none,manual,manual_text,False,core,405
move,reflect,Reflect,none,manual,manual_text,False,core,424
move,reflect-type,Reflect Type,none,manual,manual_text,False,core,405
move,refresh,Refresh,none,manual,manual_text,False,core,405
move,relic-song,Relic Song,none,manual,manual_text,False,core,405
move,rending-spell,Rending Spell,none,manual,manual_text,False,got,44
move,resonance-beam,Resonance Beam,none,manual,manual_text,False,got,44
move,rest,Rest,none,manual,manual_text,False,core,424
move,retaliate,Retaliate,none,manual,manual_text,False,core,405
move,return,Return,none,manual,manual_text,False,core,405
move,revelation-dance,Revelation Dance,none,manual,manual_text,False,sumo,19
move,revenge,Revenge,none,manual,manual_text,False,core,366
move,reversal,Reversal,none,manual,manual_text,False,core,366
move,riposte,Riposte,none,manual,manual_text,False,core,290
move,roar,Roar,none,manual,manual_text,False,core,406
move,roar-of-time,Roar of Time,none,manual,manual_text,False,core,355
move,rock-blast,Rock Blast,none,full,manual_text,False,core,426
move,rock-climb,Rock Climb,none,manual,manual_text,False,core,406
move,rock-polish,Rock Polish,none,full,machine_ready,False,core,426
move,rock-slide,Rock Slide,none,manual,manual_text,False,core,426
move,rock-smash,Rock Smash,none,full,machine_ready,False,core,367
move,rock-throw,Rock Throw,none,full,manual_text,False,core,426
move,rock-tomb,Rock Tomb,none,manual,manual_text,False,core,427
move,rock-wrecker,Rock Wrecker,none,full,manual_text,False,core,427
move,role-play,Role Play,none,manual,manual_text,False,core,424
move,rolling-kick,Rolling Kick,none,manual,manual_text,False,core,367
move,rollout,Rollout,none,manual,manual_text,False,core,427
move,roost,Roost,none,manual,manual_text,False,core,375
move,rototiller,Rototiller,none,manual,manual_text,False,core,387
move,round,Round,none,manual,manual_text,False,core,406
move,sacred-fire,Sacred Fire,none,manual,manual_text,False,core,372
move,sacred-sword,Sacred Sword,none,manual,manual_text,False,core,367
move,safeguard,Safeguard,none,manual,manual_text,False,core,406
move,salvo,Salvo,none,full,manual_text,False,core,289
move,sand-attack,Sand Attack,none,full,machine_ready,False,core,387
move,sand-tomb,Sand Tomb,none,manual,manual_text,False,core,387
move,sandstorm,Sandstorm,none,manual,manual_text,False,core,427
move,scald,Scald,none,manual,manual_text,False,core,434
move,scary-face,Scary Face,none,full,machine_ready,False,core,406
move,scratch,Scratch,none,full,manual_text,False,core,406
move,screech,Screech,none,manual,manual_text,False,core,406
move,searing-shot,Searing Shot,none,manual,manual_text,False,core,372
move,secret-force,Secret Force,none,manual,manual_text,False,got,45
move,secret-power,Secret Power,none,manual,manual_text,False,core,407
move,secret-sword,Secret Sword,none,manual,manual_text,False,core,367
move,seed-bomb,Seed Bomb,none,full,manual_text,False,core,383
move,seed-flare,Seed Flare,none,manual,manual_text,False,core,383
move,seismic-toss,Seismic Toss,none,manual,manual_text,False,core,367
move,self-destruct,Self-Destruct,none,manual,manual_text,False,core,407
move,shadow-ball,Shadow Ball,none,manual,manual_text,False,core,378
move,shadow-bone,Shadow Bone,none,full,machine_ready,False,sumo,15
move,shadow-claw,Shadow Claw,none,manual,manual_text,False,core,378
move,shadow-force,Shadow Force,none,manual,manual_text,False,core,379
move,shadow-punch,Shadow Punch,none,manual,manual_text,False,core,379
move,shadow-sneak,Shadow Sneak,none,manual,manual_text,False,core,379
move,sharpen,Sharpen,none,full,machine_ready,False,core,407
move,sheer-cold,Sheer Cold,none,manual,manual_text,False,core,390
move,shell-smash,Shell Smash,none,full,machine_ready,False,core,407
move,shell-trap,Shell Trap,none,manual,manual_text,False,sumo,13
move,shift-gear,Shift Gear,none,full,machine_ready,False,core,431
move,shock-wave,Shock Wave,none,manual,manual_text,False,core,358
move,shore-up,Shore Up,none,manual,manual_text,False,sumo,17
move,signal-beam,Signal Beam,none,manual,manual_text,False,core,348
move,silver-wind,Silver Wind,none,manual,manual_text,False,core,348
move,simple-beam,Simple Beam,none,partial,hybrid,False,core,407
move,sing,Sing,none,manual,manual_text,False,core,407
move,sketch,Sketch,none,manual,manual_text,False,core,407
move,skill-swap,Skill Swap,none,manual,manual_text,False,core,424
move,skull-bash,Skull Bash,none,manual,manual_text,False,core,407
move,sky-attack,Sky Attack,none,manual,manual_text,False,core,375
move,sky-drop,Sky Drop,none,manual,manual_text,False,core,375
move,sky-uppercut,Sky Uppercut,none,manual,manual_text,False,core,367
move,slack-off,Slack Off,none,manual,manual_text,False,core,408
move,slam,Slam,none,manual,manual_text,False,core,408
move,slash,Slash,none,manual,manual_text,False,core,408
move,sleep-powder,Sleep Powder,none,manual,manual_text,False,core,383
move,sleep-talk,Sleep Talk,none,manual,manual_text,False,core,408
move,slice,Slice,none,manual,manual_text,False,core,290
move,sludge,Sludge,none,manual,manual_text,False,core,416
move,sludge-bomb,Sludge Bomb,none,manual,manual_text,False,core,416
move,sludge-wave,Sludge Wave,none,manual,manual_text,False,core,416
move,smack-down,Smack Down,none,manual,manual_text,False,core,427
move,smart-strike,Smart Strike,none,manual,manual_text,False,sumo,23
move,smelling-salts,Smelling Salts,none,manual,hybrid,False,core,408
move,smog,Smog,none,manual,manual_text,False,core,416
move,smokescreen,Smokescreen,none,manual,manual_text,False,core,408
move,snap-trap,Snap Trap,none,partial,hybrid,False,new,11
move,snarl,Snarl,none,manual,manual_text,False,core,353
move,snatch,Snatch,none,manual,manual_text,False,core,353
move,snipe-shot,Snipe Shot,none,manual,manual_text,False,new,16
move,snore,Snore,none,manual,manual_text,False,core,408
move,soak,Soak,none,manual,manual_text,False,core,434
move,soft-boiled,Soft-Boiled,none,manual,manual_text,False,core,408
move,solar-beam,Solar Beam,none,manual,manual_text,False,core,383
move,solar-blade,Solar Blade,none,manual,manual_text,False,sumo,16
move,sonic-boom,Sonic Boom,none,manual,manual_text,False,core,409
move,spacial-rend,Spacial Rend,none,manual,manual_text,False,core,355
move,spark,Spark,none,manual,manual_text,False,core,358
move,sparkling-aria,Sparkling Aria,none,manual,manual_text,False,sumo,24
move,spectral-thief,Spectral Thief,none,manual,manual_text,False,sumo,15
move,speed-swap,Speed Swap,none,manual,manual_text,False,sumo,21
move,spider-web,Spider Web,none,partial,hybrid,False,core,348
move,spike-cannon,Spike Cannon,none,full,manual_text,False,core,409
move,spikes,Spikes,none,manual,manual_text,False,core,387
move,spiky-shield,Spiky Shield,none,manual,manual_text,False,core,384
move,spirit-break,Spirit Break,none,manual,manual_text,False,new,8
move,spirit-lance,Spirit Lance,none,manual,manual_text,False,got,45
move,spirit-shackle,Spirit Shackle,none,full,machine_ready,False,sumo,15
move,spit-up,Spit Up,none,manual,manual_text,False,core,409
move,spite,Spite,none,manual,manual_text,False,core,379
move,splash,Splash,none,manual,manual_text,False,core,409
move,spore,Spore,none,manual,manual_text,False,core,384
move,spotlight,Spotlight,none,full,machine_ready,False,sumo,19
move,stealth-rock,Stealth Rock,none,manual,manual_text,False,core,427
move,steam-eruption,Steam Eruption,none,manual,hybrid,True,edit,
move,steamroller,Steamroller,none,manual,manual_text,False,core,348
move,steel-beam,Steel Beam,none,manual,manual_text,False,new,15
move,steel-wing,Steel Wing,none,full,machine_ready,False,core,431
move,sticky-web,Sticky Web,none,manual,manual_text,False,core,348
move,stockpile,Stockpile,none,manual,hybrid,False,core,409
move,stomp,Stomp,none,manual,manual_text,False,core,409
move,stomping-tantrum,Stomping Tantrum,none,manual,manual_text,False,sumo,17
move,stone-edge,Stone Edge,none,manual,manual_text,False,core,428
move,stored-power,Stored Power,none,manual,manual_text,False,core,424
move,storm-throw,Storm Throw,none,manual,manual_text,False,core,367
move,strange-steam,Strange Steam,none,full,machine_ready,False,new,8
move,strength,Strength,none,manual,manual_text,False,core,409
move,strength-sap,Strength Sap,none,manual,manual_text,False,sumo,16
move,string-shot,String Shot,none,manual,manual_text,False,core,348
move,struggle-bug,Struggle Bug,none,manual,manual_text,False,core,348
move,stuff-cheeks,Stuff Cheeks,none,manual,manual_text,False,new,12
move,stun-spore,Stun Spore,none,full,machine_ready,False,core,384
move,submission,Submission,none,manual,manual_text,False,core,367
move,substitute,Substitute,none,manual,manual_text,False,core,410
move,sucker-punch,Sucker Punch,none,manual,manual_text,False,sumo,8
move,sunny-day,Sunny Day,none,partial,hybrid,False,core,372
move,sunsteel-strike,Sunsteel Strike,none,manual,manual_text,False,sumo,23
move,super-fang,Super Fang,none,manual,manual_text,False,core,410
move,superpower,Superpower,none,manual,manual_text,False,core,368
move,supersonic,Supersonic,none,partial,hybrid,False,core,410
move,surf,Surf,none,manual,manual_text,False,core,434
move,swagger,Swagger,none,partial,hybrid,False,sumo,19
move,swallow,Swallow,none,manual,manual_text,False,core,410
move,sweeping-strike,Sweeping Strike,none,manual,manual_text,False,core,291
move,sweet-kiss,Sweet Kiss,none,partial,hybrid,False,core,362
move,sweet-scent,Sweet Scent,none,manual,manual_text,False,core,410
move,swift,Swift,none,manual,manual_text,False,core,410
move,switcheroo,Switcheroo,none,manual,manual_text,False,core,353
move,swords-dance,Swords Dance,none,full,machine_ready,False,core,411
move,synchronoise,Synchronoise,none,manual,manual_text,False,core,424
move,synthesis,Synthesis,none,manual,manual_text,False,core,384
move,tackle,Tackle,none,manual,manual_text,False,sumo,19
move,tail-glow,Tail Glow,none,full,machine_ready,False,core,349
move,tail-slap,Tail Slap,none,full,manual_text,False,core,411
move,tail-whip,Tail Whip,none,manual,manual_text,False,core,411
move,tailwind,Tailwind,none,manual,manual_text,True,core,376
move,take-aim,Take Aim,none,manual,manual_text,False,core,289
move,take-down,Take Down,none,manual,manual_text,False,core,411
move,tar-shot,Tar Shot,none,partial,hybrid,False,new,14
move,taunt,Taunt,none,full,machine_ready,False,core,353
move,tearful-look,Tearful Look,none,manual,manual_text,False,sumo,19
move,teatime,Teatime,none,manual,manual_text,False,new,12
move,techno-blast,Techno Blast,none,manual,manual_text,False,core,411
move,teeter-dance,Teeter Dance,none,manual,manual_text,False,core,411
move,telekinesis,Telekinesis,none,manual,manual_text,False,core,425
move,teleport,Teleport,none,manual,manual_text,False,core,425
move,thief,Thief,none,manual,manual_text,False,core,353
move,thousand-arrows,Thousand Arrows,none,manual,manual_text,False,sumo,17
move,thousand-waves,Thousand Waves,none,full,machine_ready,False,sumo,17
move,thrash,Thrash,none,full,machine_ready,False,core,411
move,throat-chop,Throat Chop,none,manual,manual_text,False,sumo,8
move,thunder,Thunder,none,manual,manual_text,False,core,358
move,thunder-fang,Thunder Fang,none,partial,hybrid,False,core,358
move,thunder-punch,Thunder Punch,none,manual,manual_text,False,core,358
move,thunder-shock,Thunder Shock,none,manual,manual_text,False,core,358
move,thunder-wave,Thunder Wave,none,manual,manual_text,False,sumo,10
move,thunderbolt,Thunderbolt,none,manual,manual_text,False,core,358
move,tickle,Tickle,none,full,machine_ready,False,core,412
move,titanic-slam,Titanic Slam,none,manual,manual_text,False,core,291
move,topsy-turvy,Topsy-Turvy,none,manual,manual_text,False,core,353
move,torment,Torment,none,full,machine_ready,False,core,353
move,touch-of-fatigue,Touch of Fatigue,none,manual,manual_text,False,edit,54
move,toxic,Toxic,none,partial,hybrid,False,core,416
move,toxic-spikes,Toxic Spikes,none,manual,hybrid,False,core,416
move,toxic-thread,Toxic Thread,none,partial,hybrid,False,sumo,20
move,transform,Transform,none,manual,manual_text,False,core,412
move,tri-attack,Tri Attack,none,manual,hybrid,False,core,412
move,trick,Trick,none,manual,manual_text,False,core,425
move,trick-room,Trick Room,none,manual,manual_text,False,core,425
move,trick-or-treat,Trick-or-Treat,none,manual,manual_text,False,core,379
move,triple-kick,Triple Kick,none,manual,manual_text,False,core,368
move,triple-threat,Triple Threat,none,full,manual_text,False,core,291
move,trop-kick,Trop Kick,none,manual,manual_text,False,sumo,16
move,trump-card,Trump Card,none,manual,manual_text,False,core,412
move,twineedle,Twineedle,none,manual,manual_text,False,core,349
move,twister,Twister,none,manual,manual_text,False,core,355
move,u-turn,U-Turn,none,manual,manual_text,False,core,349
move,uproar,Uproar,none,manual,manual_text,False,core,412
move,v-create,V-Create,none,manual,manual_text,False,core,372
move,vacuum-wave,Vacuum Wave,none,full,manual_text,False,core,368
move,venom-drench,Venom Drench,none,manual,manual_text,False,core,416
move,venoshock,Venoshock,none,manual,hybrid,False,core,417
move,vice-grip,Vice Grip,none,full,manual_text,False,core,412
move,vine-whip,Vine Whip,none,full,manual_text,False,core,384
move,vital-throw,Vital Throw,none,manual,manual_text,False,core,368
move,volt-switch,Volt Switch,none,manual,manual_text,False,core,359
move,volt-tackle,Volt Tackle,none,manual,manual_text,False,core,359
move,wake-up-slap,Wake-Up Slap,none,manual,hybrid,False,core,368
move,water-gun,Water Gun,none,full,manual_text,False,core,434
move,water-pledge,Water Pledge,none,manual,manual_text,False,core,434
move,water-pulse,Water Pulse,none,manual,manual_text,False,core,434
move,water-shuriken,Water Shuriken,none,none,metadata_only,False,sumo,24
move,water-sport,Water Sport,none,manual,manual_text,False,core,435
move,water-spout,Water Spout,none,manual,manual_text,False,core,435
move,waterfall,Waterfall,none,manual,manual_text,False,core,435
move,wear-down,Wear Down,none,full,machine_ready,False,core,289
move,weather-ball,Weather Ball,none,manual,manual_text,False,core,413
move,whirlpool,Whirlpool,none,manual,manual_text,False,core,435
move,whirlwind,Whirlwind,none,manual,manual_text,False,core,413
move,wide-guard,Wide Guard,none,manual,manual_text,False,core,428
move,wild-charge,Wild Charge,none,manual,manual_text,False,core,359
move,will-o-wisp,Will-O-Wisp,none,full,machine_ready,False,core,372
move,wing-attack,Wing Attack,none,manual,manual_text,False,core,376
move,wish,Wish,none,manual,manual_text,False,core,413
move,withdraw,Withdraw,none,full,machine_ready,False,sep2015,4
move,wonder-room,Wonder Room,none,manual,manual_text,False,core,425
move,wood-hammer,Wood Hammer,none,full,manual_text,False,core,384
move,work-up,Work Up,none,full,machine_ready,False,core,413
move,worry-seed,Worry Seed,none,partial,hybrid,False,core,384
move,wounding-strike,Wounding Strike,none,manual,manual_text,False,core,289
move,wrap,Wrap,none,manual,hybrid,True,core,413
move,wring-out,Wring Out,none,manual,manual_text,False,core,413
move,x-scissor,X-Scissor,none,full,manual_text,False,core,349
move,yawn,Yawn,none,manual,manual_text,False,core,413
move,zap-cannon,Zap Cannon,none,manual,manual_text,False,core,359
move,zen-headbutt,Zen Headbutt,none,manual,manual_text,False,core,425
move,zing-zap,Zing Zap,none,manual,manual_text,False,sumo,10
